pf,winrate,max_dd,max_dd_pct,total_pnl,avg_holding_seconds,trade_count,max_consecutive_losses,max_consecutive_wins,expectancy,payoff_ratio,strategy_name,symbol,timeframe,rsi_period,oversold,overbought,tp_pips,sl_pips,has_breakeven,max_bars,has_lowvol,session,tp_display,sl_display,threshold,avg_hold_min,pnl_tokyo,trades_tokyo,pnl_london,trades_london,pnl_newyork,trades_newyork
0.7393,44.67,13.2,0.01,-12.72,66.0,1641,11,10,-0.0078,0.9158,rsi_reversal_03998f1f,EURJPY,M1,5,30,70,0.1,0.05,False,15,True,london,10p,5p,30/70,1.1,-1.11,329,-11.61,1312,0.0,0
0.777,46.59,36.51,0.04,-35.84,83.0,4797,12,9,-0.0075,0.8907,rsi_reversal_5ed44612,EURJPY,M1,5,40,60,0.1,0.1,False,0,False,london,10p,10p,40/60,1.4,-8.48,1074,-27.37,3723,0.0,0
0.7034,45.67,26.31,0.03,-26.02,65.2,2866,19,11,-0.0091,0.8366,rsi_reversal_5378cdea,EURJPY,M1,5,40,60,0.07,0.07,True,15,True,newyork,7p,7p,40/60,1.1,0.0,0,-8.26,966,-17.76,1900
0.7544,43.8,8.52,0.01,-8.34,65.0,1146,9,7,-0.0073,0.9678,rsi_reversal_015659fd,EURJPY,M1,7,30,70,0.1,0.05,True,15,True,london,10p,5p,30/70,1.1,0.15,232,-8.49,914,0.0,0
0.6467,43.36,18.15,0.02,-18.0,61.0,1656,14,6,-0.0109,0.8448,rsi_reversal_26c2a1e5,EURJPY,M1,5,30,70,0.05,0.05,True,0,True,newyork,5p,5p,30/70,1.0,0.0,0,-7.91,555,-10.09,1101
0.7707,45.81,14.34,0.01,-14.02,62.2,2185,13,7,-0.0064,0.9116,rsi_reversal_5cfb03a6,EURJPY,M1,7,30,70,0.07,0.05,False,15,False,london,7p,5p,30/70,1.0,-1.08,482,-12.94,1703,0.0,0
0.7339,43.95,22.21,0.02,-21.88,66.7,2678,12,10,-0.0082,0.9359,rsi_reversal_0117f4e3,EURJPY,M1,6,40,60,0.1,0.05,False,30,True,newyork,10p,5p,40/60,1.1,0.0,0,-5.68,896,-16.19,1782
0.7685,45.3,32.88,0.03,-32.41,70.7,4583,12,11,-0.0071,0.928,rsi_reversal_e0f35226,EURJPY,M1,7,40,60,0.1,0.07,True,0,False,london,10p,7p,40/60,1.2,-5.74,1000,-26.67,3583,0.0,0
0.7249,46.86,18.68,0.02,-18.61,71.3,2153,12,12,-0.0086,0.8219,rsi_reversal_db71e1e3,EURJPY,M1,7,30,70,0.07,0.1,False,15,False,newyork,7p,10p,30/70,1.2,0.0,0,-7.14,723,-11.47,1430
0.7366,44.5,20.34,0.02,-19.94,66.4,2564,14,9,-0.0078,0.9186,rsi_reversal_494958dc,EURJPY,M1,6,30,70,0.1,0.05,False,15,False,london,10p,5p,30/70,1.1,-2.69,556,-17.25,2008,0.0,0
0.7751,48.48,12.45,0.01,-11.99,70.7,1747,11,12,-0.0069,0.8236,rsi_reversal_4f83959c,EURJPY,M1,7,35,65,0.07,0.1,True,15,True,london,7p,10p,35/65,1.2,-2.55,354,-9.43,1393,0.0,0
0.7514,47.29,37.05,0.04,-36.59,66.7,4967,10,12,-0.0074,0.8375,rsi_reversal_50e24eec,EURJPY,M1,6,40,60,0.05,0.1,False,30,False,london,5p,10p,40/60,1.1,-7.67,1098,-28.92,3869,0.0,0
0.7512,46.72,27.88,0.03,-27.26,66.4,3714,10,9,-0.0073,0.8569,rsi_reversal_284f503b,EURJPY,M1,6,35,65,0.05,0.1,True,30,False,london,5p,10p,35/65,1.1,-4.06,808,-23.2,2906,0.0,0
0.6992,44.81,18.46,0.02,-18.28,62.7,2033,11,8,-0.009,0.8612,rsi_reversal_7d07a384,EURJPY,M1,6,35,65,0.05,0.07,False,30,True,newyork,5p,7p,35/65,1.0,0.0,0,-8.47,689,-9.8,1344
0.6931,44.85,12.98,0.01,-12.58,62.5,1358,10,6,-0.0093,0.8524,rsi_reversal_e18d3b31,EURJPY,M1,6,30,70,0.07,0.05,True,15,True,london,7p,5p,30/70,1.0,-2.14,261,-10.45,1097,0.0,0
0.7232,44.54,22.95,0.02,-22.64,61.3,2773,13,11,-0.0082,0.9006,rsi_reversal_216ae107,EURJPY,M1,6,40,60,0.05,0.05,False,15,True,newyork,5p,5p,40/60,1.0,0.0,0,-7.55,925,-15.09,1848
0.7033,45.26,24.88,0.02,-24.47,62.9,2733,14,10,-0.009,0.8505,rsi_reversal_352fb4b6,EURJPY,M1,6,40,60,0.05,0.07,True,30,True,newyork,5p,7p,40/60,1.0,0.0,0,-8.67,916,-15.79,1817
0.7493,44.83,38.22,0.04,-37.7,70.8,4861,12,11,-0.0078,0.9223,rsi_reversal_cfa9e126,EURJPY,M1,6,40,60,0.1,0.07,True,0,False,london,10p,7p,40/60,1.2,-6.91,1073,-30.79,3788,0.0,0
0.6986,43.36,26.83,0.03,-26.46,66.0,2862,10,8,-0.0092,0.9126,rsi_reversal_c9ea61fa,EURJPY,M1,5,40,60,0.1,0.05,True,15,True,newyork,10p,5p,40/60,1.1,0.0,0,-6.25,931,-20.21,1931
0.7032,42.92,16.07,0.02,-15.67,61.0,1829,9,10,-0.0086,0.9352,rsi_reversal_b681ab4c,EURJPY,M1,7,35,65,0.05,0.05,False,15,True,london,5p,5p,35/65,1.0,-1.1,371,-14.56,1458,0.0,0
0.722,45.97,24.1,0.02,-23.46,61.2,2913,13,12,-0.0081,0.8488,rsi_reversal_716cf7f9,EURJPY,M1,5,40,60,0.05,0.05,False,15,True,newyork,5p,5p,40/60,1.0,0.0,0,-7.68,964,-15.78,1949
0.7305,43.62,14.62,0.01,-14.35,66.3,1772,14,9,-0.0081,0.944,rsi_reversal_86bfe25c,EURJPY,M1,7,35,65,0.1,0.05,False,30,True,newyork,10p,5p,35/65,1.1,0.0,0,-5.5,604,-8.85,1168
0.6928,44.49,25.87,0.03,-25.37,62.9,2729,14,10,-0.0093,0.8645,rsi_reversal_2ad3954d,EURJPY,M1,6,40,60,0.07,0.05,False,0,True,newyork,7p,5p,40/60,1.0,0.0,0,-8.75,916,-16.61,1813
0.756,44.74,15.38,0.02,-14.8,70.5,1967,11,11,-0.0075,0.9338,rsi_reversal_850e9e77,EURJPY,M1,6,35,65,0.1,0.07,True,15,True,london,10p,7p,35/65,1.2,-1.06,400,-13.74,1567,0.0,0
0.7112,47.35,12.44,0.01,-11.9,65.7,1356,9,10,-0.0088,0.791,rsi_reversal_0f913517,EURJPY,M1,6,30,70,0.05,0.1,True,30,True,london,5p,10p,30/70,1.1,-1.88,269,-10.02,1087,0.0,0
0.7357,44.09,43.79,0.04,-42.71,71.0,5153,13,11,-0.0083,0.9329,rsi_reversal_28d095db,EURJPY,M1,5,40,60,0.1,0.07,True,15,False,newyork,10p,7p,40/60,1.2,0.0,0,-12.99,1731,-29.72,3422
0.768,46.26,12.97,0.01,-12.44,70.4,1766,9,12,-0.007,0.8921,rsi_reversal_556f70a3,EURJPY,M1,7,35,65,0.1,0.07,True,30,True,london,10p,7p,35/65,1.2,-2.34,357,-10.1,1409,0.0,0
0.7553,43.78,16.98,0.02,-16.15,67.1,2195,11,10,-0.0074,0.9698,rsi_reversal_7ea2e79b,EURJPY,M1,5,35,65,0.1,0.05,False,0,True,london,10p,5p,35/65,1.1,-2.09,434,-14.06,1761,0.0,0
0.7031,46.81,12.85,0.01,-12.85,70.3,1348,7,7,-0.0095,0.7989,rsi_reversal_1180a1ef,EURJPY,M1,6,30,70,0.07,0.1,True,0,True,newyork,7p,10p,30/70,1.2,0.0,0,-6.34,459,-6.51,889
0.7626,47.81,12.7,0.01,-12.08,81.4,1527,8,11,-0.0079,0.8326,rsi_reversal_1bb49f1a,EURJPY,M1,5,30,70,0.1,0.1,True,0,True,london,10p,10p,30/70,1.4,-1.04,313,-11.04,1214,0.0,0
0.7331,45.83,21.9,0.02,-21.1,61.3,2725,12,9,-0.0077,0.8664,rsi_reversal_d7afd83c,EURJPY,M1,6,40,60,0.05,0.05,False,15,True,newyork,5p,5p,40/60,1.0,0.0,0,-7.12,907,-13.98,1818
0.7585,45.72,33.45,0.03,-32.99,61.3,4853,11,10,-0.0068,0.9004,rsi_reversal_b8b53191,EURJPY,M1,7,40,60,0.05,0.05,True,15,False,london,5p,5p,40/60,1.0,-5.45,1055,-27.54,3798,0.0,0
0.7408,43.7,14.6,0.01,-14.07,71.0,1753,11,10,-0.008,0.9545,rsi_reversal_26040d1a,EURJPY,M1,7,35,65,0.1,0.07,False,0,True,london,10p,7p,35/65,1.2,-1.14,353,-12.93,1400,0.0,0
0.7199,44.95,18.73,0.02,-18.68,64.8,2236,12,9,-0.0084,0.8818,rsi_reversal_3c5b5ace,EURJPY,M1,7,30,70,0.07,0.07,True,30,False,newyork,7p,7p,30/70,1.1,0.0,0,-6.71,753,-11.97,1483
0.7701,47.81,29.01,0.03,-28.66,71.4,4070,11,10,-0.007,0.8405,rsi_reversal_cc7f2491,EURJPY,M1,5,35,65,0.07,0.1,False,0,False,london,7p,10p,35/65,1.2,-7.63,884,-21.04,3186,0.0,0
0.6661,45.39,17.29,0.02,-17.0,65.8,1615,7,8,-0.0105,0.8015,rsi_reversal_518aca97,EURJPY,M1,5,30,70,0.05,0.1,False,30,True,newyork,5p,10p,30/70,1.1,0.0,0,-7.43,540,-9.57,1075
0.7231,45.8,22.82,0.02,-22.27,65.2,2655,12,9,-0.0084,0.8557,rsi_reversal_9fd59b7c,EURJPY,M1,6,40,60,0.07,0.07,False,0,True,newyork,7p,7p,40/60,1.1,0.0,0,-7.63,886,-14.63,1769
0.7128,44.46,18.61,0.02,-18.23,80.5,1858,9,8,-0.0098,0.8905,rsi_reversal_d1bff1f7,EURJPY,M1,6,35,65,0.1,0.1,True,30,True,newyork,10p,10p,35/65,1.3,0.0,0,-7.09,601,-11.14,1257
0.7189,44.51,23.37,0.02,-23.07,62.8,2725,12,10,-0.0085,0.8961,rsi_reversal_c2c515fd,EURJPY,M1,6,40,60,0.07,0.05,False,0,True,newyork,7p,5p,40/60,1.0,0.0,0,-6.76,919,-16.31,1806
0.6985,44.34,18.68,0.02,-18.31,61.0,2066,13,13,-0.0089,0.877,rsi_reversal_0b35425b,EURJPY,M1,6,35,65,0.05,0.05,False,30,True,newyork,5p,5p,35/65,1.0,0.0,0,-7.6,693,-10.7,1373
0.7068,44.94,19.46,0.02,-19.42,62.4,2261,12,9,-0.0086,0.8661,rsi_reversal_ac395ed0,EURJPY,M1,7,30,70,0.05,0.07,True,0,False,newyork,5p,7p,30/70,1.0,0.0,0,-7.21,763,-12.21,1498
0.7449,45.43,11.15,0.01,-10.66,71.3,1314,10,6,-0.0081,0.8946,rsi_reversal_493ec717,EURJPY,M1,6,30,70,0.1,0.07,True,30,True,london,10p,7p,30/70,1.2,-1.62,256,-9.04,1058,0.0,0
0.7541,44.26,34.86,0.03,-34.24,66.5,4699,11,9,-0.0073,0.9495,rsi_reversal_63af7aa6,EURJPY,M1,7,40,60,0.1,0.05,False,30,False,london,10p,5p,40/60,1.1,-6.36,1019,-27.87,3680,0.0,0
0.7854,45.66,17.55,0.02,-17.15,71.8,2613,9,10,-0.0066,0.9349,rsi_reversal_caca89f3,EURJPY,M1,6,40,60,0.1,0.07,False,30,True,london,10p,7p,40/60,1.2,-3.74,555,-13.41,2058,0.0,0
0.7745,46.39,13.44,0.01,-13.1,62.5,2048,9,9,-0.0064,0.8951,rsi_reversal_b574c964,EURJPY,M1,6,35,65,0.07,0.05,True,0,True,london,7p,5p,35/65,1.0,-1.68,431,-11.42,1617,0.0,0
0.7357,44.09,43.79,0.04,-42.71,71.0,5153,13,11,-0.0083,0.9329,rsi_reversal_1e61ab5b,EURJPY,M1,5,40,60,0.1,0.07,True,30,False,newyork,10p,7p,40/60,1.2,0.0,0,-12.99,1731,-29.72,3422
0.7043,44.59,23.74,0.02,-23.43,61.2,2642,12,8,-0.0089,0.8754,rsi_reversal_87e08781,EURJPY,M1,7,40,60,0.05,0.05,True,15,True,newyork,5p,5p,40/60,1.0,0.0,0,-8.04,861,-15.38,1781
0.728,46.75,21.27,0.02,-21.02,70.5,2447,10,8,-0.0086,0.8292,rsi_reversal_f6d27ced,EURJPY,M1,7,40,60,0.07,0.1,True,30,True,newyork,7p,10p,40/60,1.2,0.0,0,-7.55,800,-13.47,1647
0.7821,48.67,17.06,0.02,-16.72,70.8,2558,14,11,-0.0065,0.8248,rsi_reversal_0c43953a,EURJPY,M1,6,40,60,0.07,0.1,True,0,True,london,7p,10p,40/60,1.2,-5.38,517,-11.34,2041,0.0,0
0.7153,46.84,22.51,0.02,-21.96,66.1,2502,11,8,-0.0088,0.8117,rsi_reversal_950c7088,EURJPY,M1,7,40,60,0.05,0.1,True,30,True,newyork,5p,10p,40/60,1.1,0.0,0,-8.93,832,-13.03,1670
0.7179,44.62,19.16,0.02,-18.89,65.0,2221,14,7,-0.0085,0.891,rsi_reversal_38f414b2,EURJPY,M1,5,35,65,0.07,0.07,True,15,True,newyork,7p,7p,35/65,1.1,0.0,0,-7.13,741,-11.76,1480
0.7542,47.42,28.07,0.03,-27.54,71.0,3623,11,9,-0.0076,0.8363,rsi_reversal_ebdf3550,EURJPY,M1,6,35,65,0.07,0.1,True,0,False,london,7p,10p,35/65,1.2,-5.43,786,-22.12,2837,0.0,0
0.7381,46.2,13.98,0.01,-13.39,64.7,1751,10,11,-0.0076,0.8595,rsi_reversal_68a7eab0,EURJPY,M1,7,35,65,0.07,0.07,True,15,True,london,7p,7p,35/65,1.1,-1.96,356,-11.43,1395,0.0,0
0.7485,46.31,19.32,0.02,-18.98,64.6,2574,14,10,-0.0074,0.8678,rsi_reversal_595ccf5e,EURJPY,M1,6,30,70,0.07,0.07,False,15,False,london,7p,7p,30/70,1.1,-2.2,562,-16.78,2012,0.0,0
0.8118,47.58,14.37,0.01,-14.12,82.8,2272,11,10,-0.0062,0.8944,rsi_reversal_d698851d,EURJPY,M1,7,40,60,0.1,0.1,False,30,True,london,10p,10p,40/60,1.4,-2.58,466,-11.54,1806,0.0,0
0.7457,45.46,8.88,0.01,-8.58,62.0,1135,13,9,-0.0076,0.8945,rsi_reversal_53b4605c,EURJPY,M1,7,30,70,0.07,0.05,True,15,True,london,7p,5p,30/70,1.0,0.39,224,-8.97,911,0.0,0
0.7526,47.07,20.14,0.02,-19.8,65.2,2732,11,10,-0.0072,0.8462,rsi_reversal_74eb2ab3,EURJPY,M1,6,40,60,0.07,0.07,False,30,True,london,7p,7p,40/60,1.1,-5.56,558,-14.24,2174,0.0,0
0.7185,44.72,19.54,0.02,-19.38,64.9,2263,13,9,-0.0086,0.8882,rsi_reversal_495025cc,EURJPY,M1,5,35,65,0.07,0.07,True,15,True,newyork,7p,7p,35/65,1.1,0.0,0,-5.92,751,-13.45,1512
0.6849,46.7,11.87,0.01,-11.87,71.6,1152,7,8,-0.0103,0.7817,rsi_reversal_80d53925,EURJPY,M1,7,30,70,0.07,0.1,False,30,True,newyork,7p,10p,30/70,1.2,0.0,0,-5.07,394,-6.8,758
0.7428,46.95,21.05,0.02,-20.71,62.9,2769,11,10,-0.0075,0.8394,rsi_reversal_394eaa34,EURJPY,M1,6,40,60,0.05,0.07,True,30,True,london,5p,7p,40/60,1.0,-4.89,567,-15.83,2202,0.0,0
0.74,47.5,12.88,0.01,-12.54,66.3,1621,9,9,-0.0077,0.8179,rsi_reversal_cd484151,EURJPY,M1,5,30,70,0.05,0.1,True,15,True,london,5p,10p,30/70,1.1,-0.36,337,-12.18,1284,0.0,0
0.7149,44.63,31.95,0.03,-31.63,61.3,3863,9,10,-0.0082,0.8869,rsi_reversal_07850e42,EURJPY,M1,6,35,65,0.05,0.05,False,30,False,newyork,5p,5p,35/65,1.0,0.0,0,-12.87,1279,-18.76,2584
0.7183,43.87,23.36,0.02,-22.87,70.8,2503,11,8,-0.0091,0.9191,rsi_reversal_f9bf3546,EURJPY,M1,7,40,60,0.1,0.07,True,0,True,newyork,10p,7p,40/60,1.2,0.0,0,-6.31,819,-16.57,1684
0.8003,49.13,16.44,0.02,-16.07,71.2,2711,11,8,-0.0059,0.8285,rsi_reversal_368bb062,EURJPY,M1,5,40,60,0.07,0.1,False,30,True,london,7p,10p,40/60,1.2,-5.58,566,-10.5,2145,0.0,0
0.7108,43.22,18.64,0.02,-18.28,71.1,1969,10,9,-0.0093,0.9338,rsi_reversal_223ea6d0,EURJPY,M1,6,35,65,0.1,0.07,False,0,True,newyork,10p,7p,35/65,1.2,0.0,0,-6.1,639,-12.18,1330
0.7044,46.12,23.56,0.02,-23.31,65.7,2550,11,11,-0.0091,0.823,rsi_reversal_91f932bc,EURJPY,M1,7,40,60,0.05,0.1,False,0,True,newyork,5p,10p,40/60,1.1,0.0,0,-7.95,825,-15.36,1725
0.7322,45.54,13.15,0.01,-12.81,61.0,1669,14,9,-0.0077,0.8758,rsi_reversal_fc0bc919,EURJPY,M1,5,30,70,0.05,0.05,True,15,True,london,5p,5p,30/70,1.0,-0.3,347,-12.5,1322,0.0,0
0.7726,46.21,9.95,0.01,-9.36,70.6,1344,9,10,-0.007,0.8996,rsi_reversal_5b1c75f5,EURJPY,M1,6,30,70,0.1,0.07,False,30,True,london,10p,7p,30/70,1.2,-0.61,274,-8.74,1070,0.0,0
0.745,45.27,24.63,0.02,-23.66,70.0,3011,11,10,-0.0079,0.9007,rsi_reversal_832e517a,EURJPY,M1,5,30,70,0.1,0.07,True,0,False,london,10p,7p,30/70,1.2,-1.8,660,-21.86,2351,0.0,0
0.7101,46.67,17.75,0.02,-17.56,66.9,1980,10,8,-0.0089,0.8115,rsi_reversal_39ea9954,EURJPY,M1,6,35,65,0.05,0.1,True,0,True,newyork,5p,10p,35/65,1.1,0.0,0,-7.49,668,-10.07,1312
0.7414,46.23,12.7,0.01,-12.36,62.4,1657,9,9,-0.0075,0.8624,rsi_reversal_b930d0a0,EURJPY,M1,5,30,70,0.05,0.07,True,15,True,london,5p,7p,30/70,1.0,-0.48,343,-11.87,1314,0.0,0
0.7686,48.11,19.68,0.02,-19.35,71.3,2719,11,15,-0.0071,0.8291,rsi_reversal_b34807ae,EURJPY,M1,5,40,60,0.07,0.1,True,30,True,london,7p,10p,40/60,1.2,-3.52,549,-15.83,2170,0.0,0
0.7026,44.63,28.47,0.03,-28.35,65.0,3130,13,10,-0.0091,0.8716,rsi_reversal_275d5063,EURJPY,M1,5,30,70,0.07,0.07,False,0,False,newyork,7p,7p,30/70,1.1,0.0,0,-10.93,1039,-17.42,2091
0.7125,44.89,17.64,0.02,-17.46,65.2,2005,12,8,-0.0087,0.8748,rsi_reversal_79f35806,EURJPY,M1,6,35,65,0.07,0.07,True,15,True,newyork,7p,7p,35/65,1.1,0.0,0,-7.63,685,-9.83,1320
0.6668,43.96,14.3,0.01,-14.3,61.3,1424,10,6,-0.01,0.8501,rsi_reversal_4b4d3045,EURJPY,M1,6,30,70,0.05,0.05,False,0,True,newyork,5p,5p,30/70,1.0,0.0,0,-6.3,487,-8.01,937
0.7259,45.98,21.4,0.02,-20.81,62.5,2560,12,8,-0.0081,0.853,rsi_reversal_b2469aa5,EURJPY,M1,7,40,60,0.05,0.07,False,15,True,newyork,5p,7p,40/60,1.0,0.0,0,-8.31,856,-12.5,1704
0.775,45.8,11.46,0.01,-10.98,70.2,1607,9,9,-0.0068,0.9172,rsi_reversal_04f5d4f6,EURJPY,M1,5,30,70,0.1,0.07,True,0,True,london,10p,7p,30/70,1.2,-0.26,332,-10.72,1275,0.0,0
0.6992,46.77,13.2,0.01,-13.16,71.1,1347,10,10,-0.0098,0.7958,rsi_reversal_2497a775,EURJPY,M1,6,30,70,0.07,0.1,True,30,True,newyork,7p,10p,30/70,1.2,0.0,0,-5.15,458,-8.01,889
0.7326,45.78,21.31,0.02,-20.9,65.0,2558,12,9,-0.0082,0.8678,rsi_reversal_aab123be,EURJPY,M1,7,40,60,0.07,0.07,True,30,True,newyork,7p,7p,40/60,1.1,0.0,0,-7.06,864,-13.84,1694
0.7031,44.79,20.67,0.02,-20.51,62.4,2293,13,9,-0.0089,0.8667,rsi_reversal_0f44218d,EURJPY,M1,5,35,65,0.05,0.07,True,0,True,newyork,5p,7p,35/65,1.0,0.0,0,-7.19,756,-13.32,1537
0.7482,45.07,24.91,0.02,-24.4,62.4,3421,10,10,-0.0071,0.9117,rsi_reversal_7e3a6ce6,EURJPY,M1,7,35,65,0.07,0.05,True,0,False,london,7p,5p,35/65,1.0,-2.8,740,-21.6,2681,0.0,0
0.7462,44.88,40.26,0.04,-39.47,62.5,5426,11,9,-0.0073,0.9166,rsi_reversal_efba3d8b,EURJPY,M1,5,40,60,0.07,0.05,False,0,False,london,7p,5p,40/60,1.0,-9.35,1192,-30.12,4234,0.0,0
0.6849,43.65,30.01,0.03,-29.94,62.6,3164,13,10,-0.0095,0.8842,rsi_reversal_f29156c3,EURJPY,M1,5,30,70,0.07,0.05,False,15,False,newyork,7p,5p,30/70,1.0,0.0,0,-11.01,1048,-18.92,2116
0.777,46.59,36.51,0.04,-35.84,83.0,4797,12,9,-0.0075,0.8907,rsi_reversal_7c4ed5c0,EURJPY,M1,5,40,60,0.1,0.1,False,30,False,london,10p,10p,40/60,1.4,-8.48,1074,-27.37,3723,0.0,0
0.7222,46.12,31.64,0.03,-31.4,66.7,3725,15,10,-0.0084,0.8437,rsi_reversal_9710f8df,EURJPY,M1,6,35,65,0.05,0.1,False,0,False,newyork,5p,10p,35/65,1.1,0.0,0,-11.23,1241,-20.17,2484
0.7057,45.09,16.31,0.02,-15.74,82.4,1537,8,7,-0.0102,0.8595,rsi_reversal_01c934c6,EURJPY,M1,5,30,70,0.1,0.1,False,30,True,newyork,10p,10p,30/70,1.4,0.0,0,-5.61,519,-10.13,1018
0.7284,47.27,22.3,0.02,-21.76,66.5,2640,11,9,-0.0082,0.8125,rsi_reversal_b1862c9d,EURJPY,M1,6,40,60,0.05,0.1,False,0,True,newyork,5p,10p,40/60,1.1,0.0,0,-7.63,872,-14.13,1768
0.6533,42.95,12.92,0.01,-12.88,62.3,1206,14,6,-0.0107,0.8677,rsi_reversal_c805b27a,EURJPY,M1,7,30,70,0.07,0.05,False,30,True,newyork,7p,5p,30/70,1.0,0.0,0,-4.6,419,-8.28,787
0.6463,45.05,18.63,0.02,-18.33,66.2,1627,11,9,-0.0113,0.7882,rsi_reversal_885d710f,EURJPY,M1,5,30,70,0.05,0.1,False,0,True,newyork,5p,10p,30/70,1.1,0.0,0,-6.68,530,-11.65,1097
0.7196,44.27,18.72,0.02,-18.5,61.0,2293,12,8,-0.0081,0.9061,rsi_reversal_bd84c61b,EURJPY,M1,5,35,65,0.05,0.05,True,30,True,london,5p,5p,35/65,1.0,-2.64,468,-15.85,1825,0.0,0
0.7471,47.89,12.91,0.01,-12.57,70.8,1587,9,9,-0.0079,0.8129,rsi_reversal_23719b4d,EURJPY,M1,5,30,70,0.07,0.1,False,15,True,london,7p,10p,30/70,1.2,-0.44,331,-12.12,1256,0.0,0
0.7307,45.18,30.58,0.03,-30.25,65.2,3774,15,10,-0.008,0.8867,rsi_reversal_2b553265,EURJPY,M1,6,35,65,0.07,0.07,False,0,False,newyork,7p,7p,35/65,1.1,0.0,0,-11.43,1257,-18.82,2517
0.7162,46.37,19.04,0.02,-18.97,66.7,2202,12,12,-0.0086,0.8284,rsi_reversal_fb22b0cb,EURJPY,M1,7,30,70,0.05,0.1,False,15,False,newyork,5p,10p,30/70,1.1,0.0,0,-6.71,743,-12.26,1459
0.6985,44.32,12.8,0.01,-12.46,62.0,1356,13,11,-0.0092,0.8775,rsi_reversal_b6517ec9,EURJPY,M1,6,30,70,0.07,0.05,False,0,True,london,7p,5p,30/70,1.0,-0.57,260,-11.89,1096,0.0,0
0.7718,44.91,29.27,0.03,-28.55,71.5,4090,12,9,-0.007,0.9466,rsi_reversal_5e608b63,EURJPY,M1,5,35,65,0.1,0.07,False,30,False,london,10p,7p,35/65,1.2,-5.56,889,-22.99,3201,0.0,0
0.7298,46.41,43.9,0.04,-43.45,71.2,5126,11,9,-0.0085,0.8426,rsi_reversal_34639a92,EURJPY,M1,5,40,60,0.07,0.1,False,0,False,newyork,7p,10p,40/60,1.2,0.0,0,-12.56,1726,-30.88,3400
0.7198,46.54,23.63,0.02,-23.24,71.0,2598,14,11,-0.0089,0.8269,rsi_reversal_77921c7d,EURJPY,M1,6,40,60,0.07,0.1,False,30,True,newyork,7p,10p,40/60,1.2,0.0,0,-7.71,867,-15.53,1731
0.7334,44.77,23.56,0.02,-22.87,66.3,2828,10,10,-0.0081,0.9048,rsi_reversal_ec7526d2,EURJPY,M1,5,40,60,0.1,0.05,True,30,True,newyork,10p,5p,40/60,1.1,0.0,0,-6.76,935,-16.1,1893
0.6539,43.81,17.77,0.02,-17.63,62.1,1648,14,8,-0.0107,0.8386,rsi_reversal_5f9e9754,EURJPY,M1,5,30,70,0.05,0.07,False,0,True,newyork,5p,7p,30/70,1.0,0.0,0,-7.99,553,-9.64,1095
0.7559,45.96,13.0,0.01,-12.84,64.6,1784,14,9,-0.0072,0.8886,rsi_reversal_9727030d,EURJPY,M1,7,35,65,0.07,0.07,False,0,True,newyork,7p,7p,35/65,1.1,0.0,0,-4.39,609,-8.45,1175
0.725,46.77,22.1,0.02,-22.06,71.2,2551,9,10,-0.0086,0.8253,rsi_reversal_9f589214,EURJPY,M1,6,30,70,0.07,0.1,False,15,False,newyork,7p,10p,30/70,1.2,0.0,0,-7.89,864,-14.17,1687
0.7075,42.82,20.75,0.02,-20.55,66.2,2256,13,9,-0.0091,0.9448,rsi_reversal_a258b9d3,EURJPY,M1,5,35,65,0.1,0.05,False,30,True,newyork,10p,5p,35/65,1.1,0.0,0,-6.64,746,-13.91,1510
0.6975,43.97,21.09,0.02,-20.82,64.9,2254,11,8,-0.0092,0.8889,rsi_reversal_dd1626a8,EURJPY,M1,5,35,65,0.07,0.07,False,15,True,newyork,7p,7p,35/65,1.1,0.0,0,-6.69,731,-14.14,1523
0.6631,44.61,12.43,0.01,-12.39,62.3,1206,14,6,-0.0103,0.8234,rsi_reversal_c99ee21f,EURJPY,M1,7,30,70,0.05,0.07,False,30,True,newyork,5p,7p,30/70,1.0,0.0,0,-4.6,417,-7.78,789
0.718,45.74,24.7,0.02,-24.03,62.6,2884,13,11,-0.0083,0.8519,rsi_reversal_d5135a90,EURJPY,M1,5,40,60,0.07,0.05,True,30,True,newyork,7p,5p,40/60,1.0,0.0,0,-7.73,957,-16.3,1927
0.7865,45.8,10.82,0.01,-10.21,71.4,1559,10,8,-0.0066,0.9308,rsi_reversal_87d60ab1,EURJPY,M1,5,30,70,0.1,0.07,False,30,True,london,10p,7p,30/70,1.2,-0.32,310,-9.89,1249,0.0,0
0.7325,43.54,34.85,0.03,-34.34,70.9,4104,14,8,-0.0084,0.9497,rsi_reversal_1a42ca0d,EURJPY,M1,5,35,65,0.1,0.07,True,15,False,newyork,10p,7p,35/65,1.2,0.0,0,-10.74,1373,-23.6,2731
0.7182,44.28,12.09,0.01,-11.66,66.7,1346,10,5,-0.0087,0.9038,rsi_reversal_6ee1ae7c,EURJPY,M1,6,30,70,0.1,0.05,False,0,True,london,10p,5p,30/70,1.1,-2.02,260,-9.64,1086,0.0,0
0.7337,43.48,16.5,0.02,-15.93,66.4,2008,12,9,-0.0079,0.9539,rsi_reversal_a339f213,EURJPY,M1,6,35,65,0.1,0.05,False,30,True,london,10p,5p,35/65,1.1,-1.8,404,-14.13,1604,0.0,0
0.6985,43.86,21.08,0.02,-20.8,61.1,2321,14,10,-0.009,0.894,rsi_reversal_3fd2a4c1,EURJPY,M1,5,35,65,0.05,0.05,True,30,True,newyork,5p,5p,35/65,1.0,0.0,0,-7.92,764,-12.87,1557
0.7328,44.78,23.67,0.02,-23.26,62.5,2943,9,10,-0.0079,0.9035,rsi_reversal_70092c16,EURJPY,M1,5,40,60,0.07,0.05,True,30,True,newyork,7p,5p,40/60,1.0,0.0,0,-7.85,978,-15.41,1965
0.6672,43.75,17.1,0.02,-16.97,64.8,1639,11,8,-0.0104,0.8579,rsi_reversal_4078e8e9,EURJPY,M1,5,30,70,0.07,0.07,False,0,True,newyork,7p,7p,30/70,1.1,0.0,0,-5.96,554,-11.01,1085
0.7352,46.68,9.31,0.01,-9.01,66.4,1101,7,9,-0.0082,0.8396,rsi_reversal_3c6b0003,EURJPY,M1,7,30,70,0.05,0.1,True,0,True,london,5p,10p,30/70,1.1,0.01,219,-9.01,882,0.0,0
0.7149,44.79,19.2,0.02,-18.95,62.4,2255,14,7,-0.0084,0.8812,rsi_reversal_7235e1c6,EURJPY,M1,5,35,65,0.05,0.07,True,0,True,newyork,5p,7p,35/65,1.0,0.0,0,-7.61,747,-11.34,1508
0.7629,46.21,19.96,0.02,-19.55,83.8,2426,13,9,-0.0081,0.8882,rsi_reversal_d8a5250a,EURJPY,M1,6,40,60,0.1,0.1,False,30,True,newyork,10p,10p,40/60,1.4,0.0,0,-7.35,802,-12.21,1624
0.6931,43.85,20.37,0.02,-20.33,61.1,2276,10,9,-0.0089,0.8876,rsi_reversal_e36c887b,EURJPY,M1,7,30,70,0.05,0.05,False,30,False,newyork,5p,5p,30/70,1.0,0.0,0,-7.08,766,-13.25,1510
0.755,46.84,13.59,0.01,-13.19,81.4,1631,11,8,-0.0081,0.8568,rsi_reversal_45f64d7e,EURJPY,M1,7,35,65,0.1,0.1,True,15,True,newyork,10p,10p,35/65,1.4,0.0,0,-5.0,554,-8.19,1077
0.753,47.46,12.58,0.01,-12.18,71.4,1574,11,9,-0.0077,0.8336,rsi_reversal_b501265b,EURJPY,M1,5,30,70,0.07,0.1,True,15,True,london,7p,10p,30/70,1.2,-0.34,323,-11.84,1251,0.0,0
0.7413,45.55,13.76,0.01,-13.38,61.0,1833,11,12,-0.0073,0.8861,rsi_reversal_35a47688,EURJPY,M1,7,35,65,0.05,0.05,False,30,True,london,5p,5p,35/65,1.0,-2.38,373,-11.01,1460,0.0,0
0.7474,45.99,38.18,0.04,-37.16,81.8,4310,14,12,-0.0086,0.8779,rsi_reversal_3a2fdcf4,EURJPY,M1,7,40,60,0.1,0.1,True,15,False,newyork,10p,10p,40/60,1.4,0.0,0,-13.8,1437,-23.36,2873
0.7255,45.39,21.56,0.02,-21.15,61.2,2615,12,9,-0.0081,0.8728,rsi_reversal_c02848e8,EURJPY,M1,7,40,60,0.05,0.05,False,0,True,newyork,5p,5p,40/60,1.0,0.0,0,-7.25,879,-13.89,1736
0.6566,42.74,17.59,0.02,-17.46,62.4,1654,11,8,-0.0106,0.8794,rsi_reversal_2d7033e0,EURJPY,M1,5,30,70,0.07,0.05,True,15,True,newyork,7p,5p,30/70,1.0,0.0,0,-6.12,559,-11.34,1095
0.7444,45.78,13.64,0.01,-13.45,64.8,1767,11,9,-0.0076,0.8815,rsi_reversal_23b54937,EURJPY,M1,7,35,65,0.07,0.07,True,0,True,newyork,7p,7p,35/65,1.1,0.0,0,-6.38,596,-7.07,1171
0.7514,47.29,37.05,0.04,-36.59,66.7,4967,10,12,-0.0074,0.8375,rsi_reversal_f3211de3,EURJPY,M1,6,40,60,0.05,0.1,False,30,False,london,5p,10p,40/60,1.1,-7.67,1098,-28.92,3869,0.0,0
0.786,47.66,15.3,0.02,-14.76,81.4,2052,9,12,-0.0072,0.8631,rsi_reversal_5fba0d19,EURJPY,M1,5,35,65,0.1,0.1,True,30,True,london,10p,10p,35/65,1.4,-1.54,413,-13.22,1639,0.0,0
0.7864,48.7,12.86,0.01,-12.53,70.6,1916,12,11,-0.0065,0.8285,rsi_reversal_59de9b88,EURJPY,M1,6,35,65,0.07,0.1,False,0,True,london,7p,10p,35/65,1.2,-2.45,388,-10.08,1528,0.0,0
0.762,48.2,8.49,0.01,-8.08,66.8,1137,9,8,-0.0071,0.819,rsi_reversal_588c4cde,EURJPY,M1,7,30,70,0.05,0.1,True,0,True,london,5p,10p,30/70,1.1,0.13,234,-8.21,903,0.0,0
0.7023,44.66,18.66,0.02,-18.3,62.5,2051,13,11,-0.0089,0.8703,rsi_reversal_073034a2,EURJPY,M1,6,35,65,0.05,0.07,True,30,True,newyork,5p,7p,35/65,1.0,0.0,0,-7.76,690,-10.53,1361
0.7064,46.68,18.5,0.02,-18.26,71.5,1941,13,11,-0.0094,0.807,rsi_reversal_eced18e1,EURJPY,M1,6,35,65,0.07,0.1,False,15,True,newyork,7p,10p,35/65,1.2,0.0,0,-7.73,654,-10.53,1287
0.7875,45.39,16.38,0.02,-15.99,66.7,2626,11,8,-0.0061,0.9474,rsi_reversal_376ab75c,EURJPY,M1,6,40,60,0.1,0.05,True,0,True,london,10p,5p,40/60,1.1,-3.19,538,-12.81,2088,0.0,0
0.7723,47.6,22.5,0.02,-22.04,66.5,3330,10,10,-0.0066,0.8503,rsi_reversal_9e8168f0,EURJPY,M1,7,35,65,0.05,0.1,True,15,False,london,5p,10p,35/65,1.1,-3.08,721,-18.96,2609,0.0,0
0.7816,48.41,17.78,0.02,-17.44,66.4,2807,11,9,-0.0062,0.8327,rsi_reversal_f6f8a218,EURJPY,M1,5,40,60,0.05,0.1,False,0,True,london,5p,10p,40/60,1.1,-5.26,578,-12.18,2229,0.0,0
0.7774,45.69,19.2,0.02,-18.82,67.0,2880,13,11,-0.0065,0.9239,rsi_reversal_661f8a7d,EURJPY,M1,5,40,60,0.1,0.05,False,30,True,london,10p,5p,40/60,1.1,-5.45,594,-13.36,2286,0.0,0
0.7718,44.91,29.27,0.03,-28.55,71.5,4090,12,9,-0.007,0.9466,rsi_reversal_ab9faa56,EURJPY,M1,5,35,65,0.1,0.07,False,0,False,london,10p,7p,35/65,1.2,-5.56,889,-22.99,3201,0.0,0
0.6986,42.87,15.28,0.02,-14.76,65.7,1626,12,9,-0.0091,0.9311,rsi_reversal_b9afbb80,EURJPY,M1,5,30,70,0.1,0.05,False,30,True,london,10p,5p,30/70,1.1,-1.04,329,-13.72,1297,0.0,0
0.7718,46.11,16.71,0.02,-16.46,62.9,2542,14,11,-0.0065,0.9022,rsi_reversal_970c126d,EURJPY,M1,7,40,60,0.07,0.05,False,30,True,london,7p,5p,40/60,1.0,-3.81,515,-12.65,2027,0.0,0
0.7455,46.76,25.69,0.03,-25.4,66.5,3338,11,10,-0.0076,0.8487,rsi_reversal_987af180,EURJPY,M1,7,35,65,0.05,0.1,True,0,False,newyork,5p,10p,35/65,1.1,0.0,0,-9.45,1124,-15.95,2214
0.7614,46.74,19.9,0.02,-19.59,82.0,2456,9,9,-0.008,0.8675,rsi_reversal_34957654,EURJPY,M1,6,40,60,0.1,0.1,True,15,True,london,10p,10p,40/60,1.4,-5.13,512,-14.46,1944,0.0,0
0.7202,45.11,31.67,0.03,-31.36,62.7,3831,15,10,-0.0082,0.8765,rsi_reversal_24c6870e,EURJPY,M1,6,35,65,0.05,0.07,False,30,False,newyork,5p,7p,35/65,1.0,0.0,0,-12.65,1272,-18.71,2559
0.6807,43.41,22.06,0.02,-21.85,63.0,2269,11,8,-0.0096,0.8873,rsi_reversal_c4a6e742,EURJPY,M1,5,35,65,0.07,0.05,True,15,True,newyork,7p,5p,35/65,1.1,0.0,0,-8.17,762,-13.69,1507
0.7357,45.64,12.4,0.01,-12.08,60.8,1617,10,7,-0.0075,0.8762,rsi_reversal_67ec9955,EURJPY,M1,5,30,70,0.05,0.05,False,0,True,london,5p,5p,30/70,1.0,-0.18,322,-11.9,1295,0.0,0
0.7137,46.15,20.1,0.02,-19.8,70.8,2158,11,8,-0.0092,0.8327,rsi_reversal_a3c3b9bf,EURJPY,M1,5,35,65,0.07,0.1,False,0,True,newyork,7p,10p,35/65,1.2,0.0,0,-7.64,716,-12.16,1442
0.7579,47.44,12.61,0.01,-12.2,82.5,1484,11,8,-0.0082,0.8398,rsi_reversal_e235ac4e,EURJPY,M1,5,30,70,0.1,0.1,True,30,True,london,10p,10p,30/70,1.4,-1.28,298,-10.92,1186,0.0,0
0.7655,48.44,11.57,0.01,-11.17,70.8,1540,9,8,-0.0073,0.8148,rsi_reversal_9804d24d,EURJPY,M1,5,30,70,0.07,0.1,False,15,True,london,7p,10p,30/70,1.2,-0.61,309,-10.56,1231,0.0,0
0.7891,46.65,13.34,0.01,-13.01,64.4,2163,13,7,-0.006,0.9025,rsi_reversal_ea17fbe3,EURJPY,M1,7,30,70,0.07,0.07,True,30,False,london,7p,7p,30/70,1.1,-0.88,477,-12.13,1686,0.0,0
0.7615,45.64,14.84,0.01,-14.53,61.0,2200,13,9,-0.0066,0.9072,rsi_reversal_a8e55b87,EURJPY,M1,7,30,70,0.05,0.05,False,0,False,london,5p,5p,30/70,1.0,-1.09,482,-13.44,1718,0.0,0
0.7345,45.98,33.71,0.03,-33.43,66.5,4180,14,10,-0.008,0.8629,rsi_reversal_0286d075,EURJPY,M1,5,35,65,0.05,0.1,False,15,False,newyork,5p,10p,35/65,1.1,0.0,0,-10.38,1394,-23.05,2786
0.724,45.84,19.06,0.02,-18.8,70.7,2162,10,9,-0.0087,0.8555,rsi_reversal_252d60cf,EURJPY,M1,5,35,65,0.07,0.1,True,0,True,newyork,7p,10p,35/65,1.2,0.0,0,-6.58,703,-12.22,1459
0.7698,47.91,17.64,0.02,-17.29,70.9,2419,8,10,-0.0071,0.8369,rsi_reversal_49e1b0a5,EURJPY,M1,7,40,60,0.07,0.1,False,15,True,london,7p,10p,40/60,1.2,-1.45,485,-15.84,1934,0.0,0
0.7126,45.43,12.0,0.01,-11.56,62.5,1356,10,6,-0.0085,0.856,rsi_reversal_8fee0e33,EURJPY,M1,6,30,70,0.05,0.07,True,15,True,london,5p,7p,30/70,1.0,-1.76,261,-9.8,1095,0.0,0
0.7513,44.75,14.09,0.01,-14.04,63.3,1629,10,8,-0.0086,0.9275,rsi_reversal_03998f1f,GBPJPY,M1,5,30,70,0.1,0.05,False,15,True,london,10p,5p,30/70,1.1,-3.85,351,-10.19,1278,0.0,0
0.7579,46.04,45.09,0.05,-44.82,72.2,5085,15,11,-0.0088,0.8883,rsi_reversal_5ed44612,GBPJPY,M1,5,40,60,0.1,0.1,False,0,False,london,10p,10p,40/60,1.2,-7.73,1124,-37.08,3961,0.0,0
0.7872,46.88,20.27,0.02,-19.9,62.5,2871,12,8,-0.0069,0.8918,rsi_reversal_5378cdea,GBPJPY,M1,5,40,60,0.07,0.07,True,15,True,newyork,7p,7p,40/60,1.0,0.0,0,-4.56,1000,-15.33,1871
0.8005,44.74,8.72,0.01,-7.82,63.7,1169,9,8,-0.0067,0.9887,rsi_reversal_015659fd,GBPJPY,M1,7,30,70,0.1,0.05,True,15,True,london,10p,5p,30/70,1.1,-0.66,265,-7.16,904,0.0,0
0.7171,44.22,16.21,0.02,-16.03,60.7,1696,11,8,-0.0095,0.9045,rsi_reversal_26c2a1e5,GBPJPY,M1,5,30,70,0.05,0.05,True,0,True,newyork,5p,5p,30/70,1.0,0.0,0,-6.19,612,-9.85,1084
0.7061,43.84,23.14,0.02,-22.94,61.4,2272,10,8,-0.0101,0.9046,rsi_reversal_5cfb03a6,GBPJPY,M1,7,30,70,0.07,0.05,False,15,False,london,7p,5p,30/70,1.0,-4.28,486,-18.66,1786,0.0,0
0.7521,44.91,23.7,0.02,-23.14,63.2,2741,10,8,-0.0084,0.9226,rsi_reversal_0117f4e3,GBPJPY,M1,6,40,60,0.1,0.05,False,30,True,newyork,10p,5p,40/60,1.1,0.0,0,-10.06,963,-13.08,1778
0.7196,44.18,47.0,0.05,-46.96,66.0,4688,15,9,-0.01,0.9093,rsi_reversal_e0f35226,GBPJPY,M1,7,40,60,0.1,0.07,True,0,False,london,10p,7p,40/60,1.1,-9.68,1010,-37.28,3678,0.0,0
0.7283,45.47,21.11,0.02,-20.84,65.6,2230,11,10,-0.0093,0.8734,rsi_reversal_db71e1e3,GBPJPY,M1,7,30,70,0.07,0.1,False,15,False,newyork,7p,10p,30/70,1.1,0.0,0,-10.52,812,-10.32,1418
0.6801,42.37,30.23,0.03,-30.1,63.3,2636,11,7,-0.0114,0.9249,rsi_reversal_494958dc,GBPJPY,M1,6,30,70,0.1,0.05,False,15,False,london,10p,5p,30/70,1.1,-5.39,575,-24.71,2061,0.0,0
0.7518,45.4,15.59,0.02,-15.41,66.4,1751,13,9,-0.0088,0.9041,rsi_reversal_4f83959c,GBPJPY,M1,7,35,65,0.07,0.1,True,15,True,london,7p,10p,35/65,1.1,-2.08,378,-13.33,1373,0.0,0
0.7275,45.87,47.21,0.05,-47.06,63.4,5034,12,11,-0.0093,0.8586,rsi_reversal_50e24eec,GBPJPY,M1,6,40,60,0.05,0.1,False,30,False,london,5p,10p,40/60,1.1,-8.31,1113,-38.75,3921,0.0,0
0.7002,44.61,40.24,0.04,-40.11,63.3,3788,11,9,-0.0106,0.8692,rsi_reversal_284f503b,GBPJPY,M1,6,35,65,0.05,0.1,True,30,False,london,5p,10p,35/65,1.1,-6.53,828,-33.58,2960,0.0,0
0.8146,46.08,12.03,0.01,-11.84,61.2,2016,11,8,-0.0059,0.9532,rsi_reversal_7d07a384,GBPJPY,M1,6,35,65,0.05,0.07,False,30,True,newyork,5p,7p,35/65,1.0,0.0,0,-5.28,728,-6.57,1288
0.7209,44.26,13.05,0.01,-12.93,61.3,1367,10,13,-0.0095,0.9079,rsi_reversal_e18d3b31,GBPJPY,M1,6,30,70,0.07,0.05,True,15,True,london,7p,5p,30/70,1.0,-1.55,308,-11.38,1059,0.0,0
0.7321,45.08,25.17,0.03,-24.68,60.5,2764,10,8,-0.0089,0.8919,rsi_reversal_216ae107,GBPJPY,M1,6,40,60,0.05,0.05,False,15,True,newyork,5p,5p,40/60,1.0,0.0,0,-9.94,955,-14.74,1809
0.7827,46.32,19.83,0.02,-19.08,61.2,2714,13,9,-0.007,0.9072,rsi_reversal_352fb4b6,GBPJPY,M1,6,40,60,0.05,0.07,True,30,True,newyork,5p,7p,40/60,1.0,0.0,0,-6.38,953,-12.7,1761
0.7318,44.83,47.16,0.05,-46.98,66.0,4970,17,10,-0.0095,0.9006,rsi_reversal_cfa9e126,GBPJPY,M1,6,40,60,0.1,0.07,True,0,False,london,10p,7p,40/60,1.1,-9.1,1090,-37.88,3880,0.0,0
0.7728,45.96,22.11,0.02,-21.61,63.0,2868,10,11,-0.0075,0.9089,rsi_reversal_c9ea61fa,GBPJPY,M1,5,40,60,0.1,0.05,True,15,True,newyork,10p,5p,40/60,1.1,0.0,0,-4.43,989,-17.18,1879
0.792,45.62,12.83,0.01,-12.48,60.6,1837,13,8,-0.0068,0.9442,rsi_reversal_b681ab4c,GBPJPY,M1,7,35,65,0.05,0.05,False,15,True,london,5p,5p,35/65,1.0,-1.79,408,-10.7,1429,0.0,0
0.7028,45.24,29.9,0.03,-29.61,60.6,2949,14,11,-0.01,0.8509,rsi_reversal_716cf7f9,GBPJPY,M1,5,40,60,0.05,0.05,False,15,True,newyork,5p,5p,40/60,1.0,0.0,0,-9.08,1027,-20.54,1922
0.7636,43.91,14.73,0.01,-14.34,63.4,1772,9,7,-0.0081,0.9756,rsi_reversal_86bfe25c,GBPJPY,M1,7,35,65,0.1,0.05,False,30,True,newyork,10p,5p,35/65,1.1,0.0,0,-6.79,671,-7.55,1101
0.7815,46.09,19.84,0.02,-19.16,61.4,2710,13,8,-0.0071,0.9142,rsi_reversal_2ad3954d,GBPJPY,M1,6,40,60,0.07,0.05,False,0,True,newyork,7p,5p,40/60,1.0,0.0,0,-5.53,954,-13.63,1756
0.7834,44.92,15.32,0.02,-14.75,66.1,1970,11,9,-0.0075,0.9605,rsi_reversal_850e9e77,GBPJPY,M1,6,35,65,0.1,0.07,True,15,True,london,10p,7p,35/65,1.1,-2.87,437,-11.87,1533,0.0,0
0.7128,44.61,13.7,0.01,-13.64,63.4,1345,16,8,-0.0101,0.885,rsi_reversal_0f913517,GBPJPY,M1,6,30,70,0.05,0.1,True,30,True,london,5p,10p,30/70,1.1,-1.69,298,-11.95,1047,0.0,0
0.7661,45.5,43.19,0.04,-42.85,66.3,5321,13,8,-0.0081,0.9176,rsi_reversal_28d095db,GBPJPY,M1,5,40,60,0.1,0.07,True,15,False,newyork,10p,7p,40/60,1.1,0.0,0,-17.9,1782,-24.95,3539
0.7679,44.09,14.68,0.01,-14.45,65.8,1769,11,8,-0.0082,0.9737,rsi_reversal_556f70a3,GBPJPY,M1,7,35,65,0.1,0.07,True,30,True,london,10p,7p,35/65,1.1,-2.3,376,-12.16,1393,0.0,0
0.7444,44.74,19.98,0.02,-19.74,63.2,2253,11,7,-0.0088,0.9194,rsi_reversal_7ea2e79b,GBPJPY,M1,5,35,65,0.1,0.05,False,0,True,london,10p,5p,35/65,1.1,-4.75,471,-14.99,1782,0.0,0
0.6557,42.77,16.97,0.02,-16.84,65.4,1363,14,7,-0.0124,0.8773,rsi_reversal_1180a1ef,GBPJPY,M1,6,30,70,0.07,0.1,True,0,True,newyork,7p,10p,30/70,1.1,0.0,0,-7.27,506,-9.58,857
0.7766,46.49,13.16,0.01,-12.95,72.1,1566,11,11,-0.0083,0.8939,rsi_reversal_1bb49f1a,GBPJPY,M1,5,30,70,0.1,0.1,True,0,True,london,10p,10p,30/70,1.2,-2.33,342,-10.62,1224,0.0,0
0.7164,45.05,26.91,0.03,-26.33,60.6,2768,15,9,-0.0095,0.8738,rsi_reversal_d7afd83c,GBPJPY,M1,6,40,60,0.05,0.05,False,15,True,newyork,5p,5p,40/60,1.0,0.0,0,-8.72,966,-17.61,1802
0.6895,43.8,51.54,0.05,-51.54,60.7,4817,12,9,-0.0107,0.8846,rsi_reversal_b8b53191,GBPJPY,M1,7,40,60,0.05,0.05,True,15,False,london,5p,5p,40/60,1.0,-10.28,1045,-41.25,3772,0.0,0
0.8052,44.69,12.55,0.01,-11.86,66.4,1781,13,8,-0.0067,0.9964,rsi_reversal_26040d1a,GBPJPY,M1,7,35,65,0.1,0.07,False,0,True,london,10p,7p,35/65,1.1,-2.28,392,-9.58,1389,0.0,0
0.7394,45.11,19.79,0.02,-19.52,62.9,2268,11,10,-0.0086,0.8999,rsi_reversal_3c5b5ace,GBPJPY,M1,7,30,70,0.07,0.07,True,30,False,newyork,7p,7p,30/70,1.0,0.0,0,-9.55,824,-9.97,1444
0.7132,45.04,42.52,0.04,-42.38,65.8,4165,15,10,-0.0102,0.8702,rsi_reversal_cc7f2491,GBPJPY,M1,5,35,65,0.07,0.1,False,0,False,london,7p,10p,35/65,1.1,-6.78,902,-35.6,3263,0.0,0
0.6898,44.54,18.22,0.02,-18.05,63.5,1666,15,8,-0.0108,0.8591,rsi_reversal_518aca97,GBPJPY,M1,5,30,70,0.05,0.1,False,30,True,newyork,5p,10p,30/70,1.1,0.0,0,-7.8,600,-10.25,1066
0.7435,45.84,24.01,0.02,-23.49,62.5,2738,14,8,-0.0086,0.8786,rsi_reversal_9fd59b7c,GBPJPY,M1,6,40,60,0.07,0.07,False,0,True,newyork,7p,7p,40/60,1.0,0.0,0,-8.03,951,-15.47,1787
0.8434,47.73,10.89,0.01,-10.18,71.7,1913,9,8,-0.0053,0.9237,rsi_reversal_d1bff1f7,GBPJPY,M1,6,35,65,0.1,0.1,True,30,True,newyork,10p,10p,35/65,1.2,0.0,0,-5.24,679,-4.94,1234
0.733,45.01,25.41,0.03,-24.92,61.2,2766,10,8,-0.009,0.8955,rsi_reversal_c2c515fd,GBPJPY,M1,6,40,60,0.07,0.05,False,0,True,newyork,7p,5p,40/60,1.0,0.0,0,-10.76,968,-14.15,1798
0.8348,46.53,11.11,0.01,-10.54,60.4,2016,8,8,-0.0052,0.9594,rsi_reversal_0b35425b,GBPJPY,M1,6,35,65,0.05,0.05,False,30,True,newyork,5p,5p,35/65,1.0,0.0,0,-5.45,726,-5.09,1290
0.7286,44.85,20.7,0.02,-20.43,61.6,2283,11,10,-0.009,0.8958,rsi_reversal_ac395ed0,GBPJPY,M1,7,30,70,0.05,0.07,True,0,False,newyork,5p,7p,30/70,1.0,0.0,0,-9.93,830,-10.51,1453
0.7383,44.11,12.66,0.01,-12.4,66.3,1342,11,13,-0.0092,0.9354,rsi_reversal_493ec717,GBPJPY,M1,6,30,70,0.1,0.07,True,30,True,london,10p,7p,30/70,1.1,-2.15,301,-10.25,1041,0.0,0
0.717,43.63,47.15,0.05,-47.15,63.7,4749,12,9,-0.0099,0.9264,rsi_reversal_63af7aa6,GBPJPY,M1,7,40,60,0.1,0.05,False,30,False,london,10p,5p,40/60,1.1,-10.15,1027,-37.0,3722,0.0,0
0.7595,44.95,22.27,0.02,-22.13,65.8,2661,11,9,-0.0083,0.9304,rsi_reversal_caca89f3,GBPJPY,M1,6,40,60,0.1,0.07,False,30,True,london,10p,7p,40/60,1.1,-4.55,575,-17.58,2086,0.0,0
0.7605,44.66,16.27,0.02,-16.17,61.3,2004,9,9,-0.0081,0.9424,rsi_reversal_b574c964,GBPJPY,M1,6,35,65,0.07,0.05,True,0,True,london,7p,5p,35/65,1.0,-2.37,424,-13.79,1580,0.0,0
0.7661,45.5,43.19,0.04,-42.85,66.3,5321,13,8,-0.0081,0.9176,rsi_reversal_1e61ab5b,GBPJPY,M1,5,40,60,0.1,0.07,True,30,False,newyork,10p,7p,40/60,1.1,0.0,0,-17.9,1782,-24.95,3539
0.7789,46.34,19.09,0.02,-18.6,60.3,2585,11,7,-0.0072,0.9018,rsi_reversal_87e08781,GBPJPY,M1,7,40,60,0.05,0.05,True,15,True,newyork,5p,5p,40/60,1.0,0.0,0,-6.46,897,-12.14,1688
0.7343,46.65,23.53,0.02,-22.99,66.1,2510,13,11,-0.0092,0.8396,rsi_reversal_f6d27ced,GBPJPY,M1,7,40,60,0.07,0.1,True,30,True,newyork,7p,10p,40/60,1.1,0.0,0,-11.01,886,-11.98,1624
0.7484,46.66,23.83,0.02,-23.3,65.8,2666,10,11,-0.0087,0.8555,rsi_reversal_0c43953a,GBPJPY,M1,6,40,60,0.07,0.1,True,0,True,london,7p,10p,40/60,1.1,-5.25,587,-18.06,2079,0.0,0
0.6948,45.48,27.29,0.03,-27.09,63.6,2535,11,7,-0.0107,0.8328,rsi_reversal_950c7088,GBPJPY,M1,7,40,60,0.05,0.1,True,30,True,newyork,5p,10p,40/60,1.1,0.0,0,-11.34,894,-15.75,1641
0.7461,45.28,19.73,0.02,-19.39,62.5,2290,11,9,-0.0085,0.9015,rsi_reversal_38f414b2,GBPJPY,M1,5,35,65,0.07,0.07,True,15,True,newyork,7p,7p,35/65,1.0,0.0,0,-7.27,810,-12.12,1480
0.7227,44.8,37.34,0.04,-37.08,65.7,3741,12,9,-0.0099,0.8904,rsi_reversal_ebdf3550,GBPJPY,M1,6,35,65,0.07,0.1,True,0,False,london,7p,10p,35/65,1.1,-4.95,818,-32.12,2923,0.0,0
0.7888,45.04,13.21,0.01,-12.72,62.8,1803,13,10,-0.0071,0.9626,rsi_reversal_68a7eab0,GBPJPY,M1,7,35,65,0.07,0.07,True,15,True,london,7p,7p,35/65,1.0,-2.21,398,-10.51,1405,0.0,0
0.6888,43.21,29.29,0.03,-28.98,62.7,2638,13,7,-0.011,0.9051,rsi_reversal_595ccf5e,GBPJPY,M1,6,30,70,0.07,0.07,False,15,False,london,7p,7p,30/70,1.0,-4.15,576,-24.84,2062,0.0,0
0.7807,46.32,19.7,0.02,-19.1,71.8,2405,11,10,-0.0079,0.9048,rsi_reversal_d698851d,GBPJPY,M1,7,40,60,0.1,0.1,False,30,True,london,10p,10p,40/60,1.2,-4.6,527,-14.5,1878,0.0,0
0.7713,44.8,8.95,0.01,-8.95,61.6,1172,10,8,-0.0076,0.9506,rsi_reversal_53b4605c,GBPJPY,M1,7,30,70,0.07,0.05,True,15,True,london,7p,5p,30/70,1.0,-0.4,245,-8.55,927,0.0,0
0.7722,45.35,20.94,0.02,-20.76,62.6,2730,10,8,-0.0076,0.9306,rsi_reversal_74eb2ab3,GBPJPY,M1,6,40,60,0.07,0.07,False,30,True,london,7p,7p,40/60,1.0,-3.86,602,-16.9,2128,0.0,0
0.7584,45.27,18.51,0.02,-18.26,62.4,2262,11,8,-0.0081,0.9169,rsi_reversal_495025cc,GBPJPY,M1,5,35,65,0.07,0.07,True,15,True,newyork,7p,7p,35/65,1.0,0.0,0,-8.94,801,-9.32,1461
0.7757,45.43,8.65,0.01,-8.2,65.8,1116,10,7,-0.0073,0.9318,rsi_reversal_80d53925,GBPJPY,M1,7,30,70,0.07,0.1,False,30,True,newyork,7p,10p,30/70,1.1,0.0,0,-4.69,420,-3.51,696
0.7575,45.47,22.35,0.02,-22.18,61.2,2751,11,8,-0.0081,0.9083,rsi_reversal_394eaa34,GBPJPY,M1,6,40,60,0.05,0.07,True,30,True,london,5p,7p,40/60,1.0,-3.65,608,-18.53,2143,0.0,0
0.7234,45.84,15.6,0.02,-15.55,63.6,1610,10,12,-0.0097,0.8548,rsi_reversal_cd484151,GBPJPY,M1,5,30,70,0.05,0.1,True,15,True,london,5p,10p,30/70,1.1,-3.15,339,-12.4,1271,0.0,0
0.7724,45.66,29.22,0.03,-28.82,60.5,3907,12,8,-0.0074,0.9191,rsi_reversal_07850e42,GBPJPY,M1,6,35,65,0.05,0.05,False,30,False,newyork,5p,5p,35/65,1.0,0.0,0,-14.96,1340,-13.86,2567
0.8004,46.19,17.27,0.02,-16.69,65.5,2509,11,9,-0.0067,0.9323,rsi_reversal_f9bf3546,GBPJPY,M1,7,40,60,0.1,0.07,True,0,True,newyork,10p,7p,40/60,1.1,0.0,0,-5.84,879,-10.85,1630
0.8069,47.58,19.0,0.02,-18.21,65.7,2833,10,9,-0.0064,0.8889,rsi_reversal_368bb062,GBPJPY,M1,5,40,60,0.07,0.1,False,30,True,london,7p,10p,40/60,1.1,-4.05,650,-14.16,2183,0.0,0
0.8643,47.16,9.42,0.01,-8.65,66.2,1972,8,8,-0.0044,0.9684,rsi_reversal_223ea6d0,GBPJPY,M1,6,35,65,0.1,0.07,False,0,True,newyork,10p,7p,35/65,1.1,0.0,0,-4.54,701,-4.1,1271
0.7712,47.09,19.76,0.02,-19.26,63.4,2527,11,7,-0.0076,0.8665,rsi_reversal_91f932bc,GBPJPY,M1,7,40,60,0.05,0.1,False,0,True,newyork,5p,10p,40/60,1.1,0.0,0,-8.04,878,-11.22,1649
0.7271,44.78,15.27,0.02,-15.22,60.7,1637,10,8,-0.0093,0.8967,rsi_reversal_fc0bc919,GBPJPY,M1,5,30,70,0.05,0.05,True,15,True,london,5p,5p,30/70,1.0,-3.53,342,-11.69,1295,0.0,0
0.7241,43.23,13.22,0.01,-13.03,66.5,1314,12,7,-0.0099,0.951,rsi_reversal_5b1c75f5,GBPJPY,M1,6,30,70,0.1,0.07,False,30,True,london,10p,7p,30/70,1.1,-1.89,275,-11.14,1039,0.0,0
0.7353,44.61,29.12,0.03,-28.93,66.0,3098,11,10,-0.0093,0.913,rsi_reversal_832e517a,GBPJPY,M1,5,30,70,0.1,0.07,True,0,False,london,10p,7p,30/70,1.1,-5.89,673,-23.05,2425,0.0,0
0.7786,46.24,14.7,0.01,-14.51,63.2,1983,11,8,-0.0073,0.9052,rsi_reversal_39ea9954,GBPJPY,M1,6,35,65,0.05,0.1,True,0,True,newyork,5p,10p,35/65,1.1,0.0,0,-7.14,717,-7.37,1266
0.734,45.38,14.87,0.01,-14.82,61.4,1633,10,9,-0.0091,0.8835,rsi_reversal_b930d0a0,GBPJPY,M1,5,30,70,0.05,0.07,True,15,True,london,5p,7p,30/70,1.0,-3.52,341,-11.3,1292,0.0,0
0.784,47.22,20.88,0.02,-20.73,66.2,2823,9,9,-0.0073,0.8763,rsi_reversal_b34807ae,GBPJPY,M1,5,40,60,0.07,0.1,True,30,True,london,7p,10p,40/60,1.1,-2.0,609,-18.73,2214,0.0,0
0.7706,45.62,24.17,0.02,-23.96,62.6,3185,13,8,-0.0075,0.9186,rsi_reversal_275d5063,GBPJPY,M1,5,30,70,0.07,0.07,False,0,False,newyork,7p,7p,30/70,1.0,0.0,0,-13.66,1100,-10.3,2085
0.8364,46.61,10.7,0.01,-10.37,62.6,2004,11,7,-0.0052,0.9581,rsi_reversal_79f35806,GBPJPY,M1,6,35,65,0.07,0.07,True,15,True,newyork,7p,7p,35/65,1.0,0.0,0,-4.64,723,-5.73,1281
0.6998,43.48,13.71,0.01,-13.49,60.7,1366,8,9,-0.0099,0.9096,rsi_reversal_4b4d3045,GBPJPY,M1,6,30,70,0.05,0.05,False,0,True,newyork,5p,5p,30/70,1.0,0.0,0,-6.13,505,-7.36,861
0.7124,44.98,25.42,0.03,-25.23,61.2,2579,15,7,-0.0098,0.8714,rsi_reversal_b2469aa5,GBPJPY,M1,7,40,60,0.05,0.07,False,15,True,newyork,5p,7p,40/60,1.0,0.0,0,-9.59,903,-15.63,1676
0.7514,45.05,14.28,0.01,-14.1,66.1,1607,11,9,-0.0088,0.9164,rsi_reversal_04f5d4f6,GBPJPY,M1,5,30,70,0.1,0.07,True,0,True,london,10p,7p,30/70,1.1,-3.43,332,-10.67,1275,0.0,0
0.7463,44.63,11.43,0.01,-11.21,65.5,1322,8,7,-0.0085,0.9259,rsi_reversal_2497a775,GBPJPY,M1,6,30,70,0.07,0.1,True,30,True,newyork,7p,10p,30/70,1.1,0.0,0,-4.94,480,-6.27,842
0.7621,45.62,21.03,0.02,-20.66,62.5,2567,11,8,-0.008,0.9086,rsi_reversal_aab123be,GBPJPY,M1,7,40,60,0.07,0.07,True,30,True,newyork,7p,7p,40/60,1.0,0.0,0,-10.21,912,-10.45,1655
0.7533,45.23,18.86,0.02,-18.61,61.3,2277,11,8,-0.0082,0.912,rsi_reversal_0f44218d,GBPJPY,M1,5,35,65,0.05,0.07,True,0,True,newyork,5p,7p,35/65,1.0,0.0,0,-9.36,807,-9.25,1470
0.7374,44.3,31.42,0.03,-31.2,61.4,3490,15,11,-0.0089,0.9273,rsi_reversal_7e3a6ce6,GBPJPY,M1,7,35,65,0.07,0.05,True,0,False,london,7p,5p,35/65,1.0,-5.96,751,-25.25,2739,0.0,0
0.7492,45.46,45.88,0.05,-45.44,61.5,5438,10,11,-0.0084,0.8989,rsi_reversal_efba3d8b,GBPJPY,M1,5,40,60,0.07,0.05,False,0,False,london,7p,5p,40/60,1.0,-8.27,1204,-37.16,4234,0.0,0
0.7555,45.06,25.79,0.03,-25.57,61.1,3207,13,8,-0.008,0.9213,rsi_reversal_f29156c3,GBPJPY,M1,5,30,70,0.07,0.05,False,15,False,newyork,7p,5p,30/70,1.0,0.0,0,-14.02,1107,-11.55,2100
0.7579,46.04,45.09,0.05,-44.82,72.2,5085,15,11,-0.0088,0.8883,rsi_reversal_7c4ed5c0,GBPJPY,M1,5,40,60,0.1,0.1,False,30,False,london,10p,10p,40/60,1.2,-7.73,1124,-37.08,3961,0.0,0
0.7643,46.47,30.57,0.03,-30.09,63.5,3828,13,9,-0.0079,0.8803,rsi_reversal_9710f8df,GBPJPY,M1,6,35,65,0.05,0.1,False,0,False,newyork,5p,10p,35/65,1.1,0.0,0,-17.14,1317,-12.95,2511
0.802,45.56,11.31,0.01,-11.08,72.2,1576,11,8,-0.007,0.9584,rsi_reversal_01c934c6,GBPJPY,M1,5,30,70,0.1,0.1,False,30,True,newyork,10p,10p,30/70,1.2,0.0,0,-4.53,565,-6.55,1011
0.7058,45.8,28.22,0.03,-27.63,63.6,2712,14,9,-0.0102,0.8353,rsi_reversal_b1862c9d,GBPJPY,M1,6,40,60,0.05,0.1,False,0,True,newyork,5p,10p,40/60,1.1,0.0,0,-11.51,946,-16.12,1766
0.778,44.77,8.48,0.01,-8.13,61.3,1137,9,9,-0.0072,0.9599,rsi_reversal_c805b27a,GBPJPY,M1,7,30,70,0.07,0.05,False,30,True,newyork,7p,5p,30/70,1.0,0.0,0,-4.07,434,-4.06,703
0.7934,46.85,11.24,0.01,-10.89,63.4,1635,12,8,-0.0067,0.9,rsi_reversal_885d710f,GBPJPY,M1,5,30,70,0.05,0.1,False,0,True,newyork,5p,10p,30/70,1.1,0.0,0,-6.16,577,-4.73,1058
0.7641,45.14,18.12,0.02,-17.75,60.7,2286,12,9,-0.0078,0.9285,rsi_reversal_bd84c61b,GBPJPY,M1,5,35,65,0.05,0.05,True,30,True,london,5p,5p,35/65,1.0,-3.55,510,-14.2,1776,0.0,0
0.7273,45.51,15.79,0.02,-15.58,66.3,1591,13,11,-0.0098,0.871,rsi_reversal_23719b4d,GBPJPY,M1,5,30,70,0.07,0.1,False,15,True,london,7p,10p,30/70,1.1,-2.91,334,-12.67,1257,0.0,0
0.7981,46.31,25.81,0.03,-25.41,62.8,3861,13,8,-0.0066,0.9253,rsi_reversal_2b553265,GBPJPY,M1,6,35,65,0.07,0.07,False,0,False,newyork,7p,7p,35/65,1.0,0.0,0,-13.57,1324,-11.84,2537
0.7337,45.53,20.31,0.02,-20.04,63.3,2258,12,10,-0.0089,0.8779,rsi_reversal_fb22b0cb,GBPJPY,M1,7,30,70,0.05,0.1,False,15,False,newyork,5p,10p,30/70,1.1,0.0,0,-10.27,821,-9.77,1437
0.6948,42.91,14.82,0.01,-14.8,61.5,1396,20,10,-0.0106,0.9245,rsi_reversal_b6517ec9,GBPJPY,M1,6,30,70,0.07,0.05,False,0,True,london,7p,5p,30/70,1.0,-2.4,297,-12.41,1099,0.0,0
0.7243,44.09,41.0,0.04,-40.87,66.1,4173,13,10,-0.0098,0.9183,rsi_reversal_5e608b63,GBPJPY,M1,5,35,65,0.1,0.07,False,30,False,london,10p,7p,35/65,1.1,-7.47,903,-33.4,3270,0.0,0
0.758,46.83,44.8,0.04,-44.12,66.0,5315,11,10,-0.0083,0.8607,rsi_reversal_34639a92,GBPJPY,M1,5,40,60,0.07,0.1,False,0,False,newyork,7p,10p,40/60,1.1,0.0,0,-20.32,1780,-23.8,3535
0.7532,46.13,23.43,0.02,-22.94,66.0,2673,9,8,-0.0086,0.8796,rsi_reversal_77921c7d,GBPJPY,M1,6,40,60,0.07,0.1,False,30,True,newyork,7p,10p,40/60,1.1,0.0,0,-10.17,923,-12.77,1750
0.7478,45.31,24.83,0.02,-24.62,63.5,2900,14,11,-0.0085,0.9026,rsi_reversal_ec7526d2,GBPJPY,M1,5,40,60,0.1,0.05,True,30,True,newyork,10p,5p,40/60,1.1,0.0,0,-6.63,1013,-17.99,1887
0.72,44.2,16.11,0.02,-15.94,61.3,1690,13,8,-0.0094,0.9089,rsi_reversal_5f9e9754,GBPJPY,M1,5,30,70,0.05,0.07,False,0,True,newyork,5p,7p,30/70,1.0,0.0,0,-6.51,609,-9.43,1081
0.7715,44.79,13.73,0.01,-13.51,62.5,1777,9,8,-0.0076,0.9508,rsi_reversal_9727030d,GBPJPY,M1,7,35,65,0.07,0.07,False,0,True,newyork,7p,7p,35/65,1.0,0.0,0,-6.53,669,-6.99,1108
0.6963,44.41,28.07,0.03,-27.91,65.5,2605,12,7,-0.0107,0.8714,rsi_reversal_9f589214,GBPJPY,M1,6,30,70,0.07,0.1,False,15,False,newyork,7p,10p,30/70,1.1,0.0,0,-13.74,932,-14.16,1673
0.7542,44.71,19.2,0.02,-18.89,63.1,2261,12,8,-0.0084,0.9325,rsi_reversal_a258b9d3,GBPJPY,M1,5,35,65,0.1,0.05,False,30,True,newyork,10p,5p,35/65,1.1,0.0,0,-9.38,803,-9.5,1458
0.7856,46.07,16.32,0.02,-15.85,62.5,2251,11,9,-0.007,0.9197,rsi_reversal_dd1626a8,GBPJPY,M1,5,35,65,0.07,0.07,False,15,True,newyork,7p,7p,35/65,1.0,0.0,0,-6.49,786,-9.36,1465
0.7851,45.17,8.23,0.01,-7.75,61.5,1129,10,8,-0.0069,0.9529,rsi_reversal_c99ee21f,GBPJPY,M1,7,30,70,0.05,0.07,False,30,True,newyork,5p,7p,30/70,1.0,0.0,0,-4.02,432,-3.73,697
0.7182,45.48,28.13,0.03,-27.92,61.2,2940,14,11,-0.0095,0.8611,rsi_reversal_d5135a90,GBPJPY,M1,5,40,60,0.07,0.05,True,30,True,newyork,7p,5p,40/60,1.0,0.0,0,-8.28,1025,-19.64,1915
0.7737,44.88,12.99,0.01,-12.75,66.2,1622,12,9,-0.0079,0.9501,rsi_reversal_87d60ab1,GBPJPY,M1,5,30,70,0.1,0.07,False,30,True,london,10p,7p,30/70,1.1,-3.72,363,-9.03,1259,0.0,0
0.7799,45.53,32.0,0.03,-31.69,66.4,4239,14,11,-0.0075,0.933,rsi_reversal_1a42ca0d,GBPJPY,M1,5,35,65,0.1,0.07,True,15,False,newyork,10p,7p,35/65,1.1,0.0,0,-16.5,1434,-15.19,2805
0.7227,43.8,13.15,0.01,-13.03,63.8,1354,11,13,-0.0096,0.9275,rsi_reversal_6ee1ae7c,GBPJPY,M1,6,30,70,0.1,0.05,False,0,True,london,10p,5p,30/70,1.1,-2.26,302,-10.77,1052,0.0,0
0.7875,44.76,14.85,0.01,-14.31,63.1,2004,11,9,-0.0071,0.9719,rsi_reversal_a339f213,GBPJPY,M1,6,35,65,0.1,0.05,False,30,True,london,10p,5p,35/65,1.1,-2.84,445,-11.47,1559,0.0,0
0.7589,45.25,18.29,0.02,-17.97,60.3,2272,11,10,-0.0079,0.9184,rsi_reversal_3fd2a4c1,GBPJPY,M1,5,35,65,0.05,0.05,True,30,True,newyork,5p,5p,35/65,1.0,0.0,0,-7.88,794,-10.08,1478
0.7347,45.44,26.61,0.03,-26.28,61.1,2938,10,9,-0.0089,0.8822,rsi_reversal_70092c16,GBPJPY,M1,5,40,60,0.07,0.05,True,30,True,newyork,7p,5p,40/60,1.0,0.0,0,-8.68,1016,-17.6,1922
0.7866,45.28,11.83,0.01,-11.61,62.7,1652,10,8,-0.007,0.9506,rsi_reversal_4078e8e9,GBPJPY,M1,5,30,70,0.07,0.07,False,0,True,newyork,7p,7p,30/70,1.0,0.0,0,-6.05,609,-5.56,1043
0.7602,46.06,9.54,0.01,-9.5,63.1,1155,12,8,-0.0082,0.8902,rsi_reversal_3c6b0003,GBPJPY,M1,7,30,70,0.05,0.1,True,0,True,london,5p,10p,30/70,1.1,0.04,244,-9.54,911,0.0,0
0.7262,44.69,21.45,0.02,-21.11,61.2,2305,11,9,-0.0092,0.8989,rsi_reversal_7235e1c6,GBPJPY,M1,5,35,65,0.05,0.07,True,0,True,newyork,5p,7p,35/65,1.0,0.0,0,-7.88,818,-13.24,1487
0.7391,45.26,25.51,0.03,-24.95,72.7,2583,10,8,-0.0097,0.8939,rsi_reversal_d8a5250a,GBPJPY,M1,6,40,60,0.1,0.1,False,30,True,newyork,10p,10p,40/60,1.2,0.0,0,-12.48,898,-12.47,1685
0.7193,44.29,21.44,0.02,-21.17,60.7,2296,11,8,-0.0092,0.9046,rsi_reversal_e36c887b,GBPJPY,M1,7,30,70,0.05,0.05,False,30,False,newyork,5p,5p,30/70,1.0,0.0,0,-9.63,835,-11.54,1461
0.7858,45.67,13.48,0.01,-12.99,72.3,1686,9,6,-0.0077,0.9347,rsi_reversal_45f64d7e,GBPJPY,M1,7,35,65,0.1,0.1,True,15,True,newyork,10p,10p,35/65,1.2,0.0,0,-6.02,632,-6.97,1054
0.7459,45.38,15.23,0.02,-14.59,66.2,1613,12,9,-0.009,0.8977,rsi_reversal_b501265b,GBPJPY,M1,5,30,70,0.07,0.1,True,15,True,london,7p,10p,30/70,1.1,-2.91,358,-11.68,1255,0.0,0
0.7545,44.26,15.16,0.02,-15.06,60.5,1819,11,7,-0.0083,0.9504,rsi_reversal_35a47688,GBPJPY,M1,7,35,65,0.05,0.05,False,30,True,london,5p,5p,35/65,1.0,-1.86,392,-13.2,1427,0.0,0
0.7588,45.88,40.13,0.04,-39.6,71.9,4571,13,10,-0.0087,0.8953,rsi_reversal_3a2fdcf4,GBPJPY,M1,7,40,60,0.1,0.1,True,15,False,newyork,10p,10p,40/60,1.2,0.0,0,-18.62,1560,-20.98,3011
0.7462,45.4,22.49,0.02,-22.11,60.5,2597,11,8,-0.0085,0.8975,rsi_reversal_c02848e8,GBPJPY,M1,7,40,60,0.05,0.05,False,0,True,newyork,5p,5p,40/60,1.0,0.0,0,-10.76,921,-11.35,1676
0.7681,44.84,12.95,0.01,-12.74,61.1,1666,10,8,-0.0076,0.945,rsi_reversal_2d7033e0,GBPJPY,M1,5,30,70,0.07,0.05,True,15,True,newyork,7p,5p,30/70,1.0,0.0,0,-6.3,615,-6.43,1051
0.7467,45.08,15.45,0.02,-15.32,62.6,1810,12,7,-0.0085,0.9096,rsi_reversal_23b54937,GBPJPY,M1,7,35,65,0.07,0.07,True,0,True,newyork,7p,7p,35/65,1.0,0.0,0,-6.43,668,-8.89,1142
0.7275,45.87,47.21,0.05,-47.06,63.4,5034,12,11,-0.0093,0.8586,rsi_reversal_f3211de3,GBPJPY,M1,6,40,60,0.05,0.1,False,30,False,london,5p,10p,40/60,1.1,-8.31,1113,-38.75,3921,0.0,0
0.7785,46.81,17.57,0.02,-17.32,72.0,2147,11,8,-0.0081,0.8846,rsi_reversal_5fba0d19,GBPJPY,M1,5,35,65,0.1,0.1,True,30,True,london,10p,10p,35/65,1.2,-3.2,445,-14.13,1702,0.0,0
0.738,46.05,18.39,0.02,-18.11,65.8,1963,9,12,-0.0092,0.8645,rsi_reversal_59de9b88,GBPJPY,M1,6,35,65,0.07,0.1,False,0,True,london,7p,10p,35/65,1.1,-2.56,436,-15.54,1527,0.0,0
0.7431,45.95,10.03,0.01,-9.86,63.5,1110,10,8,-0.0089,0.8743,rsi_reversal_588c4cde,GBPJPY,M1,7,30,70,0.05,0.1,True,0,True,london,5p,10p,30/70,1.1,-0.27,229,-9.59,881,0.0,0
0.8449,46.76,10.38,0.01,-9.85,61.1,2008,8,8,-0.0049,0.9619,rsi_reversal_073034a2,GBPJPY,M1,6,35,65,0.05,0.07,True,30,True,newyork,5p,7p,35/65,1.0,0.0,0,-5.45,723,-4.4,1285
0.8235,47.0,12.21,0.01,-11.61,65.9,1953,9,8,-0.0059,0.9285,rsi_reversal_eced18e1,GBPJPY,M1,6,35,65,0.07,0.1,False,15,True,newyork,7p,10p,35/65,1.1,0.0,0,-6.29,705,-5.32,1248
0.7715,45.33,21.29,0.02,-20.81,63.2,2700,11,9,-0.0077,0.9303,rsi_reversal_376ab75c,GBPJPY,M1,6,40,60,0.1,0.05,True,0,True,london,10p,5p,40/60,1.1,-6.02,603,-14.79,2097,0.0,0
0.7012,44.82,35.92,0.04,-35.78,63.6,3420,14,11,-0.0105,0.8631,rsi_reversal_9e8168f0,GBPJPY,M1,7,35,65,0.05,0.1,True,15,False,london,5p,10p,35/65,1.1,-6.67,740,-29.11,2680,0.0,0
0.7726,47.69,22.25,0.02,-21.73,63.2,2883,11,8,-0.0075,0.8473,rsi_reversal_f6f8a218,GBPJPY,M1,5,40,60,0.05,0.1,False,0,True,london,5p,10p,40/60,1.1,-4.49,641,-17.24,2242,0.0,0
0.7852,45.4,21.03,0.02,-20.95,63.4,2912,11,10,-0.0072,0.9444,rsi_reversal_661f8a7d,GBPJPY,M1,5,40,60,0.1,0.05,False,30,True,london,10p,5p,40/60,1.1,-4.1,638,-16.84,2274,0.0,0
0.7243,44.09,41.0,0.04,-40.87,66.1,4173,13,10,-0.0098,0.9183,rsi_reversal_ab9faa56,GBPJPY,M1,5,35,65,0.1,0.07,False,0,False,london,10p,7p,35/65,1.1,-7.47,903,-33.4,3270,0.0,0
0.7714,44.72,13.21,0.01,-12.77,63.3,1648,13,9,-0.0078,0.9535,rsi_reversal_b9afbb80,GBPJPY,M1,5,30,70,0.1,0.05,False,30,True,london,10p,5p,30/70,1.1,-3.79,362,-8.98,1286,0.0,0
0.7249,44.75,25.01,0.03,-24.17,61.4,2563,12,9,-0.0094,0.8948,rsi_reversal_970c126d,GBPJPY,M1,7,40,60,0.07,0.05,False,30,True,london,7p,5p,40/60,1.0,-6.09,555,-18.08,2008,0.0,0
0.7621,46.61,27.9,0.03,-27.5,63.5,3448,14,9,-0.008,0.873,rsi_reversal_987af180,GBPJPY,M1,7,35,65,0.05,0.1,True,0,False,newyork,5p,10p,35/65,1.1,0.0,0,-15.75,1217,-11.75,2231
0.8051,46.78,18.7,0.02,-17.93,71.8,2563,12,11,-0.007,0.9159,rsi_reversal_34957654,GBPJPY,M1,6,40,60,0.1,0.1,True,15,True,london,10p,10p,40/60,1.2,-4.75,569,-13.18,1994,0.0,0
0.7777,45.99,28.54,0.03,-28.14,61.4,3886,13,8,-0.0072,0.9135,rsi_reversal_24c6870e,GBPJPY,M1,6,35,65,0.05,0.07,False,30,False,newyork,5p,7p,35/65,1.0,0.0,0,-15.59,1332,-12.55,2554
0.7828,45.75,16.24,0.02,-15.85,61.0,2280,11,9,-0.007,0.9285,rsi_reversal_c4a6e742,GBPJPY,M1,5,35,65,0.07,0.05,True,15,True,newyork,7p,5p,35/65,1.0,0.0,0,-5.67,810,-10.17,1470
0.74,44.6,14.62,0.01,-14.57,60.5,1657,11,7,-0.0088,0.9193,rsi_reversal_67ec9955,GBPJPY,M1,5,30,70,0.05,0.05,False,0,True,london,5p,5p,30/70,1.0,-3.41,374,-11.16,1283,0.0,0
0.7394,45.94,20.61,0.02,-20.27,65.9,2242,11,9,-0.009,0.8701,rsi_reversal_a3c3b9bf,GBPJPY,M1,5,35,65,0.07,0.1,False,0,True,newyork,7p,10p,35/65,1.1,0.0,0,-9.41,789,-10.86,1453
0.775,46.35,13.13,0.01,-12.9,72.0,1575,11,10,-0.0082,0.8971,rsi_reversal_e235ac4e,GBPJPY,M1,5,30,70,0.1,0.1,True,30,True,london,10p,10p,30/70,1.2,-2.51,350,-10.38,1225,0.0,0
0.7555,45.3,14.06,0.01,-13.85,65.5,1616,12,9,-0.0086,0.9124,rsi_reversal_9804d24d,GBPJPY,M1,5,30,70,0.07,0.1,False,15,True,london,7p,10p,30/70,1.1,-2.8,369,-11.06,1247,0.0,0
0.7125,43.99,22.78,0.02,-22.44,62.8,2255,13,8,-0.01,0.9072,rsi_reversal_ea17fbe3,GBPJPY,M1,7,30,70,0.07,0.07,True,30,False,london,7p,7p,30/70,1.0,-3.89,484,-18.55,1771,0.0,0
0.7037,43.98,23.33,0.02,-23.13,60.6,2283,10,8,-0.0101,0.8965,rsi_reversal_a8e55b87,GBPJPY,M1,7,30,70,0.05,0.05,False,0,False,london,5p,5p,30/70,1.0,-4.51,492,-18.62,1791,0.0,0
0.7396,46.15,38.18,0.04,-37.6,63.6,4275,16,11,-0.0088,0.863,rsi_reversal_0286d075,GBPJPY,M1,5,35,65,0.05,0.1,False,15,False,newyork,5p,10p,35/65,1.1,0.0,0,-19.86,1448,-17.73,2827
0.7703,46.58,17.85,0.02,-17.22,66.2,2224,11,11,-0.0077,0.8834,rsi_reversal_252d60cf,GBPJPY,M1,5,35,65,0.07,0.1,True,0,True,newyork,7p,10p,35/65,1.1,0.0,0,-9.93,784,-7.3,1440
0.7511,46.32,21.96,0.02,-21.61,66.3,2470,10,10,-0.0088,0.8705,rsi_reversal_49e1b0a5,GBPJPY,M1,7,40,60,0.07,0.1,False,15,True,london,7p,10p,40/60,1.1,-3.45,516,-18.16,1954,0.0,0
0.7205,44.59,13.13,0.01,-13.0,61.4,1368,10,13,-0.0095,0.8953,rsi_reversal_8fee0e33,GBPJPY,M1,6,30,70,0.05,0.07,True,15,True,london,5p,7p,30/70,1.0,-1.49,311,-11.51,1057,0.0,0
0.739,42.9,10.66,0.01,-10.47,72.9,1571,13,9,-0.0067,0.9835,rsi_reversal_03998f1f,USDJPY,M1,5,30,70,0.1,0.05,False,15,True,london,10p,5p,30/70,1.2,-1.71,360,-8.76,1211,0.0,0
0.7442,47.65,36.29,0.04,-35.82,104.6,4317,11,12,-0.0083,0.8177,rsi_reversal_5ed44612,USDJPY,M1,5,40,60,0.1,0.1,False,0,False,london,10p,10p,40/60,1.7,-8.42,963,-27.41,3354,0.0,0
0.7211,44.93,20.29,0.02,-19.87,70.1,2720,11,10,-0.0073,0.8839,rsi_reversal_5378cdea,USDJPY,M1,5,40,60,0.07,0.07,True,15,True,newyork,7p,7p,40/60,1.2,0.0,0,-5.25,893,-14.62,1827
0.7988,44.54,6.01,0.01,-5.38,73.4,1053,17,9,-0.0051,0.9946,rsi_reversal_015659fd,USDJPY,M1,7,30,70,0.1,0.05,True,15,True,london,10p,5p,30/70,1.2,-0.55,220,-4.84,833,0.0,0
0.6788,44.93,13.95,0.01,-13.33,62.7,1658,17,8,-0.008,0.8319,rsi_reversal_26c2a1e5,USDJPY,M1,5,30,70,0.05,0.05,True,0,True,newyork,5p,5p,30/70,1.0,0.0,0,-1.34,555,-11.99,1103
0.745,44.83,13.92,0.01,-13.4,65.8,2148,12,8,-0.0062,0.9167,rsi_reversal_5cfb03a6,USDJPY,M1,7,30,70,0.07,0.05,False,15,False,london,7p,5p,30/70,1.1,-2.71,460,-10.69,1688,0.0,0
0.7007,42.1,20.87,0.02,-20.7,74.0,2558,12,9,-0.0081,0.9636,rsi_reversal_0117f4e3,USDJPY,M1,6,40,60,0.1,0.05,False,30,True,newyork,10p,5p,40/60,1.2,0.0,0,-4.77,863,-15.93,1695
0.7249,43.37,34.25,0.03,-34.23,80.8,4386,13,10,-0.0078,0.9467,rsi_reversal_e0f35226,USDJPY,M1,7,40,60,0.1,0.07,True,0,False,london,10p,7p,40/60,1.3,-7.1,960,-27.13,3426,0.0,0
0.7212,49.05,15.6,0.02,-15.49,84.0,1953,9,9,-0.0079,0.749,rsi_reversal_db71e1e3,USDJPY,M1,7,30,70,0.07,0.1,False,15,False,newyork,7p,10p,30/70,1.4,0.0,0,-4.39,641,-11.1,1312
0.7514,42.77,16.32,0.02,-15.92,73.4,2490,13,7,-0.0064,1.0054,rsi_reversal_494958dc,USDJPY,M1,6,30,70,0.1,0.05,False,15,False,london,10p,5p,30/70,1.2,-3.93,544,-11.99,1946,0.0,0
0.7562,49.04,11.03,0.01,-10.94,83.2,1609,10,10,-0.0068,0.786,rsi_reversal_4f83959c,USDJPY,M1,7,35,65,0.07,0.1,True,15,True,london,7p,10p,35/65,1.4,-1.19,352,-9.75,1257,0.0,0
0.7221,48.52,34.88,0.03,-34.49,72.8,4800,14,10,-0.0072,0.7661,rsi_reversal_50e24eec,USDJPY,M1,6,40,60,0.05,0.1,False,30,False,london,5p,10p,40/60,1.2,-6.66,1052,-27.83,3748,0.0,0
0.7247,48.48,25.34,0.03,-25.07,72.9,3542,9,10,-0.0071,0.7703,rsi_reversal_284f503b,USDJPY,M1,6,35,65,0.05,0.1,True,30,False,london,5p,10p,35/65,1.2,-4.22,786,-20.85,2756,0.0,0
0.7146,45.42,14.87,0.01,-14.07,65.3,1931,17,7,-0.0073,0.8588,rsi_reversal_7d07a384,USDJPY,M1,6,35,65,0.05,0.07,False,30,True,newyork,5p,7p,35/65,1.1,0.0,0,-1.51,640,-12.56,1291
0.756,44.78,8.3,0.01,-7.92,64.5,1342,11,10,-0.0059,0.9321,rsi_reversal_e18d3b31,USDJPY,M1,6,30,70,0.07,0.05,True,15,True,london,7p,5p,30/70,1.1,-1.47,304,-6.45,1038,0.0,0
0.701,44.94,20.13,0.02,-19.87,62.7,2710,15,9,-0.0073,0.8587,rsi_reversal_216ae107,USDJPY,M1,6,40,60,0.05,0.05,False,15,True,newyork,5p,5p,40/60,1.0,0.0,0,-3.71,901,-16.16,1809
0.7407,46.14,17.45,0.02,-16.63,64.9,2607,13,11,-0.0064,0.8644,rsi_reversal_352fb4b6,USDJPY,M1,6,40,60,0.05,0.07,True,30,True,newyork,5p,7p,40/60,1.1,0.0,0,-2.46,857,-14.16,1750
0.7228,43.26,36.84,0.04,-36.82,80.5,4656,13,10,-0.0079,0.9482,rsi_reversal_cfa9e126,USDJPY,M1,6,40,60,0.1,0.07,True,0,False,london,10p,7p,40/60,1.3,-7.39,1028,-29.43,3628,0.0,0
0.7398,43.36,18.85,0.02,-18.54,72.6,2747,11,10,-0.0067,0.9665,rsi_reversal_c9ea61fa,USDJPY,M1,5,40,60,0.1,0.05,True,15,True,newyork,10p,5p,40/60,1.2,0.0,0,-5.07,919,-13.46,1828
0.7653,46.07,10.15,0.01,-9.93,62.4,1743,14,9,-0.0057,0.8959,rsi_reversal_b681ab4c,USDJPY,M1,7,35,65,0.05,0.05,False,15,True,london,5p,5p,35/65,1.0,-2.15,367,-7.78,1376,0.0,0
0.7221,45.39,19.78,0.02,-19.26,62.8,2864,11,9,-0.0067,0.8687,rsi_reversal_716cf7f9,USDJPY,M1,5,40,60,0.05,0.05,False,15,True,newyork,5p,5p,40/60,1.0,0.0,0,-5.09,960,-14.17,1904
0.6701,42.29,15.96,0.02,-15.51,73.4,1719,20,9,-0.009,0.9143,rsi_reversal_86bfe25c,USDJPY,M1,7,35,65,0.1,0.05,False,30,True,newyork,10p,5p,35/65,1.2,0.0,0,-4.19,588,-11.32,1131
0.7183,44.35,19.19,0.02,-18.54,65.4,2609,12,10,-0.0071,0.9015,rsi_reversal_2ad3954d,USDJPY,M1,6,40,60,0.07,0.05,False,0,True,newyork,7p,5p,40/60,1.1,0.0,0,-3.74,859,-14.81,1750
0.7819,44.75,11.12,0.01,-11.05,80.9,1837,18,10,-0.006,0.9655,rsi_reversal_850e9e77,USDJPY,M1,6,35,65,0.1,0.07,True,15,True,london,10p,7p,35/65,1.3,-2.1,410,-8.95,1427,0.0,0
0.7577,50.08,7.94,0.01,-7.83,73.8,1274,8,10,-0.0061,0.7553,rsi_reversal_0f913517,USDJPY,M1,6,30,70,0.05,0.1,True,30,True,london,5p,10p,30/70,1.2,-0.53,291,-7.3,983,0.0,0
0.719,42.77,39.22,0.04,-38.9,80.5,4882,22,8,-0.008,0.9621,rsi_reversal_28d095db,USDJPY,M1,5,40,60,0.1,0.07,True,15,False,newyork,10p,7p,40/60,1.3,0.0,0,-14.52,1645,-24.38,3237
0.7488,43.31,11.59,0.01,-11.45,81.2,1658,14,9,-0.0069,0.9803,rsi_reversal_556f70a3,USDJPY,M1,7,35,65,0.1,0.07,True,30,True,london,10p,7p,35/65,1.4,-1.64,362,-9.81,1296,0.0,0
0.7681,43.39,13.39,0.01,-12.93,72.4,2162,14,7,-0.006,1.0023,rsi_reversal_7ea2e79b,USDJPY,M1,5,35,65,0.1,0.05,False,0,True,london,10p,5p,35/65,1.2,-2.39,495,-10.54,1667,0.0,0
0.754,49.01,8.6,0.01,-8.35,84.5,1214,8,7,-0.0069,0.7844,rsi_reversal_1180a1ef,USDJPY,M1,6,30,70,0.07,0.1,True,0,True,newyork,7p,10p,30/70,1.4,0.0,0,-2.3,408,-6.05,806
0.7404,47.13,11.72,0.01,-11.58,103.1,1394,8,12,-0.0083,0.8305,rsi_reversal_1bb49f1a,USDJPY,M1,5,30,70,0.1,0.1,True,0,True,london,10p,10p,30/70,1.7,-1.51,318,-10.07,1076,0.0,0
0.7277,45.83,18.29,0.02,-17.66,62.7,2686,14,12,-0.0066,0.8601,rsi_reversal_d7afd83c,USDJPY,M1,6,40,60,0.05,0.05,False,15,True,newyork,5p,5p,40/60,1.0,0.0,0,-4.51,894,-13.15,1792
0.7047,44.99,35.08,0.04,-34.5,62.5,4841,13,8,-0.0071,0.8617,rsi_reversal_b8b53191,USDJPY,M1,7,40,60,0.05,0.05,True,15,False,london,5p,5p,40/60,1.0,-7.15,1061,-27.35,3780,0.0,0
0.7808,44.8,9.91,0.01,-9.82,81.8,1605,18,8,-0.0061,0.9622,rsi_reversal_26040d1a,USDJPY,M1,7,35,65,0.1,0.07,False,0,True,london,10p,7p,35/65,1.4,-1.47,340,-8.35,1265,0.0,0
0.6851,44.53,17.53,0.02,-17.41,70.1,2111,17,9,-0.0082,0.8534,rsi_reversal_3c5b5ace,USDJPY,M1,7,30,70,0.07,0.07,True,30,False,newyork,7p,7p,30/70,1.2,0.0,0,-5.1,690,-12.31,1421
0.7335,48.88,28.17,0.03,-28.0,82.8,3811,11,9,-0.0073,0.7669,rsi_reversal_cc7f2491,USDJPY,M1,5,35,65,0.07,0.1,False,0,False,london,7p,10p,35/65,1.4,-4.55,842,-23.46,2969,0.0,0
0.6937,47.05,13.03,0.01,-12.81,73.7,1558,12,8,-0.0082,0.7807,rsi_reversal_518aca97,USDJPY,M1,5,30,70,0.05,0.1,False,30,True,newyork,5p,10p,30/70,1.2,0.0,0,-2.14,528,-10.67,1030
0.7467,45.45,17.21,0.02,-16.73,70.3,2572,13,11,-0.0065,0.8962,rsi_reversal_9fd59b7c,USDJPY,M1,6,40,60,0.07,0.07,False,0,True,newyork,7p,7p,40/60,1.2,0.0,0,-4.53,863,-12.21,1709
0.7742,48.37,12.88,0.01,-12.02,102.9,1652,9,8,-0.0073,0.8265,rsi_reversal_d1bff1f7,USDJPY,M1,6,35,65,0.1,0.1,True,30,True,newyork,10p,10p,35/65,1.7,0.0,0,-2.44,550,-9.58,1102
0.6924,44.66,21.19,0.02,-21.03,65.6,2669,14,8,-0.0079,0.8579,rsi_reversal_c2c515fd,USDJPY,M1,6,40,60,0.07,0.05,False,0,True,newyork,7p,5p,40/60,1.1,0.0,0,-5.66,898,-15.37,1771
0.684,44.28,16.68,0.02,-15.92,62.6,1994,14,11,-0.008,0.8607,rsi_reversal_0b35425b,USDJPY,M1,6,35,65,0.05,0.05,False,30,True,newyork,5p,5p,35/65,1.0,0.0,0,-2.61,655,-13.3,1339
0.6738,45.5,17.78,0.02,-17.56,64.9,2167,15,10,-0.0081,0.807,rsi_reversal_ac395ed0,USDJPY,M1,7,30,70,0.05,0.07,True,0,False,newyork,5p,7p,30/70,1.1,0.0,0,-4.54,714,-13.03,1453
0.7174,41.75,10.14,0.01,-9.94,81.4,1248,12,8,-0.008,1.0011,rsi_reversal_493ec717,USDJPY,M1,6,30,70,0.1,0.07,True,30,True,london,10p,7p,30/70,1.4,-1.52,280,-8.42,968,0.0,0
0.7334,42.56,32.66,0.03,-32.08,72.9,4584,13,8,-0.007,0.9898,rsi_reversal_63af7aa6,USDJPY,M1,7,40,60,0.1,0.05,False,30,False,london,10p,5p,40/60,1.2,-7.22,1003,-24.86,3581,0.0,0
0.771,43.76,16.22,0.02,-15.9,82.0,2507,13,9,-0.0063,0.991,rsi_reversal_caca89f3,USDJPY,M1,6,40,60,0.1,0.07,False,30,True,london,10p,7p,40/60,1.4,-3.31,566,-12.59,1941,0.0,0
0.7595,45.04,11.79,0.01,-11.42,65.2,1974,14,13,-0.0058,0.9269,rsi_reversal_b574c964,USDJPY,M1,6,35,65,0.07,0.05,True,0,True,london,7p,5p,35/65,1.1,-2.24,454,-9.19,1520,0.0,0
0.719,42.77,39.22,0.04,-38.9,80.5,4882,22,8,-0.008,0.9621,rsi_reversal_1e61ab5b,USDJPY,M1,5,40,60,0.1,0.07,True,30,False,newyork,10p,7p,40/60,1.3,0.0,0,-14.52,1645,-24.38,3237
0.743,45.86,15.97,0.02,-15.52,62.5,2549,9,9,-0.0061,0.8771,rsi_reversal_87e08781,USDJPY,M1,7,40,60,0.05,0.05,True,15,True,newyork,5p,5p,40/60,1.0,0.0,0,-3.47,846,-12.05,1703
0.7487,49.07,16.46,0.02,-15.93,83.2,2270,11,10,-0.007,0.7769,rsi_reversal_f6d27ced,USDJPY,M1,7,40,60,0.07,0.1,True,30,True,newyork,7p,10p,40/60,1.4,0.0,0,-4.55,773,-11.38,1497
0.7334,48.75,18.24,0.02,-18.09,82.6,2441,9,9,-0.0074,0.771,rsi_reversal_0c43953a,USDJPY,M1,6,40,60,0.07,0.1,True,0,True,london,7p,10p,40/60,1.4,-3.89,547,-14.2,1894,0.0,0
0.7346,48.07,16.73,0.02,-16.42,73.0,2384,11,10,-0.0069,0.7936,rsi_reversal_950c7088,USDJPY,M1,7,40,60,0.05,0.1,True,30,True,newyork,5p,10p,40/60,1.2,0.0,0,-4.13,816,-12.28,1568
0.7446,45.93,14.96,0.01,-14.42,70.1,2173,12,11,-0.0066,0.8766,rsi_reversal_38f414b2,USDJPY,M1,5,35,65,0.07,0.07,True,15,True,newyork,7p,7p,35/65,1.2,0.0,0,-3.46,734,-10.96,1439
0.7406,48.88,24.22,0.02,-24.02,82.6,3361,11,11,-0.0071,0.7744,rsi_reversal_ebdf3550,USDJPY,M1,6,35,65,0.07,0.1,True,0,False,london,7p,10p,35/65,1.4,-4.51,746,-19.51,2615,0.0,0
0.7543,45.87,10.79,0.01,-10.62,69.8,1696,15,7,-0.0063,0.89,rsi_reversal_68a7eab0,USDJPY,M1,7,35,65,0.07,0.07,True,15,True,london,7p,7p,35/65,1.2,-1.94,368,-8.68,1328,0.0,0
0.7157,44.92,18.36,0.02,-18.0,70.9,2471,12,7,-0.0073,0.8775,rsi_reversal_595ccf5e,USDJPY,M1,6,30,70,0.07,0.07,False,15,False,london,7p,7p,30/70,1.2,-4.38,535,-13.63,1936,0.0,0
0.773,48.63,15.52,0.02,-15.3,104.1,2118,9,11,-0.0072,0.8165,rsi_reversal_d698851d,USDJPY,M1,7,40,60,0.1,0.1,False,30,True,london,10p,10p,40/60,1.7,-3.22,468,-12.08,1650,0.0,0
0.7837,45.98,6.19,0.01,-5.79,65.8,1094,16,7,-0.0053,0.9208,rsi_reversal_53b4605c,USDJPY,M1,7,30,70,0.07,0.05,True,15,True,london,7p,5p,30/70,1.1,-0.8,235,-4.99,859,0.0,0
0.7521,45.75,16.95,0.02,-16.56,70.3,2658,14,9,-0.0062,0.8919,rsi_reversal_74eb2ab3,USDJPY,M1,6,40,60,0.07,0.07,False,30,True,london,7p,7p,40/60,1.2,-2.8,597,-13.76,2061,0.0,0
0.716,45.58,16.5,0.02,-16.21,69.8,2161,15,9,-0.0075,0.8548,rsi_reversal_495025cc,USDJPY,M1,5,35,65,0.07,0.07,True,15,True,newyork,7p,7p,35/65,1.2,0.0,0,-5.05,730,-11.15,1431
0.6966,49.02,8.89,0.01,-8.89,83.9,1018,8,9,-0.0087,0.7245,rsi_reversal_80d53925,USDJPY,M1,7,30,70,0.07,0.1,False,30,True,newyork,7p,10p,30/70,1.4,0.0,0,-3.09,335,-5.8,683
0.7613,46.9,15.93,0.02,-15.63,65.0,2742,14,10,-0.0057,0.862,rsi_reversal_394eaa34,USDJPY,M1,6,40,60,0.05,0.07,True,30,True,london,5p,7p,40/60,1.1,-3.13,612,-12.51,2130,0.0,0
0.7589,50.0,9.45,0.01,-9.32,73.2,1528,8,10,-0.0061,0.7589,rsi_reversal_cd484151,USDJPY,M1,5,30,70,0.05,0.1,True,15,True,london,5p,10p,30/70,1.2,-1.05,331,-8.27,1197,0.0,0
0.6697,44.14,32.59,0.03,-31.61,62.3,3779,15,8,-0.0084,0.8476,rsi_reversal_07850e42,USDJPY,M1,6,35,65,0.05,0.05,False,30,False,newyork,5p,5p,35/65,1.0,0.0,0,-8.69,1272,-22.92,2507
0.7684,44.48,15.44,0.02,-14.9,81.1,2329,9,9,-0.0064,0.959,rsi_reversal_f9bf3546,USDJPY,M1,7,40,60,0.1,0.07,True,0,True,newyork,10p,7p,40/60,1.4,0.0,0,-3.26,789,-11.64,1540
0.7186,48.9,20.62,0.02,-20.57,82.8,2595,10,8,-0.0079,0.7509,rsi_reversal_368bb062,USDJPY,M1,5,40,60,0.07,0.1,False,30,True,london,7p,10p,40/60,1.4,-5.37,580,-15.21,2015,0.0,0
0.7393,43.81,14.51,0.01,-13.62,82.6,1826,13,7,-0.0075,0.9482,rsi_reversal_223ea6d0,USDJPY,M1,6,35,65,0.1,0.07,False,0,True,newyork,10p,7p,35/65,1.4,0.0,0,-2.84,607,-10.77,1219
0.7809,48.86,13.42,0.01,-13.03,73.1,2376,8,9,-0.0055,0.8172,rsi_reversal_91f932bc,USDJPY,M1,7,40,60,0.05,0.1,False,0,True,newyork,5p,10p,40/60,1.2,0.0,0,-3.15,796,-9.88,1580
0.7398,46.25,10.2,0.01,-9.91,62.1,1615,13,10,-0.0061,0.8597,rsi_reversal_fc0bc919,USDJPY,M1,5,30,70,0.05,0.05,True,15,True,london,5p,5p,30/70,1.0,-1.64,360,-8.27,1255,0.0,0
0.713,41.65,10.16,0.01,-10.04,83.4,1227,13,6,-0.0082,0.9991,rsi_reversal_5b1c75f5,USDJPY,M1,6,30,70,0.1,0.07,False,30,True,london,10p,7p,30/70,1.4,-1.52,271,-8.52,956,0.0,0
0.7138,42.8,22.97,0.02,-22.77,80.9,2846,20,9,-0.008,0.954,rsi_reversal_832e517a,USDJPY,M1,5,30,70,0.1,0.07,True,0,False,london,10p,7p,30/70,1.3,-5.15,623,-17.62,2223,0.0,0
0.7145,47.37,15.05,0.02,-14.29,73.4,1845,11,7,-0.0077,0.7938,rsi_reversal_39ea9954,USDJPY,M1,6,35,65,0.05,0.1,True,0,True,newyork,5p,10p,35/65,1.2,0.0,0,-2.17,616,-12.11,1229
0.7535,47.27,9.54,0.01,-9.4,65.0,1593,12,10,-0.0059,0.8406,rsi_reversal_b930d0a0,USDJPY,M1,5,30,70,0.05,0.07,True,15,True,london,5p,7p,30/70,1.1,-1.6,351,-7.8,1242,0.0,0
0.7012,48.45,21.93,0.02,-21.83,82.5,2555,10,10,-0.0085,0.746,rsi_reversal_b34807ae,USDJPY,M1,5,40,60,0.07,0.1,True,30,True,london,7p,10p,40/60,1.4,-5.53,585,-16.3,1970,0.0,0
0.6736,43.9,26.73,0.03,-26.29,69.5,3018,13,8,-0.0087,0.8607,rsi_reversal_275d5063,USDJPY,M1,5,30,70,0.07,0.07,False,0,False,newyork,7p,7p,30/70,1.2,0.0,0,-6.42,1007,-19.86,2011
0.7108,44.62,15.18,0.02,-14.61,70.0,1887,11,9,-0.0077,0.8822,rsi_reversal_79f35806,USDJPY,M1,6,35,65,0.07,0.07,True,15,True,newyork,7p,7p,35/65,1.2,0.0,0,-2.54,624,-12.07,1263
0.7163,46.2,9.77,0.01,-9.13,62.4,1357,13,8,-0.0067,0.834,rsi_reversal_4b4d3045,USDJPY,M1,6,30,70,0.05,0.05,False,0,True,newyork,5p,5p,30/70,1.0,0.0,0,-1.73,450,-7.4,907
0.749,46.37,15.95,0.02,-15.36,65.2,2510,13,9,-0.0061,0.8661,rsi_reversal_b2469aa5,USDJPY,M1,7,40,60,0.05,0.07,False,15,True,newyork,5p,7p,40/60,1.1,0.0,0,-2.91,848,-12.45,1662
0.7239,42.94,11.63,0.01,-11.49,81.7,1502,12,8,-0.0077,0.9619,rsi_reversal_04f5d4f6,USDJPY,M1,5,30,70,0.1,0.07,True,0,True,london,10p,7p,30/70,1.4,-2.46,332,-9.03,1170,0.0,0
0.7187,48.26,9.8,0.01,-9.76,83.4,1206,9,7,-0.0081,0.7706,rsi_reversal_2497a775,USDJPY,M1,6,30,70,0.07,0.1,True,30,True,newyork,7p,10p,30/70,1.4,0.0,0,-3.01,381,-6.75,825
0.7152,45.46,18.67,0.02,-18.28,70.3,2433,11,12,-0.0075,0.8581,rsi_reversal_aab123be,USDJPY,M1,7,40,60,0.07,0.07,True,30,True,newyork,7p,7p,40/60,1.2,0.0,0,-4.81,835,-13.47,1598
0.7142,45.83,16.23,0.02,-15.96,65.0,2217,13,9,-0.0072,0.8443,rsi_reversal_0f44218d,USDJPY,M1,5,35,65,0.05,0.07,True,0,True,newyork,5p,7p,35/65,1.1,0.0,0,-4.83,750,-11.13,1467
0.7147,43.75,24.03,0.02,-23.58,65.2,3326,12,9,-0.0071,0.919,rsi_reversal_7e3a6ce6,USDJPY,M1,7,35,65,0.07,0.05,True,0,False,london,7p,5p,35/65,1.1,-4.85,720,-18.72,2606,0.0,0
0.6877,43.71,42.88,0.04,-42.67,65.4,5367,13,11,-0.0079,0.8855,rsi_reversal_efba3d8b,USDJPY,M1,5,40,60,0.07,0.05,False,0,False,london,7p,5p,40/60,1.1,-9.62,1196,-33.04,4171,0.0,0
0.6662,43.55,27.11,0.03,-26.69,64.9,3095,13,8,-0.0086,0.8633,rsi_reversal_f29156c3,USDJPY,M1,5,30,70,0.07,0.05,False,15,False,newyork,7p,5p,30/70,1.1,0.0,0,-6.49,1031,-20.2,2064
0.7442,47.65,36.29,0.04,-35.82,104.6,4317,11,12,-0.0083,0.8177,rsi_reversal_7c4ed5c0,USDJPY,M1,5,40,60,0.1,0.1,False,30,False,london,10p,10p,40/60,1.7,-8.42,963,-27.41,3354,0.0,0
0.6908,47.34,30.47,0.03,-29.48,73.2,3536,10,10,-0.0083,0.7684,rsi_reversal_9710f8df,USDJPY,M1,6,35,65,0.05,0.1,False,0,False,newyork,5p,10p,35/65,1.2,0.0,0,-8.81,1194,-20.67,2342
0.7697,48.31,11.2,0.01,-10.48,107.6,1364,9,11,-0.0077,0.8234,rsi_reversal_01c934c6,USDJPY,M1,5,30,70,0.1,0.1,False,30,True,newyork,10p,10p,30/70,1.8,0.0,0,-2.23,454,-8.25,910
0.7349,47.92,17.61,0.02,-17.26,73.0,2519,10,10,-0.0069,0.7989,rsi_reversal_b1862c9d,USDJPY,M1,6,40,60,0.05,0.1,False,0,True,newyork,5p,10p,40/60,1.2,0.0,0,-4.7,847,-12.56,1672
0.6623,42.91,10.24,0.01,-9.76,65.1,1114,12,7,-0.0088,0.8812,rsi_reversal_c805b27a,USDJPY,M1,7,30,70,0.07,0.05,False,30,True,newyork,7p,5p,30/70,1.1,0.0,0,-2.04,367,-7.72,747
0.7378,47.53,10.9,0.01,-10.68,73.9,1540,9,11,-0.0069,0.8144,rsi_reversal_885d710f,USDJPY,M1,5,30,70,0.05,0.1,False,0,True,newyork,5p,10p,30/70,1.2,0.0,0,-2.5,500,-8.18,1040
0.7831,46.58,11.57,0.01,-11.45,62.4,2254,14,9,-0.0051,0.8979,rsi_reversal_bd84c61b,USDJPY,M1,5,35,65,0.05,0.05,True,30,True,london,5p,5p,35/65,1.0,-2.99,495,-8.46,1759,0.0,0
0.7397,49.08,10.79,0.01,-10.65,83.6,1461,10,10,-0.0073,0.7675,rsi_reversal_23719b4d,USDJPY,M1,5,30,70,0.07,0.1,False,15,True,london,7p,10p,30/70,1.4,-1.0,321,-9.65,1140,0.0,0
0.685,44.01,31.67,0.03,-30.67,69.9,3617,15,8,-0.0085,0.8713,rsi_reversal_2b553265,USDJPY,M1,6,35,65,0.07,0.07,False,0,False,newyork,7p,7p,35/65,1.2,0.0,0,-8.59,1220,-22.07,2397
0.6914,48.4,16.79,0.02,-16.62,73.3,2058,11,10,-0.0081,0.7372,rsi_reversal_fb22b0cb,USDJPY,M1,7,30,70,0.05,0.1,False,15,False,newyork,5p,10p,30/70,1.2,0.0,0,-4.91,680,-11.72,1378
0.7835,45.73,7.39,0.01,-6.86,65.1,1312,12,8,-0.0052,0.9297,rsi_reversal_b6517ec9,USDJPY,M1,6,30,70,0.07,0.05,False,0,True,london,7p,5p,30/70,1.1,-1.38,286,-5.47,1026,0.0,0
0.7026,42.83,33.34,0.03,-33.32,82.7,3878,18,10,-0.0086,0.9378,rsi_reversal_5e608b63,USDJPY,M1,5,35,65,0.1,0.07,False,30,False,london,10p,7p,35/65,1.4,-6.43,857,-26.89,3021,0.0,0
0.7296,48.57,36.65,0.04,-36.26,83.8,4746,10,12,-0.0076,0.7726,rsi_reversal_34639a92,USDJPY,M1,5,40,60,0.07,0.1,False,0,False,newyork,7p,10p,40/60,1.4,0.0,0,-11.85,1597,-24.41,3149
0.7309,48.3,18.65,0.02,-18.46,83.7,2412,12,11,-0.0077,0.7823,rsi_reversal_77921c7d,USDJPY,M1,6,40,60,0.07,0.1,False,30,True,newyork,7p,10p,40/60,1.4,0.0,0,-2.52,812,-15.94,1600
0.7331,42.71,19.44,0.02,-19.07,72.6,2711,14,10,-0.007,0.9831,rsi_reversal_ec7526d2,USDJPY,M1,5,40,60,0.1,0.05,True,30,True,newyork,10p,5p,40/60,1.2,0.0,0,-4.96,912,-14.1,1799
0.6853,44.81,13.66,0.01,-13.08,64.9,1638,17,8,-0.008,0.844,rsi_reversal_5f9e9754,USDJPY,M1,5,30,70,0.05,0.07,False,0,True,newyork,5p,7p,30/70,1.1,0.0,0,-1.14,553,-11.94,1085
0.6975,45.25,14.38,0.01,-13.88,70.0,1726,12,9,-0.008,0.8439,rsi_reversal_9727030d,USDJPY,M1,7,35,65,0.07,0.07,False,0,True,newyork,7p,7p,35/65,1.2,0.0,0,-4.01,587,-9.87,1139
0.7389,48.81,17.06,0.02,-16.93,84.3,2309,9,12,-0.0073,0.775,rsi_reversal_9f589214,USDJPY,M1,6,30,70,0.07,0.1,False,15,False,newyork,7p,10p,30/70,1.4,0.0,0,-4.96,766,-11.97,1543
0.7118,42.54,16.95,0.02,-16.58,73.1,2158,12,9,-0.0077,0.9614,rsi_reversal_a258b9d3,USDJPY,M1,5,35,65,0.1,0.05,False,30,True,newyork,10p,5p,35/65,1.2,0.0,0,-4.49,724,-12.09,1434
0.7551,46.14,14.08,0.01,-13.55,69.6,2174,10,11,-0.0062,0.8816,rsi_reversal_dd1626a8,USDJPY,M1,5,35,65,0.07,0.07,False,15,True,newyork,7p,7p,35/65,1.2,0.0,0,-3.57,722,-9.98,1452
0.6726,44.56,9.58,0.01,-9.15,64.9,1113,12,7,-0.0082,0.8367,rsi_reversal_c99ee21f,USDJPY,M1,7,30,70,0.05,0.07,False,30,True,newyork,5p,7p,30/70,1.1,0.0,0,-2.17,368,-6.98,745
0.7093,44.2,21.05,0.02,-20.62,65.4,2819,11,9,-0.0073,0.8954,rsi_reversal_d5135a90,USDJPY,M1,5,40,60,0.07,0.05,True,30,True,newyork,7p,5p,40/60,1.1,0.0,0,-6.35,945,-14.28,1874
0.7029,42.61,12.53,0.01,-12.4,83.2,1474,23,6,-0.0084,0.947,rsi_reversal_87d60ab1,USDJPY,M1,5,30,70,0.1,0.07,False,30,True,london,10p,7p,30/70,1.4,-2.81,323,-9.58,1151,0.0,0
0.7502,43.87,28.41,0.03,-27.11,80.5,3934,20,7,-0.0069,0.9597,rsi_reversal_1a42ca0d,USDJPY,M1,5,35,65,0.1,0.07,True,15,False,newyork,10p,7p,35/65,1.3,0.0,0,-9.44,1321,-17.67,2613
0.7432,42.02,8.83,0.01,-8.62,72.9,1304,12,8,-0.0066,1.0253,rsi_reversal_6ee1ae7c,USDJPY,M1,6,30,70,0.1,0.05,False,0,True,london,10p,5p,30/70,1.2,-1.79,297,-6.82,1007,0.0,0
0.7897,44.05,10.46,0.01,-10.28,72.8,1907,14,8,-0.0054,1.0031,rsi_reversal_a339f213,USDJPY,M1,6,35,65,0.1,0.05,False,30,True,london,10p,5p,35/65,1.2,-2.06,427,-8.23,1480,0.0,0
0.7085,44.79,16.8,0.02,-16.22,62.5,2257,10,8,-0.0072,0.8732,rsi_reversal_3fd2a4c1,USDJPY,M1,5,35,65,0.05,0.05,True,30,True,newyork,5p,5p,35/65,1.0,0.0,0,-3.91,744,-12.31,1513
0.6868,43.75,23.13,0.02,-22.93,65.4,2848,19,8,-0.0081,0.883,rsi_reversal_70092c16,USDJPY,M1,5,40,60,0.07,0.05,True,30,True,newyork,7p,5p,40/60,1.1,0.0,0,-5.94,942,-16.99,1906
0.7053,44.55,12.89,0.01,-12.58,70.0,1605,15,8,-0.0078,0.8779,rsi_reversal_4078e8e9,USDJPY,M1,5,30,70,0.07,0.07,False,0,True,newyork,7p,7p,30/70,1.2,0.0,0,-2.83,533,-9.76,1072
0.7713,50.14,6.23,0.01,-6.11,72.7,1055,10,7,-0.0058,0.767,rsi_reversal_3c6b0003,USDJPY,M1,7,30,70,0.05,0.1,True,0,True,london,5p,10p,30/70,1.2,-0.37,227,-5.73,828,0.0,0
0.7399,46.36,15.06,0.02,-14.33,65.3,2226,13,11,-0.0064,0.856,rsi_reversal_7235e1c6,USDJPY,M1,5,35,65,0.05,0.07,True,0,True,newyork,5p,7p,35/65,1.1,0.0,0,-2.69,753,-11.64,1473
0.7368,47.03,19.45,0.02,-19.29,107.1,2188,15,10,-0.0088,0.8299,rsi_reversal_d8a5250a,USDJPY,M1,6,40,60,0.1,0.1,False,30,True,newyork,10p,10p,40/60,1.8,0.0,0,-3.18,756,-16.1,1432
0.6558,44.72,18.99,0.02,-18.78,62.3,2196,15,10,-0.0086,0.8107,rsi_reversal_e36c887b,USDJPY,M1,7,30,70,0.05,0.05,False,30,False,newyork,5p,5p,30/70,1.0,0.0,0,-4.86,724,-13.91,1472
0.7262,46.5,14.37,0.01,-13.71,102.8,1499,11,8,-0.0091,0.8356,rsi_reversal_45f64d7e,USDJPY,M1,7,35,65,0.1,0.1,True,15,True,newyork,10p,10p,35/65,1.7,0.0,0,-3.46,509,-10.25,990
0.7803,50.85,9.14,0.01,-8.96,82.4,1463,9,9,-0.0061,0.7541,rsi_reversal_b501265b,USDJPY,M1,5,30,70,0.07,0.1,True,15,True,london,7p,10p,30/70,1.4,-1.25,313,-7.71,1150,0.0,0
0.7169,45.2,12.47,0.01,-12.38,62.3,1803,12,11,-0.0069,0.8691,rsi_reversal_35a47688,USDJPY,M1,7,35,65,0.05,0.05,False,30,True,london,5p,5p,35/65,1.0,-1.64,398,-10.75,1405,0.0,0
0.7775,48.91,28.17,0.03,-27.21,102.3,3856,11,12,-0.0071,0.8121,rsi_reversal_3a2fdcf4,USDJPY,M1,7,40,60,0.1,0.1,True,15,False,newyork,10p,10p,40/60,1.7,0.0,0,-7.03,1327,-20.18,2529
0.6959,45.22,19.42,0.02,-19.02,62.7,2541,11,12,-0.0075,0.8431,rsi_reversal_c02848e8,USDJPY,M1,7,40,60,0.05,0.05,False,0,True,newyork,5p,5p,40/60,1.0,0.0,0,-5.13,865,-13.89,1676
0.6744,43.9,14.1,0.01,-13.84,65.5,1640,19,8,-0.0084,0.8617,rsi_reversal_2d7033e0,USDJPY,M1,5,30,70,0.07,0.05,True,15,True,newyork,7p,5p,30/70,1.1,0.0,0,-3.21,542,-10.63,1098
0.727,45.25,13.25,0.01,-12.42,70.1,1717,17,10,-0.0072,0.8795,rsi_reversal_23b54937,USDJPY,M1,7,35,65,0.07,0.07,True,0,True,newyork,7p,7p,35/65,1.2,0.0,0,-2.55,572,-9.87,1145
0.7221,48.52,34.88,0.03,-34.49,72.8,4800,14,10,-0.0072,0.7661,rsi_reversal_f3211de3,USDJPY,M1,6,40,60,0.05,0.1,False,30,False,london,5p,10p,40/60,1.2,-6.66,1052,-27.83,3748,0.0,0
0.7554,48.45,14.92,0.01,-14.75,99.8,1901,8,9,-0.0078,0.8038,rsi_reversal_5fba0d19,USDJPY,M1,5,35,65,0.1,0.1,True,30,True,london,10p,10p,35/65,1.7,-2.81,434,-11.95,1467,0.0,0
0.745,48.97,13.11,0.01,-12.83,81.8,1797,13,8,-0.0071,0.7763,rsi_reversal_59de9b88,USDJPY,M1,6,35,65,0.07,0.1,False,0,True,london,7p,10p,35/65,1.4,-2.38,411,-10.45,1386,0.0,0
0.7606,50.28,6.51,0.01,-6.4,73.1,1066,10,10,-0.006,0.7521,rsi_reversal_588c4cde,USDJPY,M1,7,30,70,0.05,0.1,True,0,True,london,5p,10p,30/70,1.2,0.08,223,-6.49,843,0.0,0
0.7079,45.47,15.36,0.02,-14.59,65.4,1966,13,11,-0.0074,0.8489,rsi_reversal_073034a2,USDJPY,M1,6,35,65,0.05,0.07,True,30,True,newyork,5p,7p,35/65,1.1,0.0,0,-2.03,647,-12.57,1319
0.7298,47.92,14.89,0.01,-14.16,83.0,1803,10,8,-0.0079,0.7931,rsi_reversal_eced18e1,USDJPY,M1,6,35,65,0.07,0.1,False,15,True,newyork,7p,10p,35/65,1.4,0.0,0,-2.28,597,-11.88,1206
0.7545,43.08,16.92,0.02,-16.56,71.1,2639,11,11,-0.0063,0.9967,rsi_reversal_376ab75c,USDJPY,M1,6,40,60,0.1,0.05,True,0,True,london,10p,5p,40/60,1.2,-5.04,594,-11.51,2045,0.0,0
0.712,48.22,23.58,0.02,-23.43,73.1,3152,8,11,-0.0074,0.7644,rsi_reversal_9e8168f0,USDJPY,M1,7,35,65,0.05,0.1,True,15,False,london,5p,10p,35/65,1.2,-4.85,682,-18.58,2470,0.0,0
0.7146,48.14,20.95,0.02,-20.5,72.9,2736,10,10,-0.0075,0.77,rsi_reversal_f6f8a218,USDJPY,M1,5,40,60,0.05,0.1,False,0,True,london,5p,10p,40/60,1.2,-4.51,606,-16.0,2130,0.0,0
0.7247,42.51,20.28,0.02,-20.17,72.7,2776,14,9,-0.0073,0.9802,rsi_reversal_661f8a7d,USDJPY,M1,5,40,60,0.1,0.05,False,30,True,london,10p,5p,40/60,1.2,-3.87,632,-16.3,2144,0.0,0
0.7026,42.83,33.34,0.03,-33.32,82.7,3878,18,10,-0.0086,0.9378,rsi_reversal_ab9faa56,USDJPY,M1,5,35,65,0.1,0.07,False,0,False,london,10p,7p,35/65,1.4,-6.43,857,-26.89,3021,0.0,0
0.7832,44.05,8.78,0.01,-8.61,73.1,1555,14,9,-0.0055,0.9948,rsi_reversal_b9afbb80,USDJPY,M1,5,30,70,0.1,0.05,False,30,True,london,10p,5p,30/70,1.2,-1.63,342,-6.98,1213,0.0,0
0.7151,43.46,18.11,0.02,-17.72,64.8,2547,12,8,-0.007,0.9302,rsi_reversal_970c126d,USDJPY,M1,7,40,60,0.07,0.05,False,30,True,london,7p,5p,40/60,1.1,-3.32,575,-14.4,1972,0.0,0
0.7037,47.8,25.69,0.03,-25.08,73.3,3188,10,11,-0.0079,0.7683,rsi_reversal_987af180,USDJPY,M1,7,35,65,0.05,0.1,True,0,False,newyork,5p,10p,35/65,1.2,0.0,0,-7.55,1059,-17.53,2129
0.7982,49.4,14.33,0.01,-14.24,100.2,2255,13,12,-0.0063,0.8176,rsi_reversal_34957654,USDJPY,M1,6,40,60,0.1,0.1,True,15,True,london,10p,10p,40/60,1.7,-3.52,504,-10.73,1751,0.0,0
0.6752,44.82,32.1,0.03,-31.11,65.0,3715,15,8,-0.0084,0.8313,rsi_reversal_24c6870e,USDJPY,M1,6,35,65,0.05,0.07,False,30,False,newyork,5p,7p,35/65,1.1,0.0,0,-8.63,1252,-22.49,2463
0.7341,45.54,15.44,0.02,-14.65,65.2,2196,11,10,-0.0067,0.8779,rsi_reversal_c4a6e742,USDJPY,M1,5,35,65,0.07,0.05,True,15,True,newyork,7p,5p,35/65,1.1,0.0,0,-3.49,725,-11.15,1471
0.7462,46.22,9.86,0.01,-9.63,61.9,1601,16,8,-0.006,0.8682,rsi_reversal_67ec9955,USDJPY,M1,5,30,70,0.05,0.05,False,0,True,london,5p,5p,30/70,1.0,-1.61,356,-8.03,1245,0.0,0
0.7392,48.76,15.71,0.02,-15.1,83.2,2016,9,9,-0.0075,0.7768,rsi_reversal_a3c3b9bf,USDJPY,M1,5,35,65,0.07,0.1,False,0,True,newyork,7p,10p,35/65,1.4,0.0,0,-3.46,688,-11.64,1328
0.7121,46.71,13.32,0.01,-13.03,103.2,1383,10,9,-0.0094,0.8124,rsi_reversal_e235ac4e,USDJPY,M1,5,30,70,0.1,0.1,True,30,True,london,10p,10p,30/70,1.7,-1.83,315,-11.2,1068,0.0,0
0.7184,48.83,11.71,0.01,-11.54,82.3,1448,13,8,-0.008,0.7529,rsi_reversal_9804d24d,USDJPY,M1,5,30,70,0.07,0.1,False,15,True,london,7p,10p,30/70,1.4,-1.74,322,-9.8,1126,0.0,0
0.721,44.82,15.34,0.02,-14.95,71.1,2077,12,8,-0.0072,0.8875,rsi_reversal_ea17fbe3,USDJPY,M1,7,30,70,0.07,0.07,True,30,False,london,7p,7p,30/70,1.2,-2.78,446,-12.17,1631,0.0,0
0.7446,46.11,13.86,0.01,-13.17,62.9,2184,12,8,-0.006,0.8703,rsi_reversal_a8e55b87,USDJPY,M1,7,30,70,0.05,0.05,False,0,False,london,5p,5p,30/70,1.0,-2.36,470,-10.81,1714,0.0,0
0.7272,48.41,29.14,0.03,-28.55,72.8,4003,10,8,-0.0071,0.7748,rsi_reversal_0286d075,USDJPY,M1,5,35,65,0.05,0.1,False,15,False,newyork,5p,10p,35/65,1.2,0.0,0,-9.94,1350,-18.62,2653
0.7429,48.79,15.44,0.02,-14.68,82.4,2023,8,10,-0.0073,0.7798,rsi_reversal_252d60cf,USDJPY,M1,5,35,65,0.07,0.1,True,0,True,newyork,7p,10p,35/65,1.4,0.0,0,-4.36,681,-10.32,1342
0.7484,49.98,16.38,0.02,-16.07,81.4,2289,9,10,-0.007,0.7491,rsi_reversal_49e1b0a5,USDJPY,M1,7,40,60,0.07,0.1,False,15,True,london,7p,10p,40/60,1.4,-2.72,520,-13.36,1769,0.0,0
0.7761,47.31,7.68,0.01,-7.12,65.0,1338,13,10,-0.0053,0.8644,rsi_reversal_8fee0e33,USDJPY,M1,6,30,70,0.05,0.07,True,15,True,london,5p,7p,30/70,1.1,-1.16,299,-5.95,1039,0.0,0
