name,sym,sig,is_pf,oos_pf,oos_is,windows
atr_break_399687a7,EURJPY,atr_break,0.668,0.899,1.346,4
atr_break_0502777a,EURJPY,atr_break,0.738,0.935,1.267,4
atr_break_593cf57b,EURJPY,atr_break,1.24,1.148,0.926,4
atr_break_ab8faf53,EURJPY,atr_break,0.952,1.043,1.095,4
atr_break_d0675dfa,EURJPY,atr_break,0.746,0.736,0.987,4
atr_break_06e73b36,EURJPY,atr_break,0.912,1.075,1.179,4
atr_break_349ba344,EURJPY,atr_break,1.049,1.086,1.035,4
atr_break_80f84e46,EURJPY,atr_break,0.825,0.793,0.961,4
atr_break_eacfb318,EURJPY,atr_break,0.827,1.379,1.667,4
atr_break_56591bc1,EURJPY,atr_break,0.875,1.743,1.992,4
atr_break_50bd79db,EURJPY,atr_break,0.861,0.794,0.922,4
atr_break_beef6a93,EURJPY,atr_break,0.843,0.534,0.634,4
atr_break_0ee74b65,EURJPY,atr_break,0.755,1.252,1.659,4
hilo_break_f9921215,EURJPY,hilo_break,1.201,1.131,0.942,4
hilo_break_00369025,EURJPY,hilo_break,1.549,1.428,0.922,4
hilo_break_d5572633,EURJPY,hilo_break,0.853,1.0,1.173,4
hilo_break_b87f035e,EURJPY,hilo_break,1.178,1.053,0.894,4
hilo_break_989eabaa,EURJPY,hilo_break,1.017,0.807,0.794,4
hilo_break_80ddd660,EURJPY,hilo_break,1.09,1.596,1.464,4
hilo_break_57debe3f,EURJPY,hilo_break,0.929,1.103,1.188,4
hilo_break_01f007b6,EURJPY,hilo_break,0.561,1.257,2.24,4
hilo_break_792c002e,EURJPY,hilo_break,0.849,1.067,1.257,4
hilo_break_62e0d539,EURJPY,hilo_break,0.646,0.912,1.413,4
hilo_break_266d7125,EURJPY,hilo_break,1.791,1.321,0.738,4
hilo_break_72fe12cf,EURJPY,hilo_break,0.808,1.035,1.282,4
hilo_break_ae8019a0,EURJPY,hilo_break,0.752,1.121,1.491,4
hilo_break_1b46a381,EURJPY,hilo_break,0.614,0.767,1.25,4
bb_bounce_d0bc072e,EURJPY,bb_bounce,0.982,0.811,0.826,4
bb_bounce_e758a078,EURJPY,bb_bounce,0.831,0.723,0.871,4
bb_bounce_307220f1,EURJPY,bb_bounce,0.956,0.952,0.996,4
bb_bounce_3a650492,EURJPY,bb_bounce,0.781,0.777,0.995,4
bb_bounce_1f99b61b,EURJPY,bb_bounce,0.788,1.024,1.299,4
bb_bounce_cf2b95a6,EURJPY,bb_bounce,0.68,0.721,1.061,4
bb_bounce_e7dcc942,EURJPY,bb_bounce,0.617,0.75,1.215,4
bb_bounce_b27af868,EURJPY,bb_bounce,1.117,1.127,1.009,4
bb_bounce_5016f3f9,EURJPY,bb_bounce,0.658,0.652,0.99,4
bb_bounce_4396754b,EURJPY,bb_bounce,1.184,1.167,0.986,4
atr_break_399687a7,GBPJPY,atr_break,1.093,1.428,1.306,4
atr_break_0502777a,GBPJPY,atr_break,1.05,0.964,0.918,4
atr_break_593cf57b,GBPJPY,atr_break,0.944,1.557,1.65,4
atr_break_ab8faf53,GBPJPY,atr_break,1.008,0.923,0.915,4
atr_break_d0675dfa,GBPJPY,atr_break,0.84,0.94,1.119,4
atr_break_06e73b36,GBPJPY,atr_break,0.876,0.889,1.014,4
atr_break_349ba344,GBPJPY,atr_break,0.94,0.775,0.825,4
atr_break_80f84e46,GBPJPY,atr_break,0.733,0.851,1.161,4
atr_break_eacfb318,GBPJPY,atr_break,0.946,1.989,2.103,4
atr_break_56591bc1,GBPJPY,atr_break,0.828,0.635,0.767,4
atr_break_50bd79db,GBPJPY,atr_break,1.226,1.643,1.34,4
atr_break_beef6a93,GBPJPY,atr_break,0.894,0.924,1.033,4
atr_break_0ee74b65,GBPJPY,atr_break,0.667,0.804,1.205,4
hilo_break_f9921215,GBPJPY,hilo_break,0.785,1.018,1.297,4
hilo_break_00369025,GBPJPY,hilo_break,1.288,3.106,2.412,4
hilo_break_d5572633,GBPJPY,hilo_break,0.894,0.791,0.884,4
hilo_break_b87f035e,GBPJPY,hilo_break,1.158,0.953,0.823,4
hilo_break_989eabaa,GBPJPY,hilo_break,0.991,0.889,0.897,4
hilo_break_80ddd660,GBPJPY,hilo_break,0.657,0.548,0.833,4
hilo_break_57debe3f,GBPJPY,hilo_break,0.883,1.595,1.806,4
hilo_break_01f007b6,GBPJPY,hilo_break,0.643,1.638,2.547,4
hilo_break_792c002e,GBPJPY,hilo_break,0.54,0.959,1.775,4
hilo_break_62e0d539,GBPJPY,hilo_break,0.89,1.101,1.236,4
hilo_break_266d7125,GBPJPY,hilo_break,1.105,3.426,3.101,4
hilo_break_72fe12cf,GBPJPY,hilo_break,0.693,1.015,1.464,4
hilo_break_ae8019a0,GBPJPY,hilo_break,0.843,0.867,1.029,4
hilo_break_1b46a381,GBPJPY,hilo_break,0.748,2.521,3.371,4
bb_bounce_d0bc072e,GBPJPY,bb_bounce,1.103,1.485,1.346,4
bb_bounce_e758a078,GBPJPY,bb_bounce,1.028,1.039,1.011,4
bb_bounce_307220f1,GBPJPY,bb_bounce,0.954,0.883,0.926,4
bb_bounce_3a650492,GBPJPY,bb_bounce,1.082,1.308,1.209,4
bb_bounce_1f99b61b,GBPJPY,bb_bounce,1.13,0.87,0.769,4
bb_bounce_cf2b95a6,GBPJPY,bb_bounce,1.207,1.045,0.866,4
bb_bounce_e7dcc942,GBPJPY,bb_bounce,1.098,1.069,0.974,4
bb_bounce_b27af868,GBPJPY,bb_bounce,0.996,1.583,1.588,4
bb_bounce_5016f3f9,GBPJPY,bb_bounce,1.297,1.274,0.982,4
bb_bounce_4396754b,GBPJPY,bb_bounce,1.001,1.06,1.058,4
atr_break_399687a7,USDJPY,atr_break,1.289,0.927,0.72,4
atr_break_0502777a,USDJPY,atr_break,1.114,1.816,1.631,4
atr_break_593cf57b,USDJPY,atr_break,1.015,1.145,1.128,4
atr_break_ab8faf53,USDJPY,atr_break,1.122,1.398,1.246,4
atr_break_d0675dfa,USDJPY,atr_break,1.05,0.985,0.938,4
atr_break_06e73b36,USDJPY,atr_break,0.923,1.183,1.282,4
atr_break_349ba344,USDJPY,atr_break,1.128,1.346,1.193,4
atr_break_80f84e46,USDJPY,atr_break,0.625,0.376,0.601,4
atr_break_eacfb318,USDJPY,atr_break,1.565,0.934,0.597,4
atr_break_56591bc1,USDJPY,atr_break,0.99,1.73,1.747,4
atr_break_50bd79db,USDJPY,atr_break,1.411,0.962,0.681,4
atr_break_beef6a93,USDJPY,atr_break,0.595,0.645,1.083,4
atr_break_0ee74b65,USDJPY,atr_break,0.676,1.006,1.488,4
hilo_break_f9921215,USDJPY,hilo_break,0.659,0.753,1.143,4
hilo_break_00369025,USDJPY,hilo_break,1.102,2.235,2.028,4
hilo_break_d5572633,USDJPY,hilo_break,0.76,0.936,1.233,4
hilo_break_b87f035e,USDJPY,hilo_break,0.91,1.52,1.67,4
hilo_break_989eabaa,USDJPY,hilo_break,0.898,0.842,0.938,4
hilo_break_80ddd660,USDJPY,hilo_break,1.591,2.955,1.858,4
hilo_break_57debe3f,USDJPY,hilo_break,0.887,1.109,1.249,4
hilo_break_01f007b6,USDJPY,hilo_break,0.846,3.238,3.826,4
hilo_break_792c002e,USDJPY,hilo_break,0.649,0.529,0.814,4
hilo_break_62e0d539,USDJPY,hilo_break,0.89,0.932,1.047,4
hilo_break_266d7125,USDJPY,hilo_break,0.941,1.828,1.942,4
hilo_break_72fe12cf,USDJPY,hilo_break,0.743,0.712,0.958,4
hilo_break_ae8019a0,USDJPY,hilo_break,0.959,3.585,3.737,4
hilo_break_1b46a381,USDJPY,hilo_break,0.769,1.464,1.904,4
bb_bounce_d0bc072e,USDJPY,bb_bounce,1.102,1.782,1.617,4
bb_bounce_e758a078,USDJPY,bb_bounce,0.868,1.138,1.311,4
bb_bounce_307220f1,USDJPY,bb_bounce,0.826,0.88,1.065,4
bb_bounce_3a650492,USDJPY,bb_bounce,0.85,0.982,1.154,4
bb_bounce_1f99b61b,USDJPY,bb_bounce,1.068,1.002,0.938,4
bb_bounce_cf2b95a6,USDJPY,bb_bounce,0.97,0.867,0.895,4
bb_bounce_e7dcc942,USDJPY,bb_bounce,0.929,0.754,0.812,4
bb_bounce_b27af868,USDJPY,bb_bounce,0.959,1.158,1.208,4
bb_bounce_5016f3f9,USDJPY,bb_bounce,0.754,0.843,1.118,4
bb_bounce_4396754b,USDJPY,bb_bounce,0.835,0.891,1.067,4
