pf,winrate,max_dd,max_dd_pct,total_pnl,avg_holding_seconds,trade_count,max_consecutive_losses,max_consecutive_wins,expectancy,payoff_ratio,strategy_name,symbol,timeframe,session,htf_period,bb_touch_period,bb_touch_std,atr_low_vola_lb,wick_ratio,has_htf,has_bb_touch,has_atr_low_vola,has_wick_dir,n_struct_filters,tp_type,sl_type,has_breakeven,max_bars,avg_hold_min,pnl_tokyo,pnl_london,pnl_newyork,trades_tokyo,trades_london,trades_newyork
0.8512,20.0,2.23,0.0,-0.89,2446.2,65,12,3,-0.0137,3.4049,rsi_reversal_778c3443,GBPJPY,M5,london,0,0,0.0,0,0.0,False,False,False,False,0,fixed,fixed,False,60,40.8,0.49,-1.38,0.0,11,54,0
0.94,26.15,1.83,0.0,-0.33,2303.1,65,8,3,-0.0052,2.654,rsi_reversal_d07a9a94,GBPJPY,M5,london,0,0,0.0,0,0.0,False,False,False,False,0,fixed,fixed,True,120,38.4,0.49,-0.83,0.0,11,54,0
0.5252,17.89,4.67,0.0,-4.07,2106.3,95,10,2,-0.0428,2.4097,rsi_reversal_1d7672c6,GBPJPY,M5,newyork,0,0,0.0,0,0.0,False,False,False,False,0,atr_mult,fixed,True,0,35.1,0.0,-0.84,-3.23,0,34,61
1.0603,24.62,2.13,0.0,0.34,2570.8,65,10,3,0.0052,3.2472,rsi_reversal_17e788d9,GBPJPY,M5,london,0,0,0.0,0,0.0,False,False,False,False,0,atr_mult,fixed,True,0,42.8,0.8,-0.46,0.0,11,54,0
0.654,31.43,4.26,0.0,-3.06,3102.9,70,9,2,-0.0437,1.4269,rsi_reversal_395d89e7,GBPJPY,M5,newyork,0,0,0.0,0,0.0,False,False,False,False,0,atr_mult,fixed,False,0,51.7,0.0,-1.4,-1.67,0,26,44
0.5272,45.16,5.14,0.01,-3.53,3411.3,62,5,4,-0.0569,0.6401,rsi_reversal_d2cddc98,GBPJPY,M5,newyork,0,0,0.0,0,0.0,False,False,False,False,0,atr_mult,atr_mult,True,60,56.9,0.0,-1.98,-1.54,0,24,38
0.7957,57.14,1.57,0.0,-1.06,2449.0,49,4,5,-0.0217,0.5967,rsi_reversal_ca147bf1,GBPJPY,M5,london,0,0,0.0,0,0.0,False,False,False,False,0,fixed,atr_mult,True,60,40.8,-0.06,-1.01,0.0,9,40,0
0.8477,38.46,2.06,0.0,-0.7,1513.8,65,8,5,-0.0107,1.3564,rsi_reversal_a841f788,GBPJPY,M5,london,0,0,0.0,0,0.0,False,False,False,False,0,atr_mult,fixed,True,0,25.2,0.19,-0.88,0.0,11,54,0
0.7292,32.26,3.79,0.0,-2.73,5801.6,62,7,2,-0.044,1.5313,rsi_reversal_d93db6f3,GBPJPY,M5,newyork,0,0,0.0,0,0.0,False,False,False,False,0,atr_mult,atr_mult,False,120,96.7,0.0,-2.43,-0.3,0,24,38
0.963,25.86,1.81,0.0,-0.22,3232.8,58,8,3,-0.0039,2.7607,rsi_reversal_bd95989f,GBPJPY,M5,london,0,0,0.0,0,0.0,False,False,False,False,0,fixed,atr_mult,False,60,53.9,0.68,-0.91,0.0,10,48,0
0.0,0.0,0.0,0.0,0.0,0.0,0,0,0,0.0,0.0,rsi_reversal_75b07880,GBPJPY,M5,london,6,0,0.0,0,0.0,True,False,False,False,1,fixed,fixed,True,120,0.0,0.0,0.0,0.0,0,0,0
0.0,0.0,0.0,0.0,0.0,0.0,0,0,0,0.0,0.0,rsi_reversal_57647980,GBPJPY,M5,newyork,12,0,0.0,0,0.0,True,False,False,False,1,fixed,atr_mult,True,120,0.0,0.0,0.0,0.0,0,0,0
0.0,0.0,0.0,0.0,0.0,0.0,0,0,0,0.0,0.0,rsi_reversal_c1b29da4,GBPJPY,M5,newyork,6,0,0.0,0,0.0,True,False,False,False,1,atr_mult,fixed,True,0,0.0,0.0,0.0,0.0,0,0,0
0.0,0.0,0.0,0.0,0.0,0.0,0,0,0,0.0,0.0,rsi_reversal_eef601c8,GBPJPY,M5,london,12,0,0.0,0,0.0,True,False,False,False,1,atr_mult,atr_mult,False,120,0.0,0.0,0.0,0.0,0,0,0
0.0,0.0,0.0,0.0,0.0,0.0,0,0,0,0.0,0.0,rsi_reversal_5fc0fd94,GBPJPY,M5,london,6,0,0.0,0,0.0,True,False,False,False,1,atr_mult,atr_mult,True,60,0.0,0.0,0.0,0.0,0,0,0
0.0,0.0,0.0,0.0,0.0,0.0,0,0,0,0.0,0.0,rsi_reversal_34e1d2f8,GBPJPY,M5,newyork,12,0,0.0,0,0.0,True,False,False,False,1,atr_mult,fixed,True,0,0.0,0.0,0.0,0.0,0,0,0
0.0,0.0,0.0,0.0,0.0,0.0,0,0,0,0.0,0.0,rsi_reversal_d7e0d4ae,GBPJPY,M5,newyork,24,0,0.0,0,0.0,True,False,False,False,1,atr_mult,fixed,False,60,0.0,0.0,0.0,0.0,0,0,0
0.0,0.0,0.0,0.0,0.0,0.0,0,0,0,0.0,0.0,rsi_reversal_d20b98db,GBPJPY,M5,london,24,0,0.0,0,0.0,True,False,False,False,1,atr_mult,fixed,True,120,0.0,0.0,0.0,0.0,0,0,0
0.0,0.0,0.0,0.0,0.0,0.0,0,0,0,0.0,0.0,rsi_reversal_ea791a30,GBPJPY,M5,london,6,0,0.0,0,0.0,True,False,False,False,1,atr_mult,fixed,False,120,0.0,0.0,0.0,0.0,0,0,0
0.0,0.0,0.0,0.0,0.0,0.0,0,0,0,0.0,0.0,rsi_reversal_bf990528,GBPJPY,M5,london,12,0,0.0,0,0.0,True,False,False,False,1,atr_mult,fixed,False,120,0.0,0.0,0.0,0.0,0,0,0
0.7507,38.1,1.35,0.0,-0.96,7371.4,21,4,3,-0.0456,1.2199,rsi_reversal_c7d8c16b,GBPJPY,M5,london,0,14,2.0,0,0.0,False,True,False,False,1,atr_mult,fixed,False,60,122.9,0.65,-1.61,0.0,5,16,0
0.834,40.74,1.08,0.0,-0.33,1444.4,27,4,3,-0.0121,1.2131,rsi_reversal_01bc3565,GBPJPY,M5,london,0,14,2.0,0,0.0,False,True,False,False,1,atr_mult,fixed,True,0,24.1,0.39,-0.72,0.0,5,22,0
0.99,65.22,0.79,0.0,-0.02,4252.2,23,3,5,-0.0008,0.528,rsi_reversal_d8151e1f,GBPJPY,M5,london,0,14,2.0,0,0.0,False,True,False,False,1,atr_mult,fixed,True,60,70.9,0.46,-0.48,0.0,5,18,0
0.8961,48.57,1.22,0.0,-0.38,2408.6,35,4,4,-0.0108,0.9488,rsi_reversal_e51e9fb3,GBPJPY,M5,london,0,30,2.0,0,0.0,False,True,False,False,1,atr_mult,fixed,True,120,40.1,-0.19,-0.19,0.0,5,30,0
0.6212,48.28,1.46,0.0,-1.17,2917.2,29,4,5,-0.0404,0.6656,rsi_reversal_3fe93554,GBPJPY,M5,london,0,20,2.0,0,0.0,False,True,False,False,1,atr_mult,fixed,True,60,48.6,-0.51,-0.67,0.0,4,25,0
0.453,30.0,3.7,0.0,-2.81,3730.0,30,8,2,-0.0936,1.0569,rsi_reversal_19957338,GBPJPY,M5,newyork,0,14,2.0,0,0.0,False,True,False,False,1,atr_mult,atr_mult,False,0,62.2,0.0,-1.18,-1.63,0,12,18
0.9614,56.41,1.74,0.0,-0.19,4523.1,39,6,5,-0.0049,0.7429,rsi_reversal_2896443b,GBPJPY,M5,london,0,20,1.5,0,0.0,False,True,False,False,1,atr_mult,fixed,True,0,75.4,0.33,-0.52,0.0,6,33,0
0.5762,42.31,1.72,0.0,-1.58,2965.4,26,6,5,-0.0608,0.7857,rsi_reversal_b884de78,GBPJPY,M5,london,0,20,2.0,0,0.0,False,True,False,False,1,atr_mult,atr_mult,True,0,49.4,-0.44,-1.14,0.0,4,22,0
0.418,26.0,3.36,0.0,-3.22,1734.0,50,8,2,-0.0644,1.1896,rsi_reversal_7ad551a9,GBPJPY,M5,newyork,0,30,2.0,0,0.0,False,True,False,False,1,atr_mult,atr_mult,False,120,28.9,0.0,-1.27,-1.95,0,20,30
0.3223,13.25,5.53,0.01,-5.24,1731.3,83,22,2,-0.0631,2.1093,rsi_reversal_b0f9137e,GBPJPY,M5,newyork,0,20,1.5,0,0.0,False,True,False,False,1,atr_mult,fixed,True,0,28.9,0.0,-0.91,-4.33,0,31,52
0.7108,29.73,1.26,0.0,-0.92,1540.5,37,5,2,-0.0249,1.6801,rsi_reversal_d9369cfb,GBPJPY,M5,london,0,0,0.0,100,0.0,False,False,True,False,1,fixed,fixed,False,0,25.7,-0.35,-0.57,0.0,5,32,0
0.709,43.59,1.76,0.0,-1.2,2176.9,39,6,4,-0.0307,0.9176,rsi_reversal_8ad68f9e,GBPJPY,M5,newyork,0,0,0.0,60,0.0,False,False,True,False,1,atr_mult,fixed,True,0,36.3,0.0,-0.38,-0.82,0,16,23
1.1289,50.0,0.76,0.0,0.39,2780.0,30,4,4,0.0131,1.1289,rsi_reversal_a6e7184a,GBPJPY,M5,london,0,0,0.0,60,0.0,False,False,True,False,1,atr_mult,fixed,True,0,46.3,-0.51,0.91,0.0,5,25,0
1.1362,46.67,1.1,0.0,0.43,3840.0,30,4,4,0.0145,1.2985,rsi_reversal_ddeac5f0,GBPJPY,M5,london,0,0,0.0,100,0.0,False,False,True,False,1,fixed,fixed,True,120,64.0,-0.49,0.92,0.0,4,26,0
1.0919,46.67,1.22,0.0,0.29,3020.0,30,4,5,0.0095,1.2479,rsi_reversal_006502b5,GBPJPY,M5,london,0,0,0.0,100,0.0,False,False,True,False,1,atr_mult,fixed,True,0,50.3,-0.32,0.61,0.0,4,26,0
0.7237,47.5,1.75,0.0,-1.19,2452.5,40,4,4,-0.0297,0.7998,rsi_reversal_98a3a7c8,GBPJPY,M5,newyork,0,0,0.0,60,0.0,False,False,True,False,1,fixed,atr_mult,True,120,40.9,0.0,-0.27,-0.91,0,16,24
0.739,48.39,1.08,0.0,-0.74,2235.5,31,3,5,-0.0237,0.7883,rsi_reversal_d161aa9c,GBPJPY,M5,london,0,0,0.0,200,0.0,False,False,True,False,1,atr_mult,fixed,True,120,37.3,-0.46,-0.27,0.0,4,27,0
0.9725,34.15,1.76,0.0,-0.13,4273.2,41,7,3,-0.0032,1.8754,rsi_reversal_45779f8a,GBPJPY,M5,newyork,0,0,0.0,100,0.0,False,False,True,False,1,atr_mult,fixed,False,60,71.2,0.0,-0.93,0.8,0,16,25
1.0504,48.28,1.06,0.0,0.16,3817.2,29,4,4,0.0054,1.1254,rsi_reversal_d16da052,GBPJPY,M5,london,0,0,0.0,60,0.0,False,False,True,False,1,fixed,atr_mult,True,60,63.6,-0.8,0.95,0.0,5,24,0
0.8628,46.67,1.31,0.0,-0.39,2420.0,30,3,5,-0.0129,0.986,rsi_reversal_bd16c9d6,GBPJPY,M5,london,0,0,0.0,100,0.0,False,False,True,False,1,atr_mult,fixed,True,0,40.3,-0.46,0.08,0.0,4,26,0
0.6673,36.0,4.49,0.0,-3.39,6744.0,50,5,2,-0.0679,1.1863,rsi_reversal_a50398ef,GBPJPY,M5,newyork,0,0,0.0,0,0.8,False,False,False,True,1,atr_mult,fixed,False,0,112.4,0.0,-3.76,0.37,0,20,30
0.621,36.84,1.59,0.0,-1.58,1215.8,57,8,5,-0.0278,1.0646,rsi_reversal_c55e8745,GBPJPY,M5,london,0,0,0.0,0,1.0,False,False,False,True,1,fixed,fixed,True,120,20.3,-0.07,-1.51,0.0,10,47,0
0.8185,34.78,2.89,0.0,-1.35,4623.9,46,6,4,-0.0293,1.5346,rsi_reversal_563a61f7,GBPJPY,M5,london,0,0,0.0,0,0.8,False,False,False,True,1,atr_mult,atr_mult,False,120,77.1,0.36,-1.71,0.0,9,37,0
0.4791,15.73,4.84,0.0,-4.45,1958.4,89,23,2,-0.05,2.5666,rsi_reversal_b7d293a5,GBPJPY,M5,newyork,0,0,0.0,0,0.8,False,False,False,True,1,atr_mult,fixed,True,60,32.6,0.0,-1.7,-2.75,0,30,59
0.2972,14.47,6.42,0.01,-6.39,2218.4,76,32,2,-0.084,1.7564,rsi_reversal_2ccdc99d,GBPJPY,M5,newyork,0,0,0.0,0,1.0,False,False,False,True,1,atr_mult,atr_mult,True,60,37.0,0.0,-2.21,-4.17,0,25,51
1.0311,51.06,1.7,0.0,0.17,3702.1,47,5,5,0.0036,0.9881,rsi_reversal_bb0cb202,GBPJPY,M5,london,0,0,0.0,0,0.8,False,False,False,True,1,atr_mult,atr_mult,True,0,61.7,0.34,-0.16,0.0,9,38,0
0.7487,36.54,1.79,0.0,-1.2,2053.8,52,8,5,-0.0231,1.3005,rsi_reversal_1983f7b1,GBPJPY,M5,london,0,0,0.0,0,1.0,False,False,False,True,1,atr_mult,atr_mult,True,60,34.2,-0.07,-1.13,0.0,9,43,0
0.6441,56.76,1.84,0.0,-1.55,3973.0,37,5,4,-0.0419,0.4907,rsi_reversal_086257d7,GBPJPY,M5,london,0,0,0.0,0,1.5,False,False,False,True,1,atr_mult,fixed,True,60,66.2,0.13,-1.68,0.0,6,31,0
0.7316,37.14,2.8,0.0,-1.85,6780.0,35,8,4,-0.0528,1.238,rsi_reversal_59bee8c3,GBPJPY,M5,london,0,0,0.0,0,1.5,False,False,False,True,1,fixed,fixed,False,60,113.0,0.26,-2.11,0.0,6,29,0
0.8597,46.67,1.58,0.0,-0.67,2293.3,45,6,5,-0.0148,0.9825,rsi_reversal_8c30b7ce,GBPJPY,M5,london,0,0,0.0,0,1.5,False,False,False,True,1,atr_mult,fixed,False,120,38.2,0.01,-0.68,0.0,8,37,0
0.0,0.0,0.0,0.0,0.0,0.0,0,0,0,0.0,0.0,rsi_reversal_c8489faf,GBPJPY,M5,newyork,24,30,2.0,0,0.0,True,True,False,False,2,atr_mult,atr_mult,True,0,0.0,0.0,0.0,0.0,0,0,0
0.0,0.0,0.0,0.0,0.0,0.0,0,0,0,0.0,0.0,rsi_reversal_44c5abb8,GBPJPY,M5,newyork,6,20,1.5,0,0.0,True,True,False,False,2,atr_mult,fixed,True,0,0.0,0.0,0.0,0.0,0,0,0
0.0,0.0,0.0,0.0,0.0,0.0,0,0,0,0.0,0.0,rsi_reversal_16d51d26,GBPJPY,M5,london,6,20,2.0,0,0.0,True,True,False,False,2,atr_mult,fixed,False,0,0.0,0.0,0.0,0.0,0,0,0
0.0,0.0,0.0,0.0,0.0,0.0,0,0,0,0.0,0.0,rsi_reversal_939528f6,GBPJPY,M5,london,12,20,1.5,0,0.0,True,True,False,False,2,atr_mult,fixed,False,120,0.0,0.0,0.0,0.0,0,0,0
0.0,0.0,0.0,0.0,0.0,0.0,0,0,0,0.0,0.0,rsi_reversal_7b337aee,GBPJPY,M5,newyork,24,30,2.0,0,0.0,True,True,False,False,2,atr_mult,fixed,True,60,0.0,0.0,0.0,0.0,0,0,0
0.0,0.0,0.0,0.0,0.0,0.0,0,0,0,0.0,0.0,rsi_reversal_b83674e9,GBPJPY,M5,london,24,0,0.0,60,0.0,True,False,True,False,2,fixed,atr_mult,False,120,0.0,0.0,0.0,0.0,0,0,0
0.0,0.0,0.0,0.0,0.0,0.0,0,0,0,0.0,0.0,rsi_reversal_d240146a,GBPJPY,M5,london,6,0,0.0,200,0.0,True,False,True,False,2,fixed,fixed,False,60,0.0,0.0,0.0,0.0,0,0,0
0.0,0.0,0.0,0.0,0.0,0.0,0,0,0,0.0,0.0,rsi_reversal_a1ce08c9,GBPJPY,M5,london,6,0,0.0,200,0.0,True,False,True,False,2,atr_mult,fixed,False,120,0.0,0.0,0.0,0.0,0,0,0
0.0,0.0,0.0,0.0,0.0,0.0,0,0,0,0.0,0.0,rsi_reversal_baf88b0e,GBPJPY,M5,newyork,6,0,0.0,60,0.0,True,False,True,False,2,fixed,fixed,False,60,0.0,0.0,0.0,0.0,0,0,0
0.0,0.0,0.0,0.0,0.0,0.0,0,0,0,0.0,0.0,rsi_reversal_7397c0bd,GBPJPY,M5,newyork,24,0,0.0,100,0.0,True,False,True,False,2,fixed,fixed,True,60,0.0,0.0,0.0,0.0,0,0,0
0.0,0.0,0.0,0.0,0.0,0.0,0,0,0,0.0,0.0,rsi_reversal_c5ce94f9,GBPJPY,M5,newyork,6,0,0.0,0,1.5,True,False,False,True,2,atr_mult,fixed,False,60,0.0,0.0,0.0,0.0,0,0,0
0.0,0.0,0.0,0.0,0.0,0.0,0,0,0,0.0,0.0,rsi_reversal_1cf33a2f,GBPJPY,M5,london,12,0,0.0,0,0.8,True,False,False,True,2,fixed,fixed,True,60,0.0,0.0,0.0,0.0,0,0,0
0.0,0.0,0.0,0.0,0.0,0.0,0,0,0,0.0,0.0,rsi_reversal_79fe178b,GBPJPY,M5,london,12,0,0.0,0,1.5,True,False,False,True,2,atr_mult,atr_mult,False,60,0.0,0.0,0.0,0.0,0,0,0
0.0,0.0,0.0,0.0,0.0,0.0,0,0,0,0.0,0.0,rsi_reversal_b9d3cb81,GBPJPY,M5,london,24,0,0.0,0,1.0,True,False,False,True,2,fixed,fixed,True,0,0.0,0.0,0.0,0.0,0,0,0
0.0,0.0,0.0,0.0,0.0,0.0,0,0,0,0.0,0.0,rsi_reversal_3e0ce360,GBPJPY,M5,london,6,0,0.0,0,1.5,True,False,False,True,2,fixed,fixed,False,60,0.0,0.0,0.0,0.0,0,0,0
0.7728,47.83,0.83,0.0,-0.45,1513.0,23,3,4,-0.0197,0.843,rsi_reversal_fb15666b,GBPJPY,M5,london,0,30,2.0,60,0.0,False,True,True,False,2,fixed,atr_mult,True,120,25.2,-0.5,0.05,0.0,4,19,0
0.4109,31.71,2.18,0.0,-1.77,1631.7,41,7,3,-0.0431,0.8851,rsi_reversal_d03dc044,GBPJPY,M5,newyork,0,20,1.5,200,0.0,False,True,True,False,2,atr_mult,fixed,True,0,27.2,0.0,-0.37,-1.4,0,19,22
1.041,43.75,0.77,0.0,0.07,1912.5,16,4,2,0.0044,1.3384,rsi_reversal_31b36437,GBPJPY,M5,newyork,0,14,2.0,200,0.0,False,True,True,False,2,atr_mult,fixed,True,0,31.9,0.0,0.41,-0.34,0,7,9
0.7585,50.0,1.34,0.0,-0.59,2625.0,16,4,2,-0.0366,0.7585,rsi_reversal_6f7490c9,GBPJPY,M5,newyork,0,14,2.0,200,0.0,False,True,True,False,2,atr_mult,fixed,True,0,43.8,0.0,-0.18,-0.41,0,7,9
0.9771,48.0,1.1,0.0,-0.07,3060.0,25,4,3,-0.0027,1.0585,rsi_reversal_89a45537,GBPJPY,M5,london,0,20,1.5,60,0.0,False,True,True,False,2,atr_mult,atr_mult,False,60,51.0,-0.64,0.57,0.0,5,20,0
0.7729,52.78,1.74,0.0,-1.17,5033.3,36,4,5,-0.0324,0.6915,rsi_reversal_e76eaade,GBPJPY,M5,london,0,20,1.5,0,1.0,False,True,False,True,2,atr_mult,fixed,True,60,83.9,-0.05,-1.12,0.0,5,31,0
0.9223,26.83,1.75,0.0,-0.36,3629.3,41,12,3,-0.0087,2.5154,rsi_reversal_1c34eb39,GBPJPY,M5,london,0,20,1.5,0,1.5,False,True,False,True,2,atr_mult,atr_mult,False,120,60.5,-0.02,-0.34,0.0,7,34,0
0.7063,41.03,2.13,0.0,-1.71,4407.7,39,5,3,-0.0438,1.0153,rsi_reversal_ba31e204,GBPJPY,M5,london,0,20,1.5,0,1.5,False,True,False,True,2,fixed,atr_mult,True,0,73.5,-0.65,-1.05,0.0,7,32,0
0.6477,21.57,1.6,0.0,-1.6,2276.5,51,16,2,-0.0314,2.3553,rsi_reversal_c4186b0b,GBPJPY,M5,london,0,20,1.5,0,1.0,False,True,False,True,2,fixed,fixed,True,60,37.9,-0.44,-1.16,0.0,9,42,0
0.3526,18.92,4.33,0.0,-4.33,1183.8,74,9,2,-0.0586,1.5112,rsi_reversal_e1e69ed9,GBPJPY,M5,newyork,0,20,1.5,0,1.0,False,True,False,True,2,atr_mult,fixed,True,0,19.7,0.0,-1.03,-3.3,0,26,48
0.5764,20.83,2.49,0.0,-1.8,5587.5,24,11,3,-0.0751,2.1903,rsi_reversal_e8507f5b,GBPJPY,M5,london,0,0,0.0,200,1.0,False,False,True,True,2,atr_mult,atr_mult,False,120,93.1,-0.91,-0.89,0.0,4,20,0
0.6226,37.84,1.78,0.0,-1.22,1418.9,37,6,4,-0.033,1.0228,rsi_reversal_9f993c08,GBPJPY,M5,newyork,0,0,0.0,100,1.5,False,False,True,True,2,atr_mult,atr_mult,True,120,23.6,0.0,-0.96,-0.26,0,14,23
0.6778,47.06,1.74,0.0,-1.18,2532.4,34,4,3,-0.0349,0.7625,rsi_reversal_ad9ff132,GBPJPY,M5,newyork,0,0,0.0,100,0.8,False,False,True,True,2,fixed,atr_mult,True,60,42.2,0.0,-0.98,-0.2,0,14,20
0.744,26.09,1.78,0.0,-1.24,2289.1,46,7,3,-0.0269,2.108,rsi_reversal_c112594f,GBPJPY,M5,newyork,0,0,0.0,200,0.8,False,False,True,True,2,atr_mult,atr_mult,True,0,38.2,0.0,-0.54,-0.69,0,17,29
0.6326,45.0,1.63,0.0,-1.29,5550.0,20,3,3,-0.0645,0.7732,rsi_reversal_a54a5658,GBPJPY,M5,london,0,0,0.0,100,0.8,False,False,True,True,2,atr_mult,fixed,True,120,92.5,-0.41,-0.88,0.0,3,17,0
0.6935,20.0,2.56,0.0,-1.82,5325.0,60,19,2,-0.0303,2.7738,rsi_reversal_778c3443,USDJPY,M5,london,0,0,0.0,0,0.0,False,False,False,False,0,fixed,fixed,False,60,88.8,-0.35,-1.47,0.0,14,46,0
0.7397,21.67,2.47,0.0,-1.46,5010.0,60,19,2,-0.0243,2.6744,rsi_reversal_d07a9a94,USDJPY,M5,london,0,0,0.0,0,0.0,False,False,False,False,0,fixed,fixed,True,120,83.5,-0.54,-0.92,0.0,14,46,0
0.5342,21.05,2.78,0.0,-2.55,4257.9,57,8,2,-0.0447,2.0034,rsi_reversal_1d7672c6,USDJPY,M5,newyork,0,0,0.0,0,0.0,False,False,False,False,0,atr_mult,fixed,True,0,71.0,0.0,-1.31,-1.24,0,26,31
0.6782,21.67,2.47,0.0,-1.8,4580.0,60,19,2,-0.0301,2.4518,rsi_reversal_17e788d9,USDJPY,M5,london,0,0,0.0,0,0.0,False,False,False,False,0,atr_mult,fixed,True,0,76.3,-0.39,-1.42,0.0,14,46,0
1.0241,53.49,1.16,0.0,0.11,5260.5,43,3,5,0.0025,0.8905,rsi_reversal_395d89e7,USDJPY,M5,newyork,0,0,0.0,0,0.0,False,False,False,False,0,atr_mult,fixed,False,0,87.7,0.0,0.63,-0.53,0,22,21
0.6249,39.58,2.35,0.0,-1.77,4706.2,48,5,5,-0.0369,0.9538,rsi_reversal_d2cddc98,USDJPY,M5,newyork,0,0,0.0,0,0.0,False,False,False,False,0,atr_mult,atr_mult,True,60,78.4,0.0,-0.08,-1.69,0,22,26
0.9886,52.0,1.38,0.0,-0.04,3948.0,50,5,4,-0.0009,0.9125,rsi_reversal_ca147bf1,USDJPY,M5,london,0,0,0.0,0,0.0,False,False,False,False,0,fixed,atr_mult,True,60,65.8,-0.67,0.62,0.0,12,38,0
0.7171,36.07,1.55,0.0,-1.32,2488.5,61,5,4,-0.0217,1.2712,rsi_reversal_a841f788,USDJPY,M5,london,0,0,0.0,0,0.0,False,False,False,False,0,atr_mult,fixed,True,0,41.5,-0.6,-0.72,0.0,14,47,0
0.7745,34.04,1.59,0.0,-1.24,6095.7,47,5,5,-0.0263,1.5006,rsi_reversal_d93db6f3,USDJPY,M5,newyork,0,0,0.0,0,0.0,False,False,False,False,0,atr_mult,atr_mult,False,120,101.6,0.0,-0.42,-0.81,0,22,25
0.5692,15.87,2.69,0.0,-2.53,4857.1,63,20,2,-0.0402,3.0166,rsi_reversal_bd95989f,USDJPY,M5,london,0,0,0.0,0,0.0,False,False,False,False,0,fixed,atr_mult,False,60,81.0,-0.48,-2.05,0.0,15,48,0
0.0,0.0,0.0,0.0,0.0,0.0,0,0,0,0.0,0.0,rsi_reversal_75b07880,USDJPY,M5,london,6,0,0.0,0,0.0,True,False,False,False,1,fixed,fixed,True,120,0.0,0.0,0.0,0.0,0,0,0
0.0,0.0,0.0,0.0,0.0,0.0,0,0,0,0.0,0.0,rsi_reversal_57647980,USDJPY,M5,newyork,12,0,0.0,0,0.0,True,False,False,False,1,fixed,atr_mult,True,120,0.0,0.0,0.0,0.0,0,0,0
0.0,0.0,0.0,0.0,0.0,0.0,0,0,0,0.0,0.0,rsi_reversal_c1b29da4,USDJPY,M5,newyork,6,0,0.0,0,0.0,True,False,False,False,1,atr_mult,fixed,True,0,0.0,0.0,0.0,0.0,0,0,0
0.0,0.0,0.0,0.0,0.0,0.0,0,0,0,0.0,0.0,rsi_reversal_eef601c8,USDJPY,M5,london,12,0,0.0,0,0.0,True,False,False,False,1,atr_mult,atr_mult,False,120,0.0,0.0,0.0,0.0,0,0,0
0.0,0.0,0.0,0.0,0.0,0.0,0,0,0,0.0,0.0,rsi_reversal_5fc0fd94,USDJPY,M5,london,6,0,0.0,0,0.0,True,False,False,False,1,atr_mult,atr_mult,True,60,0.0,0.0,0.0,0.0,0,0,0
0.0,0.0,0.0,0.0,0.0,0.0,0,0,0,0.0,0.0,rsi_reversal_34e1d2f8,USDJPY,M5,newyork,12,0,0.0,0,0.0,True,False,False,False,1,atr_mult,fixed,True,0,0.0,0.0,0.0,0.0,0,0,0
0.0,0.0,0.0,0.0,0.0,0.0,0,0,0,0.0,0.0,rsi_reversal_d7e0d4ae,USDJPY,M5,newyork,24,0,0.0,0,0.0,True,False,False,False,1,atr_mult,fixed,False,60,0.0,0.0,0.0,0.0,0,0,0
0.0,0.0,0.0,0.0,0.0,0.0,0,0,0,0.0,0.0,rsi_reversal_d20b98db,USDJPY,M5,london,24,0,0.0,0,0.0,True,False,False,False,1,atr_mult,fixed,True,120,0.0,0.0,0.0,0.0,0,0,0
0.0,0.0,0.0,0.0,0.0,0.0,0,0,0,0.0,0.0,rsi_reversal_ea791a30,USDJPY,M5,london,6,0,0.0,0,0.0,True,False,False,False,1,atr_mult,fixed,False,120,0.0,0.0,0.0,0.0,0,0,0
0.0,0.0,0.0,0.0,0.0,0.0,0,0,0,0.0,0.0,rsi_reversal_bf990528,USDJPY,M5,london,12,0,0.0,0,0.0,True,False,False,False,1,atr_mult,fixed,False,120,0.0,0.0,0.0,0.0,0,0,0
0.8337,46.67,0.84,0.0,-0.36,8960.0,15,3,4,-0.0237,0.9528,rsi_reversal_c7d8c16b,USDJPY,M5,london,0,14,2.0,0,0.0,False,True,False,False,1,atr_mult,fixed,False,60,149.3,-0.42,0.07,0.0,4,11,0
0.2904,22.22,1.33,0.0,-1.18,2066.7,18,8,1,-0.0654,1.0163,rsi_reversal_01bc3565,USDJPY,M5,london,0,14,2.0,0,0.0,False,True,False,False,1,atr_mult,fixed,True,0,34.4,-0.63,-0.55,0.0,5,13,0
0.888,60.0,0.61,0.0,-0.19,6180.0,15,2,3,-0.0126,0.592,rsi_reversal_d8151e1f,USDJPY,M5,london,0,14,2.0,0,0.0,False,True,False,False,1,atr_mult,fixed,True,60,103.0,-0.34,0.15,0.0,4,11,0
1.1296,64.86,1.39,0.0,0.38,3405.4,37,5,6,0.0102,0.6119,rsi_reversal_e51e9fb3,USDJPY,M5,london,0,30,2.0,0,0.0,False,True,False,False,1,atr_mult,fixed,True,120,56.8,-0.01,0.39,0.0,11,26,0
0.6811,51.52,1.08,0.0,-0.84,5118.2,33,4,5,-0.0254,0.6411,rsi_reversal_3fe93554,USDJPY,M5,london,0,20,2.0,0,0.0,False,True,False,False,1,atr_mult,fixed,True,60,85.3,-0.84,0.01,0.0,11,22,0
0.7209,40.91,0.96,0.0,-0.68,3750.0,22,3,4,-0.0308,1.0413,rsi_reversal_19957338,USDJPY,M5,newyork,0,14,2.0,0,0.0,False,True,False,False,1,atr_mult,atr_mult,False,0,62.5,0.0,-0.12,-0.55,0,9,13
1.0257,64.1,1.07,0.0,0.12,8453.8,39,3,4,0.0031,0.5744,rsi_reversal_2896443b,USDJPY,M5,london,0,20,1.5,0,0.0,False,True,False,False,1,atr_mult,fixed,True,0,140.9,-0.44,0.56,0.0,9,30,0
0.9865,60.0,0.57,0.0,-0.04,2742.9,35,3,5,-0.001,0.6577,rsi_reversal_b884de78,USDJPY,M5,london,0,20,2.0,0,0.0,False,True,False,False,1,atr_mult,atr_mult,True,0,45.7,-0.32,0.28,0.0,11,24,0
0.6837,36.84,1.21,0.0,-0.94,1728.9,38,4,4,-0.0247,1.1721,rsi_reversal_7ad551a9,USDJPY,M5,newyork,0,30,2.0,0,0.0,False,True,False,False,1,atr_mult,atr_mult,False,120,28.8,0.0,-0.46,-0.48,0,16,22
0.5204,20.0,2.72,0.0,-2.49,4205.5,55,12,2,-0.0453,2.0816,rsi_reversal_b0f9137e,USDJPY,M5,newyork,0,20,1.5,0,0.0,False,True,False,False,1,atr_mult,fixed,True,0,70.1,0.0,-1.05,-1.44,0,25,30
0.6465,27.59,1.32,0.0,-0.93,3362.1,29,6,2,-0.0321,1.6972,rsi_reversal_d9369cfb,USDJPY,M5,london,0,0,0.0,100,0.0,False,False,True,False,1,fixed,fixed,False,0,56.0,-0.46,-0.47,0.0,7,22,0
1.3649,60.87,1.08,0.0,0.65,4265.2,23,4,6,0.0282,0.8774,rsi_reversal_8ad68f9e,USDJPY,M5,newyork,0,0,0.0,60,0.0,False,False,True,False,1,atr_mult,fixed,True,0,71.1,0.0,0.45,0.2,0,11,12
0.9338,54.17,0.88,0.0,-0.16,4862.5,24,3,3,-0.0065,0.7901,rsi_reversal_a6e7184a,USDJPY,M5,london,0,0,0.0,60,0.0,False,False,True,False,1,atr_mult,fixed,True,0,81.0,-0.42,0.27,0.0,7,17,0
0.7526,37.5,1.23,0.0,-0.85,8975.0,24,3,3,-0.0353,1.2544,rsi_reversal_ddeac5f0,USDJPY,M5,london,0,0,0.0,100,0.0,False,False,True,False,1,fixed,fixed,True,120,149.6,-0.89,0.04,0.0,7,17,0
1.03,53.85,0.55,0.0,0.07,4396.2,26,2,2,0.0028,0.8828,rsi_reversal_006502b5,USDJPY,M5,london,0,0,0.0,100,0.0,False,False,True,False,1,atr_mult,fixed,True,0,73.3,-0.56,0.64,0.0,6,20,0
1.1397,52.0,1.17,0.0,0.28,3732.0,25,5,6,0.0112,1.052,rsi_reversal_98a3a7c8,USDJPY,M5,newyork,0,0,0.0,60,0.0,False,False,True,False,1,fixed,atr_mult,True,120,62.2,0.0,0.49,-0.21,0,11,14
0.846,50.0,0.72,0.0,-0.36,3888.5,26,2,2,-0.0138,0.846,rsi_reversal_d161aa9c,USDJPY,M5,london,0,0,0.0,200,0.0,False,False,True,False,1,atr_mult,fixed,True,120,64.8,-0.84,0.48,0.0,7,19,0
1.6723,54.55,1.07,0.0,1.31,6927.3,22,4,4,0.0596,1.3936,rsi_reversal_45779f8a,USDJPY,M5,newyork,0,0,0.0,100,0.0,False,False,True,False,1,atr_mult,fixed,False,60,115.5,0.0,0.85,0.46,0,11,11
0.5627,25.0,1.71,0.0,-1.32,6850.0,24,5,2,-0.0551,1.6881,rsi_reversal_d16da052,USDJPY,M5,london,0,0,0.0,60,0.0,False,False,True,False,1,fixed,atr_mult,True,60,114.2,-0.85,-0.47,0.0,7,17,0
0.7216,50.0,1.47,0.0,-0.59,4996.2,26,2,3,-0.0227,0.7216,rsi_reversal_bd16c9d6,USDJPY,M5,london,0,0,0.0,100,0.0,False,False,True,False,1,atr_mult,fixed,True,0,83.3,-0.73,0.14,0.0,6,20,0
1.0128,55.56,1.87,0.0,0.07,10458.3,36,4,5,0.0019,0.8103,rsi_reversal_a50398ef,USDJPY,M5,newyork,0,0,0.0,0,0.8,False,False,False,True,1,atr_mult,fixed,False,0,174.3,0.0,0.22,-0.15,0,19,17
0.6569,36.21,1.7,0.0,-1.49,2420.7,58,5,3,-0.0257,1.1574,rsi_reversal_c55e8745,USDJPY,M5,london,0,0,0.0,0,1.0,False,False,False,True,1,fixed,fixed,True,120,40.3,-0.36,-1.13,0.0,14,44,0
0.7054,32.61,1.84,0.0,-1.7,6887.0,46,8,3,-0.037,1.4578,rsi_reversal_563a61f7,USDJPY,M5,london,0,0,0.0,0,0.8,False,False,False,True,1,atr_mult,atr_mult,False,120,114.8,-1.13,-0.57,0.0,12,34,0
0.6354,23.64,2.01,0.0,-1.86,3534.5,55,7,3,-0.0339,2.053,rsi_reversal_b7d293a5,USDJPY,M5,newyork,0,0,0.0,0,0.8,False,False,False,True,1,atr_mult,fixed,True,60,58.9,0.0,-1.0,-0.86,0,26,29
0.7691,25.0,1.76,0.0,-1.15,3165.0,60,8,3,-0.0192,2.3072,rsi_reversal_2ccdc99d,USDJPY,M5,newyork,0,0,0.0,0,1.0,False,False,False,True,1,atr_mult,atr_mult,True,60,52.8,0.0,-0.68,-0.47,0,26,34
0.8931,45.65,1.29,0.0,-0.51,5250.0,46,6,4,-0.011,1.0632,rsi_reversal_bb0cb202,USDJPY,M5,london,0,0,0.0,0,0.8,False,False,False,True,1,atr_mult,atr_mult,True,0,87.5,-1.29,0.79,0.0,12,34,0
0.8403,41.94,1.51,0.0,-0.66,1775.8,62,5,5,-0.0106,1.1635,rsi_reversal_1983f7b1,USDJPY,M5,london,0,0,0.0,0,1.0,False,False,False,True,1,atr_mult,atr_mult,True,60,29.6,0.13,-0.79,0.0,15,47,0
0.9495,61.54,1.84,0.0,-0.2,7338.5,39,5,4,-0.0051,0.5934,rsi_reversal_086257d7,USDJPY,M5,london,0,0,0.0,0,1.5,False,False,False,True,1,atr_mult,fixed,True,60,122.3,-0.23,0.03,0.0,9,30,0
0.9082,47.37,2.29,0.0,-0.56,11834.2,38,4,4,-0.0147,1.0091,rsi_reversal_59bee8c3,USDJPY,M5,london,0,0,0.0,0,1.5,False,False,False,True,1,fixed,fixed,False,60,197.2,-0.42,-0.15,0.0,9,29,0
1.0547,62.22,1.45,0.0,0.2,3760.0,45,4,6,0.0045,0.6404,rsi_reversal_8c30b7ce,USDJPY,M5,london,0,0,0.0,0,1.5,False,False,False,True,1,atr_mult,fixed,False,120,62.7,-0.08,0.28,0.0,11,34,0
0.0,0.0,0.0,0.0,0.0,0.0,0,0,0,0.0,0.0,rsi_reversal_c8489faf,USDJPY,M5,newyork,24,30,2.0,0,0.0,True,True,False,False,2,atr_mult,atr_mult,True,0,0.0,0.0,0.0,0.0,0,0,0
0.0,0.0,0.0,0.0,0.0,0.0,0,0,0,0.0,0.0,rsi_reversal_44c5abb8,USDJPY,M5,newyork,6,20,1.5,0,0.0,True,True,False,False,2,atr_mult,fixed,True,0,0.0,0.0,0.0,0.0,0,0,0
0.0,0.0,0.0,0.0,0.0,0.0,0,0,0,0.0,0.0,rsi_reversal_16d51d26,USDJPY,M5,london,6,20,2.0,0,0.0,True,True,False,False,2,atr_mult,fixed,False,0,0.0,0.0,0.0,0.0,0,0,0
0.0,0.0,0.0,0.0,0.0,0.0,0,0,0,0.0,0.0,rsi_reversal_939528f6,USDJPY,M5,london,12,20,1.5,0,0.0,True,True,False,False,2,atr_mult,fixed,False,120,0.0,0.0,0.0,0.0,0,0,0
0.0,0.0,0.0,0.0,0.0,0.0,0,0,0,0.0,0.0,rsi_reversal_7b337aee,USDJPY,M5,newyork,24,30,2.0,0,0.0,True,True,False,False,2,atr_mult,fixed,True,60,0.0,0.0,0.0,0.0,0,0,0
0.0,0.0,0.0,0.0,0.0,0.0,0,0,0,0.0,0.0,rsi_reversal_b83674e9,USDJPY,M5,london,24,0,0.0,60,0.0,True,False,True,False,2,fixed,atr_mult,False,120,0.0,0.0,0.0,0.0,0,0,0
0.0,0.0,0.0,0.0,0.0,0.0,0,0,0,0.0,0.0,rsi_reversal_d240146a,USDJPY,M5,london,6,0,0.0,200,0.0,True,False,True,False,2,fixed,fixed,False,60,0.0,0.0,0.0,0.0,0,0,0
0.0,0.0,0.0,0.0,0.0,0.0,0,0,0,0.0,0.0,rsi_reversal_a1ce08c9,USDJPY,M5,london,6,0,0.0,200,0.0,True,False,True,False,2,atr_mult,fixed,False,120,0.0,0.0,0.0,0.0,0,0,0
0.0,0.0,0.0,0.0,0.0,0.0,0,0,0,0.0,0.0,rsi_reversal_baf88b0e,USDJPY,M5,newyork,6,0,0.0,60,0.0,True,False,True,False,2,fixed,fixed,False,60,0.0,0.0,0.0,0.0,0,0,0
0.0,0.0,0.0,0.0,0.0,0.0,0,0,0,0.0,0.0,rsi_reversal_7397c0bd,USDJPY,M5,newyork,24,0,0.0,100,0.0,True,False,True,False,2,fixed,fixed,True,60,0.0,0.0,0.0,0.0,0,0,0
0.0,0.0,0.0,0.0,0.0,0.0,0,0,0,0.0,0.0,rsi_reversal_c5ce94f9,USDJPY,M5,newyork,6,0,0.0,0,1.5,True,False,False,True,2,atr_mult,fixed,False,60,0.0,0.0,0.0,0.0,0,0,0
0.0,0.0,0.0,0.0,0.0,0.0,0,0,0,0.0,0.0,rsi_reversal_1cf33a2f,USDJPY,M5,london,12,0,0.0,0,0.8,True,False,False,True,2,fixed,fixed,True,60,0.0,0.0,0.0,0.0,0,0,0
0.0,0.0,0.0,0.0,0.0,0.0,0,0,0,0.0,0.0,rsi_reversal_79fe178b,USDJPY,M5,london,12,0,0.0,0,1.5,True,False,False,True,2,atr_mult,atr_mult,False,60,0.0,0.0,0.0,0.0,0,0,0
0.0,0.0,0.0,0.0,0.0,0.0,0,0,0,0.0,0.0,rsi_reversal_b9d3cb81,USDJPY,M5,london,24,0,0.0,0,1.0,True,False,False,True,2,fixed,fixed,True,0,0.0,0.0,0.0,0.0,0,0,0
0.0,0.0,0.0,0.0,0.0,0.0,0,0,0,0.0,0.0,rsi_reversal_3e0ce360,USDJPY,M5,london,6,0,0.0,0,1.5,True,False,False,True,2,fixed,fixed,False,60,0.0,0.0,0.0,0.0,0,0,0
0.377,33.33,1.04,0.0,-0.87,2483.3,18,7,2,-0.0484,0.7539,rsi_reversal_fb15666b,USDJPY,M5,london,0,30,2.0,60,0.0,False,True,True,False,2,fixed,atr_mult,True,120,41.4,-0.75,-0.12,0.0,7,11,0
0.8919,40.0,0.82,0.0,-0.16,3444.0,25,3,2,-0.0066,1.3378,rsi_reversal_d03dc044,USDJPY,M5,newyork,0,20,1.5,200,0.0,False,True,True,False,2,atr_mult,fixed,True,0,57.4,0.0,-0.29,0.12,0,12,13
1.4534,62.5,0.46,0.0,0.29,3675.0,8,2,3,0.0359,0.872,rsi_reversal_31b36437,USDJPY,M5,newyork,0,14,2.0,200,0.0,False,True,True,False,2,atr_mult,fixed,True,0,61.2,0.0,0.01,0.27,0,4,4
0.6034,57.14,0.77,0.0,-0.4,8400.0,7,2,3,-0.0567,0.4525,rsi_reversal_6f7490c9,USDJPY,M5,newyork,0,14,2.0,200,0.0,False,True,True,False,2,atr_mult,fixed,True,0,140.0,0.0,-0.59,0.2,0,3,4
0.6939,40.91,1.15,0.0,-0.74,4704.5,22,3,2,-0.0335,1.0023,rsi_reversal_89a45537,USDJPY,M5,london,0,20,1.5,60,0.0,False,True,True,False,2,atr_mult,atr_mult,False,60,78.4,-0.81,0.07,0.0,6,16,0
0.9724,61.54,1.02,0.0,-0.12,7438.5,39,3,4,-0.0032,0.6078,rsi_reversal_e76eaade,USDJPY,M5,london,0,20,1.5,0,1.0,False,True,False,True,2,atr_mult,fixed,True,60,124.0,-0.8,0.67,0.0,9,30,0
0.8554,27.27,1.63,0.0,-0.65,3207.3,55,10,2,-0.0119,2.281,rsi_reversal_1c34eb39,USDJPY,M5,london,0,20,1.5,0,1.5,False,True,False,True,2,atr_mult,atr_mult,False,120,53.5,-0.39,-0.26,0.0,13,42,0
0.8079,30.43,1.76,0.0,-1.07,7839.1,46,8,2,-0.0232,1.8466,rsi_reversal_ba31e204,USDJPY,M5,london,0,20,1.5,0,1.5,False,True,False,True,2,fixed,atr_mult,True,0,130.7,-1.17,0.11,0.0,12,34,0
0.5827,18.52,2.24,0.0,-2.16,4611.1,54,17,2,-0.0401,2.564,rsi_reversal_c4186b0b,USDJPY,M5,london,0,20,1.5,0,1.0,False,True,False,True,2,fixed,fixed,True,60,76.9,-0.54,-1.62,0.0,14,40,0
0.7557,39.62,1.06,0.0,-0.92,2032.1,53,7,5,-0.0173,1.1516,rsi_reversal_e1e69ed9,USDJPY,M5,newyork,0,20,1.5,0,1.0,False,True,False,True,2,atr_mult,fixed,True,0,33.9,0.0,-0.43,-0.49,0,25,28
0.5685,23.08,1.71,0.0,-1.49,7015.4,26,7,1,-0.0572,1.8951,rsi_reversal_e8507f5b,USDJPY,M5,london,0,0,0.0,200,1.0,False,False,True,True,2,atr_mult,atr_mult,False,120,116.9,-0.97,-0.52,0.0,7,19,0
0.9411,41.38,0.51,0.0,-0.1,1582.8,29,5,3,-0.0035,1.3332,rsi_reversal_9f993c08,USDJPY,M5,newyork,0,0,0.0,100,1.5,False,False,True,True,2,atr_mult,atr_mult,True,120,26.4,0.0,0.69,-0.79,0,12,17
0.8927,46.15,1.4,0.0,-0.24,3715.4,26,3,4,-0.0093,1.0415,rsi_reversal_ad9ff132,USDJPY,M5,newyork,0,0,0.0,100,0.8,False,False,True,True,2,fixed,atr_mult,True,60,61.9,0.0,0.76,-1.0,0,12,14
0.7024,21.88,1.39,0.0,-0.78,3271.9,32,13,2,-0.0243,2.5085,rsi_reversal_c112594f,USDJPY,M5,newyork,0,0,0.0,200,0.8,False,False,True,True,2,atr_mult,atr_mult,True,0,54.5,0.0,-0.73,-0.05,0,13,19
0.6199,45.45,1.98,0.0,-1.46,10213.6,22,3,4,-0.0663,0.7439,rsi_reversal_a54a5658,USDJPY,M5,london,0,0,0.0,100,0.8,False,False,True,True,2,atr_mult,fixed,True,120,170.2,-0.25,-1.2,0.0,6,16,0
