pf,winrate,max_dd,max_dd_pct,total_pnl,avg_holding_seconds,trade_count,max_consecutive_losses,max_consecutive_wins,expectancy,payoff_ratio,strategy_name,symbol,timeframe,category,rsi_period,oversold,overbought,tp_type,sl_type,session_filter,has_htf_filter,has_vola_filter,has_breakeven,max_bars,avg_hold_min,pnl_tokyo,pnl_london,pnl_newyork,trades_tokyo,trades_london,trades_newyork,pair_tf,pf_capped
0.5043,21.01,47.07,0.05,-46.86,203.1,1466,23,4,-0.032,1.8959,rsi_reversal_87642fef,EURJPY,M1,mean_reversion,7,28,72,fixed,fixed,newyork,False,True,True,240,3.4,0.0,-17.26,-29.6,0,500,966,EURJPY_M1,0.5043
0.8462,28.57,1.02,0.0,-0.32,279.4,35,11,3,-0.0091,2.1155,rsi_reversal_98668bee,EURJPY,M1,mean_reversion,21,30,70,fixed,fixed,all,True,True,True,60,4.7,0.36,-0.13,-0.55,20,4,11,EURJPY_M1,0.8462
0.6164,33.33,1.72,0.0,-0.81,530.0,18,6,4,-0.0448,1.2329,rsi_reversal_08f68746,EURJPY,M1,mean_reversion,21,32,68,fixed,fixed,newyork,True,False,False,60,8.8,0.0,-0.43,-0.38,0,6,12,EURJPY_M1,0.6164
0.7796,27.25,12.95,0.01,-10.76,1000.9,389,14,3,-0.0277,2.0814,rsi_reversal_316c4c2b,EURJPY,M1,mean_reversion,14,30,70,atr_mult,fixed,tokyo,False,True,True,60,16.7,-10.76,0.0,0.0,389,0,0,EURJPY_M1,0.7796
0.0,0.0,0.32,0.0,-0.32,260.0,3,3,0,-0.1067,0.0,rsi_reversal_05df4dd6,EURJPY,M1,mean_reversion,14,25,75,fixed,fixed,london,True,False,True,60,4.3,-0.13,-0.19,0.0,1,2,0,EURJPY_M1,0.0
0.8069,47.06,0.29,0.0,-0.11,95.3,17,3,3,-0.0066,0.9078,rsi_reversal_b50fcceb,EURJPY,M1,mean_reversion,21,28,72,fixed,fixed,all,True,True,True,0,1.6,0.01,-0.02,-0.1,12,2,3,EURJPY_M1,0.8069
0.7457,28.74,4.73,0.0,-2.62,1052.4,87,17,4,-0.0301,1.8493,rsi_reversal_80b5f496,EURJPY,M1,mean_reversion,7,20,80,atr_mult,fixed,london_ny,True,False,True,240,17.5,0.21,0.06,-2.89,11,39,37,EURJPY_M1,0.7457
0.4453,35.34,55.2,0.06,-55.03,109.7,1910,16,5,-0.0288,0.8148,rsi_reversal_fb3bfe9e,EURJPY,M1,mean_reversion,10,30,70,fixed,fixed,london_ny,False,True,True,240,1.8,-6.28,-25.6,-23.15,242,882,786,EURJPY_M1,0.4453
0.711,77.85,7.11,0.01,-6.22,502.5,325,4,18,-0.0191,0.2024,rsi_reversal_4c819dbe,EURJPY,M1,mean_reversion,10,32,68,fixed,atr_mult,london_ny,True,False,True,120,8.4,-1.11,-4.26,-0.85,39,156,130,EURJPY_M1,0.711
0.9228,58.52,7.29,0.01,-3.61,1129.1,364,6,9,-0.0099,0.6542,rsi_reversal_c3e5abb9,EURJPY,M1,mean_reversion,10,28,72,fixed,fixed,london,False,False,True,60,18.8,0.27,-3.89,0.0,90,274,0,EURJPY_M1,0.9228
0.7342,60.0,0.75,0.0,-0.42,223.2,25,2,3,-0.0168,0.4895,rsi_reversal_1f4663e6,EURJPY,M1,mean_reversion,14,28,72,fixed,atr_mult,tokyo,True,False,True,0,3.7,-0.42,0.0,0.0,25,0,0,EURJPY_M1,0.7342
0.0,0.0,0.0,0.0,0.0,0.0,0,0,0,0.0,0.0,rsi_reversal_cba164b0,EURJPY,M1,mean_reversion,21,25,75,fixed,atr_mult,london_ny,True,False,True,60,0.0,0.0,0.0,0.0,0,0,0,EURJPY_M1,0.0
0.8676,66.47,15.43,0.02,-13.3,1056.0,838,6,20,-0.0159,0.4377,rsi_reversal_3bec2b0b,EURJPY,M1,mean_reversion,10,32,68,atr_mult,atr_mult,london_ny,False,True,True,60,17.6,1.65,-5.54,-9.41,113,391,334,EURJPY_M1,0.8676
0.4678,18.37,36.88,0.04,-36.7,305.0,1078,25,3,-0.034,2.0792,rsi_reversal_7b6468aa,EURJPY,M1,mean_reversion,10,30,70,atr_mult,fixed,tokyo,False,True,True,60,5.1,-36.7,0.0,0.0,1078,0,0,EURJPY_M1,0.4678
0.808,40.0,0.65,0.0,-0.17,504.0,10,4,2,-0.0172,1.2121,rsi_reversal_d5d7e41f,EURJPY,M1,mean_reversion,18,20,80,fixed,fixed,newyork,False,False,True,0,8.4,0.0,-0.09,-0.08,0,4,6,EURJPY_M1,0.808
0.81,45.2,7.65,0.01,-4.85,858.5,250,6,5,-0.0194,0.982,rsi_reversal_7edf0392,EURJPY,M1,mean_reversion,14,32,68,atr_mult,atr_mult,all,True,True,True,240,14.3,-4.18,-1.27,0.61,101,69,80,EURJPY_M1,0.81
0.6884,55.18,19.16,0.02,-16.76,1441.6,415,6,8,-0.0404,0.5591,rsi_reversal_291ec70d,EURJPY,M1,mean_reversion,7,25,75,atr_mult,atr_mult,all,True,False,True,60,24.0,-9.9,-4.07,-2.79,161,121,133,EURJPY_M1,0.6884
0.6909,23.9,25.86,0.03,-22.59,1538.0,456,24,5,-0.0495,2.1995,rsi_reversal_f4868c38,EURJPY,M1,mean_reversion,7,28,72,atr_mult,atr_mult,all,True,False,False,120,25.6,-13.05,-2.73,-6.81,181,130,145,EURJPY_M1,0.6909
0.4372,11.29,2.58,0.0,-2.35,383.2,62,16,1,-0.0379,3.4348,rsi_reversal_646424a9,EURJPY,M1,mean_reversion,14,28,72,atr_mult,fixed,all,True,True,True,120,6.4,-1.69,-0.47,-0.19,32,10,20,EURJPY_M1,0.4372
0.7677,37.69,16.85,0.02,-15.92,560.8,658,13,5,-0.0242,1.2693,rsi_reversal_720ec65b,EURJPY,M1,mean_reversion,21,35,65,fixed,fixed,london_ny,False,True,True,0,9.3,-1.35,-8.54,-6.03,85,298,275,EURJPY_M1,0.7677
0.5449,18.57,29.44,0.03,-29.35,225.8,964,32,3,-0.0304,2.3895,rsi_reversal_38445148,EURJPY,M1,mean_reversion,14,30,70,fixed,fixed,london_ny,False,True,True,120,3.8,-2.55,-15.17,-11.63,122,427,415,EURJPY_M1,0.5449
0.8012,39.39,7.29,0.01,-6.72,695.2,363,13,6,-0.0185,1.2326,rsi_reversal_22e6faba,EURJPY,M1,mean_reversion,10,25,75,atr_mult,fixed,newyork,False,True,True,60,11.6,0.0,-2.37,-4.36,0,124,239,EURJPY_M1,0.8012
0.5881,57.75,17.13,0.02,-16.63,232.1,632,6,10,-0.0263,0.4302,rsi_reversal_53bbde38,EURJPY,M1,mean_reversion,18,35,65,fixed,fixed,london,False,True,True,60,3.9,-2.45,-14.19,0.0,137,495,0,EURJPY_M1,0.5881
inf,100.0,0.0,0.0,0.19,90.0,2,0,2,0.0945,0.0,rsi_reversal_33d1ad28,EURJPY,M1,mean_reversion,14,20,80,fixed,fixed,all,True,False,True,120,1.5,0.12,0.07,0.0,1,1,0,EURJPY_M1,10.0
0.0,0.0,0.0,0.0,0.0,0.0,0,0,0,0.0,0.0,rsi_reversal_3af2f7a1,EURJPY,M1,mean_reversion,21,20,80,fixed,fixed,all,True,True,False,60,0.0,0.0,0.0,0.0,0,0,0,EURJPY_M1,0.0
0.7111,30.41,5.83,0.01,-5.19,463.0,194,11,7,-0.0267,1.6272,rsi_reversal_ef40a5f0,EURJPY,M1,mean_reversion,21,30,70,fixed,atr_mult,tokyo,False,False,False,60,7.7,-5.19,0.0,0.0,194,0,0,EURJPY_M1,0.7111
0.4747,35.47,15.75,0.02,-15.56,114.1,578,18,6,-0.0269,0.8638,rsi_reversal_9e93aebf,EURJPY,M1,mean_reversion,18,30,70,fixed,fixed,london_ny,False,True,True,120,1.9,-1.43,-6.48,-7.65,71,260,247,EURJPY_M1,0.4747
1.0722,61.24,3.74,0.0,1.55,1581.9,178,5,8,0.0087,0.6788,rsi_reversal_43c596c9,EURJPY,M1,mean_reversion,14,28,72,atr_mult,atr_mult,london,False,True,True,120,26.4,2.36,-0.81,0.0,39,139,0,EURJPY_M1,1.0722
0.5532,14.95,5.66,0.01,-5.31,729.5,107,16,3,-0.0496,3.1463,rsi_reversal_72590aee,EURJPY,M1,mean_reversion,10,25,75,fixed,atr_mult,all,True,True,False,240,12.2,-4.68,-0.67,0.05,50,24,33,EURJPY_M1,0.5532
0.6857,61.57,13.75,0.01,-11.57,1134.4,268,5,9,-0.0432,0.428,rsi_reversal_1239b9f7,EURJPY,M1,mean_reversion,14,30,70,atr_mult,atr_mult,tokyo,False,True,False,60,18.9,-11.57,0.0,0.0,268,0,0,EURJPY_M1,0.6857
0.7731,54.92,9.52,0.01,-7.37,1446.1,244,6,7,-0.0302,0.6347,rsi_reversal_d860fa38,EURJPY,M1,mean_reversion,7,32,68,atr_mult,atr_mult,newyork,True,False,True,60,24.1,0.0,-3.82,-3.55,0,82,162,EURJPY_M1,0.7731
0.8409,33.8,7.0,0.01,-6.02,1257.3,284,11,5,-0.0212,1.6467,rsi_reversal_5720c953,EURJPY,M1,mean_reversion,18,32,68,atr_mult,atr_mult,newyork,False,True,True,120,21.0,0.0,-2.12,-3.9,0,96,188,EURJPY_M1,0.8409
inf,100.0,0.0,0.0,0.25,900.0,1,0,1,0.251,0.0,rsi_reversal_a7dd6ee3,EURJPY,M1,mean_reversion,21,30,70,atr_mult,atr_mult,london,True,False,True,120,15.0,0.0,0.25,0.0,0,1,0,EURJPY_M1,10.0
0.5263,14.46,14.27,0.01,-13.31,385.0,401,30,2,-0.0332,3.1126,rsi_reversal_590a877a,EURJPY,M1,mean_reversion,14,32,68,atr_mult,fixed,all,True,True,True,0,6.4,-5.2,-4.35,-3.76,175,104,122,EURJPY_M1,0.5263
0.6638,25.88,2.41,0.0,-1.86,185.6,85,9,3,-0.0219,1.9008,rsi_reversal_34b73b2b,EURJPY,M1,mean_reversion,7,20,80,atr_mult,fixed,tokyo,True,False,False,240,3.1,-1.86,0.0,0.0,85,0,0,EURJPY_M1,0.6638
0.6721,20.49,16.82,0.02,-15.68,331.6,776,22,4,-0.0202,2.6082,rsi_reversal_519d5493,EURJPY,M1,mean_reversion,14,32,68,atr_mult,fixed,london,False,True,True,120,5.5,2.0,-17.68,0.0,173,603,0,EURJPY_M1,0.6721
1.2433,56.0,1.31,0.0,0.76,1968.0,25,4,4,0.0303,0.9769,rsi_reversal_36a9d345,EURJPY,M1,mean_reversion,14,28,72,atr_mult,fixed,london,True,False,True,240,32.8,-0.12,0.88,0.0,6,19,0,EURJPY_M1,1.2433
0.9276,32.0,3.11,0.0,-1.27,1319.5,125,10,3,-0.0102,1.9711,rsi_reversal_40288e8f,EURJPY,M1,mean_reversion,14,25,75,fixed,atr_mult,newyork,False,False,False,0,22.0,0.0,-0.83,-0.44,0,44,81,EURJPY_M1,0.9276
0.7216,63.0,4.82,0.0,-3.87,1158.0,100,5,5,-0.0387,0.4238,rsi_reversal_f8c096fe,EURJPY,M1,mean_reversion,14,25,75,atr_mult,atr_mult,newyork,False,True,False,240,19.3,0.0,-1.82,-2.05,0,34,66,EURJPY_M1,0.7216
1.1123,55.33,5.93,0.01,5.09,1722.2,300,6,6,0.017,0.8979,rsi_reversal_ecfeeede,EURJPY,M1,mean_reversion,18,35,65,atr_mult,atr_mult,london,False,True,False,60,28.7,4.18,0.91,0.0,71,229,0,EURJPY_M1,1.1123
1.2974,56.38,3.13,0.0,3.9,1764.9,94,3,7,0.0414,1.0037,rsi_reversal_0d828371,EURJPY,M1,mean_reversion,14,25,75,atr_mult,fixed,london,False,True,False,120,29.4,1.24,2.65,0.0,21,73,0,EURJPY_M1,1.2974
0.54,21.43,3.66,0.0,-3.32,216.4,112,14,3,-0.0296,1.9799,rsi_reversal_dc725157,EURJPY,M1,mean_reversion,14,30,70,atr_mult,fixed,all,True,True,True,60,3.6,-2.02,-0.25,-1.05,52,22,38,EURJPY_M1,0.54
0.7443,50.0,1.14,0.0,-0.48,736.7,18,5,5,-0.0268,0.7443,rsi_reversal_0feeb3fe,EURJPY,M1,mean_reversion,21,32,68,fixed,atr_mult,newyork,True,False,True,60,12.3,0.0,-0.5,0.01,0,6,12,EURJPY_M1,0.7443
0.5765,62.04,90.12,0.09,-89.35,306.1,2987,11,16,-0.0299,0.3528,rsi_reversal_7b07bc10,EURJPY,M1,mean_reversion,7,30,70,fixed,atr_mult,all,False,True,True,0,5.1,-35.29,-23.04,-31.01,1119,876,992,EURJPY_M1,0.5765
0.9833,63.4,4.62,0.0,-0.51,1316.4,235,6,9,-0.0022,0.5676,rsi_reversal_3b6d57d1,EURJPY,M1,mean_reversion,18,30,70,fixed,atr_mult,london_ny,False,True,False,60,21.9,0.16,-0.15,-0.52,30,105,100,EURJPY_M1,0.9833
0.8843,34.78,4.08,0.0,-1.45,1337.0,92,9,4,-0.0158,1.6581,rsi_reversal_5d68ec8b,EURJPY,M1,mean_reversion,14,20,80,atr_mult,atr_mult,all,False,True,True,240,22.3,-1.93,2.56,-2.08,43,22,27,EURJPY_M1,0.8843
0.384,18.26,5.58,0.01,-4.94,261.9,115,26,2,-0.0429,1.7189,rsi_reversal_d3f8ed23,EURJPY,M1,mean_reversion,7,20,80,fixed,fixed,newyork,True,False,True,0,4.4,0.0,-1.74,-3.2,0,37,78,EURJPY_M1,0.384
0.5963,50.91,4.79,0.0,-3.06,1065.8,55,7,4,-0.0557,0.575,rsi_reversal_13d4aeb4,EURJPY,M1,mean_reversion,7,20,80,fixed,fixed,tokyo,True,False,True,0,17.8,-3.06,0.0,0.0,55,0,0,EURJPY_M1,0.5963
0.6608,28.35,17.64,0.02,-16.12,828.6,395,20,5,-0.0408,1.6696,rsi_reversal_f7da6f6b,EURJPY,M1,mean_reversion,7,25,75,atr_mult,fixed,all,True,True,True,0,13.8,-7.21,-4.28,-4.62,157,112,126,EURJPY_M1,0.6608
0.6826,36.83,21.93,0.02,-21.12,661.0,668,18,6,-0.0316,1.1709,rsi_reversal_ff48c115,EURJPY,M1,mean_reversion,7,25,75,fixed,fixed,newyork,False,True,True,60,11.0,0.0,-9.73,-11.39,0,228,440,EURJPY_M1,0.6826
2.3733,50.0,0.07,0.0,0.1,630.0,2,1,1,0.0515,2.3733,rsi_reversal_e012d1b7,EURJPY,M1,mean_reversion,21,25,75,fixed,atr_mult,all,True,True,True,60,10.5,-0.08,0.0,0.18,1,0,1,EURJPY_M1,2.3733
0.816,26.29,19.63,0.02,-16.64,954.8,734,17,3,-0.0227,2.2874,rsi_reversal_27b5e374,EURJPY,M1,mean_reversion,7,30,70,fixed,fixed,newyork,False,True,False,60,15.9,0.0,-7.7,-8.94,0,256,478,EURJPY_M1,0.816
0.5267,49.9,43.29,0.04,-43.18,187.2,1453,12,14,-0.0297,0.5288,rsi_reversal_b501e0e1,EURJPY,M1,mean_reversion,7,30,70,fixed,atr_mult,tokyo,False,False,True,240,3.1,-43.18,0.0,0.0,1453,0,0,EURJPY_M1,0.5267
0.8507,31.82,2.33,0.0,-1.64,518.6,132,10,3,-0.0124,1.823,rsi_reversal_59182b3a,EURJPY,M1,mean_reversion,14,28,72,fixed,atr_mult,all,True,True,False,0,8.6,-0.7,-0.35,-0.58,62,27,43,EURJPY_M1,0.8507
0.5865,31.52,14.19,0.01,-13.03,391.6,349,11,4,-0.0373,1.2743,rsi_reversal_8a171d7d,EURJPY,M1,mean_reversion,14,28,72,fixed,atr_mult,tokyo,False,True,True,60,6.5,-13.03,0.0,0.0,349,0,0,EURJPY_M1,0.5865
0.8683,50.0,0.21,0.0,-0.03,1440.0,2,1,1,-0.0135,0.8683,rsi_reversal_041f8989,EURJPY,M1,mean_reversion,21,25,75,atr_mult,atr_mult,all,True,True,True,120,24.0,-0.21,0.0,0.18,1,0,1,EURJPY_M1,0.8683
0.4138,34.88,17.95,0.02,-17.95,116.7,562,14,5,-0.0319,0.7727,rsi_reversal_91d86554,EURJPY,M1,mean_reversion,7,20,80,fixed,fixed,newyork,False,True,False,60,1.9,0.0,-7.06,-10.89,0,182,380,EURJPY_M1,0.4138
0.5092,27.55,9.11,0.01,-8.75,413.3,196,13,4,-0.0446,1.339,rsi_reversal_91fd0ad1,EURJPY,M1,mean_reversion,18,25,75,atr_mult,atr_mult,all,False,True,True,240,6.9,-5.51,-1.72,-1.51,88,48,60,EURJPY_M1,0.5092
0.9289,39.32,14.25,0.01,-6.64,1033.2,735,13,7,-0.009,1.4335,rsi_reversal_d227fedd,EURJPY,M1,mean_reversion,10,28,72,atr_mult,atr_mult,london_ny,False,True,True,0,17.2,2.4,-3.18,-5.87,96,340,299,EURJPY_M1,0.9289
0.753,40.3,5.62,0.01,-4.8,701.2,201,8,6,-0.0239,1.1155,rsi_reversal_a865b9c9,EURJPY,M1,mean_reversion,7,25,75,atr_mult,fixed,newyork,True,False,True,60,11.7,0.0,-2.53,-2.27,0,62,139,EURJPY_M1,0.753
0.703,43.2,39.19,0.04,-38.66,834.9,1192,10,8,-0.0324,0.9241,rsi_reversal_a056ecb1,EURJPY,M1,mean_reversion,7,35,65,fixed,atr_mult,all,True,False,True,0,13.9,-20.11,-10.03,-8.52,452,347,393,EURJPY_M1,0.703
0.4862,17.65,13.5,0.01,-13.28,228.8,391,20,2,-0.034,2.2688,rsi_reversal_fdfb4d3e,EURJPY,M1,mean_reversion,18,30,70,fixed,fixed,tokyo,False,False,False,120,3.8,-13.28,0.0,0.0,391,0,0,EURJPY_M1,0.4862
0.6517,52.7,3.86,0.0,-3.34,1205.7,74,4,4,-0.0451,0.5848,rsi_reversal_41245532,EURJPY,M1,mean_reversion,14,30,70,atr_mult,fixed,all,True,True,True,120,20.1,-3.42,-0.93,1.02,31,16,27,EURJPY_M1,0.6517
0.6844,14.35,21.53,0.02,-20.68,370.0,941,27,3,-0.022,4.0862,rsi_reversal_7dabc487,EURJPY,M1,mean_reversion,7,25,75,fixed,fixed,london,False,True,False,60,6.2,-1.08,-19.61,0.0,194,747,0,EURJPY_M1,0.6844
0.5231,13.81,15.26,0.02,-14.06,803.1,268,44,3,-0.0525,3.2659,rsi_reversal_f4b816da,EURJPY,M1,mean_reversion,10,32,68,atr_mult,atr_mult,tokyo,True,False,False,60,13.4,-14.06,0.0,0.0,268,0,0,EURJPY_M1,0.5231
0.4862,18.37,13.72,0.01,-13.15,253.5,392,20,3,-0.0335,2.1609,rsi_reversal_3fde7dba,EURJPY,M1,mean_reversion,18,30,70,atr_mult,fixed,tokyo,False,False,True,240,4.2,-13.15,0.0,0.0,392,0,0,EURJPY_M1,0.4862
0.0,0.0,0.0,0.0,0.0,0.0,0,0,0,0.0,0.0,rsi_reversal_1291162e,EURJPY,M1,mean_reversion,21,25,75,fixed,atr_mult,all,True,True,False,240,0.0,0.0,0.0,0.0,0,0,0,EURJPY_M1,0.0
0.9213,31.66,8.22,0.01,-4.39,932.2,499,12,7,-0.0088,1.9884,rsi_reversal_e4af5c24,EURJPY,M1,mean_reversion,10,28,72,fixed,fixed,london,False,True,True,0,15.5,3.9,-8.29,0.0,113,386,0,EURJPY_M1,0.9213
0.5221,17.65,2.59,0.0,-2.22,1215.9,34,6,1,-0.0652,2.4364,rsi_reversal_3265c873,EURJPY,M1,mean_reversion,21,32,68,fixed,fixed,tokyo,True,False,False,0,20.3,-2.22,0.0,0.0,34,0,0,EURJPY_M1,0.5221
0.7414,25.0,1.55,0.0,-1.52,286.4,88,10,2,-0.0173,2.2242,rsi_reversal_ee52023a,EURJPY,M1,mean_reversion,21,32,68,fixed,fixed,all,True,True,False,240,4.8,0.14,-0.78,-0.88,46,19,23,EURJPY_M1,0.7414
0.9606,43.75,0.78,0.0,-0.06,405.0,16,3,3,-0.0037,1.2351,rsi_reversal_1188e06f,EURJPY,M1,mean_reversion,18,20,80,fixed,fixed,tokyo,False,True,False,120,6.8,-0.06,0.0,0.0,16,0,0,EURJPY_M1,0.9606
0.0,0.0,0.16,0.0,-0.16,960.0,1,1,0,-0.158,0.0,rsi_reversal_14c139bd,EURJPY,M1,mean_reversion,21,32,68,atr_mult,fixed,newyork,True,False,False,120,16.0,0.0,0.0,-0.16,0,0,1,EURJPY_M1,0.0
1.7158,76.47,0.39,0.0,0.92,861.2,17,1,5,0.0542,0.528,rsi_reversal_7b31689d,EURJPY,M1,mean_reversion,14,28,72,atr_mult,fixed,newyork,True,False,True,0,14.4,0.0,-0.43,1.35,0,4,13,EURJPY_M1,1.7158
0.5881,57.75,17.13,0.02,-16.63,232.1,632,6,10,-0.0263,0.4302,rsi_reversal_a82449b9,EURJPY,M1,mean_reversion,18,35,65,fixed,fixed,london,False,True,True,60,3.9,-2.45,-14.19,0.0,137,495,0,EURJPY_M1,0.5881
0.5625,68.92,14.63,0.01,-13.41,473.4,370,4,10,-0.0362,0.2537,rsi_reversal_c4bf3fd8,EURJPY,M1,mean_reversion,21,35,65,fixed,fixed,tokyo,False,True,False,0,7.9,-13.41,0.0,0.0,370,0,0,EURJPY_M1,0.5625
0.6699,35.53,25.09,0.03,-23.28,593.4,653,20,4,-0.0356,1.2157,rsi_reversal_4dd53685,EURJPY,M1,mean_reversion,10,35,65,fixed,fixed,all,True,True,False,60,9.9,-10.1,-6.59,-6.58,254,194,205,EURJPY_M1,0.6699
0.8071,51.52,2.01,0.0,-0.83,983.6,33,5,4,-0.0252,0.7596,rsi_reversal_c9550def,EURJPY,M1,mean_reversion,21,25,75,fixed,fixed,tokyo,False,True,True,60,16.4,-0.83,0.0,0.0,33,0,0,EURJPY_M1,0.8071
inf,100.0,0.0,0.0,0.22,300.0,1,0,1,0.224,0.0,rsi_reversal_fcec14a6,EURJPY,M1,mean_reversion,14,20,80,atr_mult,atr_mult,tokyo,True,False,True,240,5.0,0.22,0.0,0.0,1,0,0,EURJPY_M1,10.0
0.8484,49.78,10.61,0.01,-6.87,626.3,454,7,7,-0.0151,0.8559,rsi_reversal_cea362ea,EURJPY,M1,mean_reversion,18,35,65,fixed,atr_mult,london,False,True,True,120,10.4,0.14,-7.0,0.0,102,352,0,EURJPY_M1,0.8484
0.0,0.0,0.0,0.0,0.0,0.0,0,0,0,0.0,0.0,rsi_reversal_74f9af2e,EURJPY,M1,mean_reversion,18,20,80,atr_mult,fixed,london_ny,True,False,True,0,0.0,0.0,0.0,0.0,0,0,0,EURJPY_M1,0.0
0.8172,21.41,11.05,0.01,-7.71,705.0,411,31,3,-0.0188,2.9994,rsi_reversal_12f149b0,EURJPY,M1,mean_reversion,21,32,68,fixed,atr_mult,london_ny,False,True,False,60,11.8,2.39,-2.23,-7.87,49,180,182,EURJPY_M1,0.8172
0.7962,34.62,9.66,0.01,-7.72,2676.3,182,6,4,-0.0424,1.5039,rsi_reversal_3337b0fb,EURJPY,M1,mean_reversion,7,32,68,atr_mult,fixed,london,True,False,False,240,44.6,-2.12,-5.6,0.0,53,129,0,EURJPY_M1,0.7962
0.0,0.0,0.0,0.0,0.0,0.0,0,0,0,0.0,0.0,rsi_reversal_a895077c,EURJPY,M1,mean_reversion,18,20,80,atr_mult,atr_mult,tokyo,True,False,False,120,0.0,0.0,0.0,0.0,0,0,0,EURJPY_M1,0.0
0.8653,39.29,2.13,0.0,-0.71,652.5,56,5,6,-0.0127,1.3372,rsi_reversal_e41d0290,EURJPY,M1,mean_reversion,10,25,75,atr_mult,fixed,london_ny,True,False,True,120,10.9,-0.67,-0.68,0.65,7,24,25,EURJPY_M1,0.8653
0.785,31.96,18.86,0.02,-16.84,1261.5,557,10,4,-0.0302,1.6714,rsi_reversal_f4d4394b,EURJPY,M1,mean_reversion,7,28,72,atr_mult,atr_mult,tokyo,False,True,True,60,21.0,-16.84,0.0,0.0,557,0,0,EURJPY_M1,0.785
0.7676,38.38,34.28,0.03,-32.68,578.7,1355,16,5,-0.0241,1.2326,rsi_reversal_365894b2,EURJPY,M1,mean_reversion,10,32,68,fixed,fixed,london_ny,False,True,False,60,9.6,-3.57,-13.28,-15.82,167,637,551,EURJPY_M1,0.7676
0.4009,19.05,10.36,0.01,-10.03,167.1,252,20,3,-0.0398,1.704,rsi_reversal_fc598c45,EURJPY,M1,mean_reversion,10,30,70,atr_mult,fixed,newyork,True,False,True,0,2.8,0.0,-2.66,-7.37,0,77,175,EURJPY_M1,0.4009
1.3002,55.88,1.53,0.0,1.34,1378.2,34,5,7,0.0394,1.0265,rsi_reversal_8eaf0095,EURJPY,M1,mean_reversion,10,25,75,atr_mult,fixed,newyork,True,False,False,60,23.0,0.0,0.22,1.12,0,13,21,EURJPY_M1,1.3002
0.9017,41.83,11.49,0.01,-7.54,2132.5,416,13,7,-0.0181,1.2541,rsi_reversal_7d1dacdf,EURJPY,M1,mean_reversion,18,30,70,fixed,fixed,all,False,False,False,120,35.5,-2.31,-1.37,-3.85,171,109,136,EURJPY_M1,0.9017
0.8724,64.14,3.01,0.0,-2.1,957.5,145,4,9,-0.0145,0.4878,rsi_reversal_5a528658,EURJPY,M1,mean_reversion,21,32,68,atr_mult,fixed,london,False,True,True,240,16.0,1.61,-3.71,0.0,34,111,0,EURJPY_M1,0.8724
0.8499,38.81,5.85,0.01,-4.07,1030.1,201,13,6,-0.0203,1.3402,rsi_reversal_ba111fd0,EURJPY,M1,mean_reversion,21,32,68,atr_mult,atr_mult,newyork,False,True,True,60,17.2,0.0,1.18,-5.25,0,72,129,EURJPY_M1,0.8499
1.0423,36.07,2.69,0.0,0.31,923.6,61,6,4,0.0051,1.8478,rsi_reversal_fc6388ec,EURJPY,M1,mean_reversion,10,25,75,fixed,atr_mult,newyork,True,False,True,0,15.4,0.0,-0.58,0.89,0,19,42,EURJPY_M1,1.0423
0.6069,34.77,28.93,0.03,-28.45,366.8,834,18,8,-0.0341,1.1385,rsi_reversal_72c6fd76,EURJPY,M1,mean_reversion,7,30,70,atr_mult,atr_mult,all,True,True,False,120,6.1,-12.85,-8.01,-7.59,325,238,271,EURJPY_M1,0.6069
0.949,57.35,7.8,0.01,-3.34,1218.0,558,6,9,-0.006,0.7058,rsi_reversal_6b946fdf,EURJPY,M1,mean_reversion,7,30,70,fixed,fixed,london,False,False,True,240,20.3,-0.83,-2.51,0.0,134,424,0,EURJPY_M1,0.949
0.5581,19.66,39.53,0.04,-39.45,230.9,1358,30,4,-0.0291,2.2806,rsi_reversal_09f0bc6f,EURJPY,M1,mean_reversion,10,28,72,fixed,fixed,london_ny,False,False,False,60,3.8,-3.23,-19.25,-16.97,169,622,567,EURJPY_M1,0.5581
1.162,46.34,3.0,0.0,1.15,2105.9,41,5,7,0.0281,1.3454,rsi_reversal_45c5b145,EURJPY,M1,mean_reversion,14,32,68,atr_mult,atr_mult,newyork,True,False,False,60,35.1,0.0,-0.21,1.37,0,17,24,EURJPY_M1,1.162
0.0,0.0,0.0,0.0,0.0,0.0,0,0,0,0.0,0.0,rsi_reversal_2f3fd065,EURJPY,M1,mean_reversion,18,20,80,atr_mult,fixed,all,True,True,True,120,0.0,0.0,0.0,0.0,0,0,0,EURJPY_M1,0.0
0.7533,37.1,20.36,0.02,-18.46,2063.1,372,8,4,-0.0496,1.2774,rsi_reversal_26522ae3,EURJPY,M1,mean_reversion,10,32,68,fixed,fixed,tokyo,False,True,False,0,34.4,-18.46,0.0,0.0,372,0,0,EURJPY_M1,0.7533
0.6612,11.75,16.52,0.02,-15.37,442.9,647,41,2,-0.0238,4.9675,rsi_reversal_530d6697,EURJPY,M1,mean_reversion,14,30,70,atr_mult,fixed,tokyo,False,True,False,120,7.4,-15.37,0.0,0.0,647,0,0,EURJPY_M1,0.6612
0.9036,62.16,3.42,0.0,-1.01,1288.4,74,5,7,-0.0136,0.55,rsi_reversal_2ded6437,EURJPY,M1,mean_reversion,14,32,68,fixed,atr_mult,newyork,True,False,False,120,21.5,0.0,0.16,-1.17,0,26,48,EURJPY_M1,0.9036
0.8584,63.87,9.3,0.01,-5.82,895.0,357,6,12,-0.0163,0.4857,rsi_reversal_2f756421,EURJPY,M1,mean_reversion,14,32,68,atr_mult,fixed,london,False,False,True,120,14.9,-1.12,-4.7,0.0,83,274,0,EURJPY_M1,0.8584
0.8666,65.27,22.63,0.02,-20.34,849.4,1408,7,15,-0.0144,0.4611,rsi_reversal_5665ffde,EURJPY,M1,mean_reversion,7,35,65,atr_mult,fixed,london_ny,False,True,True,240,14.2,-6.22,-7.44,-6.69,195,646,567,EURJPY_M1,0.8666
0.481,19.76,72.3,0.07,-72.09,242.7,2166,31,4,-0.0333,1.9531,rsi_reversal_437930b1,EURJPY,M1,mean_reversion,7,35,65,atr_mult,fixed,tokyo,False,False,True,0,4.0,-72.09,0.0,0.0,2166,0,0,EURJPY_M1,0.481
0.7259,37.17,5.07,0.01,-4.25,358.7,191,9,7,-0.0223,1.2269,rsi_reversal_e182a9e0,EURJPY,M1,mean_reversion,10,20,80,atr_mult,atr_mult,tokyo,False,True,False,60,6.0,-4.25,0.0,0.0,191,0,0,EURJPY_M1,0.7259
0.7107,38.94,35.87,0.04,-34.95,336.1,1487,15,7,-0.0235,1.1146,rsi_reversal_c59d9050,EURJPY,M1,mean_reversion,14,35,65,atr_mult,atr_mult,london_ny,False,True,True,0,5.6,-3.9,-14.45,-16.6,186,690,611,EURJPY_M1,0.7107
0.849,41.38,13.77,0.01,-11.09,1811.0,435,9,6,-0.0255,1.2028,rsi_reversal_9772875d,EURJPY,M1,mean_reversion,7,30,70,fixed,fixed,newyork,False,False,False,60,30.2,0.0,-1.18,-9.91,0,156,279,EURJPY_M1,0.849
0.8964,48.78,1.49,0.0,-0.83,698.8,82,5,4,-0.0102,0.9413,rsi_reversal_3238671d,EURJPY,M1,mean_reversion,14,30,70,fixed,atr_mult,all,True,False,True,0,11.6,-2.43,0.38,1.22,37,17,28,EURJPY_M1,0.8964
1.859,52.38,0.41,0.0,1.19,471.4,21,4,3,0.0569,1.69,rsi_reversal_3df00c55,EURJPY,M1,mean_reversion,21,35,65,fixed,atr_mult,newyork,True,False,False,240,7.9,0.0,0.01,1.18,0,5,16,EURJPY_M1,1.859
0.7736,44.44,5.4,0.01,-2.72,1337.3,90,6,6,-0.0302,0.967,rsi_reversal_01924dc5,EURJPY,M1,mean_reversion,14,35,65,atr_mult,fixed,tokyo,True,False,True,240,22.3,-2.72,0.0,0.0,90,0,0,EURJPY_M1,0.7736
0.4784,42.86,0.72,0.0,-0.7,1560.0,7,2,2,-0.1,0.6379,rsi_reversal_daee6f4e,EURJPY,M1,mean_reversion,18,32,68,fixed,fixed,london,True,False,False,120,26.0,-0.35,-0.35,0.0,1,6,0,EURJPY_M1,0.4784
0.8422,56.15,4.12,0.0,-2.72,1071.2,130,7,7,-0.0209,0.6576,rsi_reversal_dea8e67b,EURJPY,M1,mean_reversion,7,20,80,fixed,fixed,all,True,True,False,60,17.9,-2.77,-0.39,0.44,54,36,40,EURJPY_M1,0.8422
0.5475,14.29,2.61,0.0,-2.02,261.9,63,15,1,-0.0321,3.2848,rsi_reversal_c1d35d3e,EURJPY,M1,mean_reversion,7,20,80,atr_mult,fixed,london,True,False,False,0,4.4,-0.39,-1.63,0.0,14,49,0,EURJPY_M1,0.5475
0.7883,40.03,25.13,0.03,-24.79,594.9,1239,12,8,-0.02,1.1809,rsi_reversal_72b3f2b7,EURJPY,M1,mean_reversion,14,35,65,atr_mult,fixed,london_ny,False,True,True,60,9.9,-1.79,-10.77,-12.23,156,580,503,EURJPY_M1,0.7883
0.0,0.0,0.0,0.0,0.0,0.0,0,0,0,0.0,0.0,rsi_reversal_8ed2845e,EURJPY,M1,mean_reversion,18,20,80,fixed,atr_mult,all,True,True,True,0,0.0,0.0,0.0,0.0,0,0,0,EURJPY_M1,0.0
0.0,0.0,0.0,0.0,0.0,0.0,0,0,0,0.0,0.0,rsi_reversal_827f00dd,EURJPY,M1,mean_reversion,21,20,80,fixed,atr_mult,newyork,True,False,True,120,0.0,0.0,0.0,0.0,0,0,0,EURJPY_M1,0.0
0.6946,30.46,69.95,0.07,-68.48,438.8,2462,18,10,-0.0278,1.5856,rsi_reversal_4a00e7a8,EURJPY,M1,mean_reversion,7,35,65,fixed,atr_mult,london_ny,False,False,False,120,7.3,-14.19,-28.92,-25.36,322,1140,1000,EURJPY_M1,0.6946
inf,100.0,0.0,0.0,0.53,1410.0,2,0,2,0.267,0.0,rsi_reversal_399a57fd,EURJPY,M1,mean_reversion,21,20,80,fixed,atr_mult,newyork,False,True,True,0,23.5,0.0,0.08,0.46,0,1,1,EURJPY_M1,10.0
0.868,66.67,1.41,0.0,-0.26,1260.0,18,3,7,-0.0146,0.434,rsi_reversal_51620aa6,EURJPY,M1,mean_reversion,14,25,75,atr_mult,fixed,tokyo,True,False,False,0,21.0,-0.26,0.0,0.0,18,0,0,EURJPY_M1,0.868
0.0,0.0,0.0,0.0,0.0,0.0,0,0,0,0.0,0.0,rsi_reversal_2924612b,EURJPY,M1,mean_reversion,18,20,80,fixed,fixed,tokyo,True,False,True,0,0.0,0.0,0.0,0.0,0,0,0,EURJPY_M1,0.0
inf,100.0,0.0,0.0,0.41,450.0,2,0,2,0.2075,0.0,rsi_reversal_dc8b2d3b,EURJPY,M1,mean_reversion,14,20,80,atr_mult,fixed,all,True,True,False,60,7.5,0.22,0.19,0.0,1,1,0,EURJPY_M1,10.0
0.5025,22.61,51.4,0.05,-51.04,154.2,1566,22,5,-0.0326,1.7204,rsi_reversal_87642fef,GBPJPY,M1,mean_reversion,7,28,72,fixed,fixed,newyork,False,True,True,240,2.6,0.0,-23.15,-27.9,0,568,998,GBPJPY_M1,0.5025
0.4265,19.57,2.09,0.0,-1.81,160.4,46,13,3,-0.0393,1.7533,rsi_reversal_98668bee,GBPJPY,M1,mean_reversion,21,30,70,fixed,fixed,all,True,True,True,60,2.7,-0.92,0.13,-1.02,15,13,18,GBPJPY_M1,0.4265
0.9847,46.88,1.25,0.0,-0.04,333.8,32,3,4,-0.0013,1.116,rsi_reversal_08f68746,GBPJPY,M1,mean_reversion,21,32,68,fixed,fixed,newyork,True,False,False,60,5.6,0.0,0.47,-0.51,0,14,18,GBPJPY_M1,0.9847
0.6881,24.78,18.32,0.02,-16.68,733.6,464,15,3,-0.0359,2.0881,rsi_reversal_316c4c2b,GBPJPY,M1,mean_reversion,14,30,70,atr_mult,fixed,tokyo,False,True,True,60,12.2,-16.68,0.0,0.0,464,0,0,GBPJPY_M1,0.6881
0.8341,16.67,0.36,0.0,-0.11,410.0,12,5,1,-0.0092,4.1704,rsi_reversal_05df4dd6,GBPJPY,M1,mean_reversion,14,25,75,fixed,fixed,london,True,False,True,60,6.8,-0.14,0.03,0.0,2,10,0,GBPJPY_M1,0.8341
0.775,40.91,0.48,0.0,-0.24,95.5,22,3,3,-0.0108,1.1195,rsi_reversal_b50fcceb,GBPJPY,M1,mean_reversion,21,28,72,fixed,fixed,all,True,True,True,0,1.6,-0.21,-0.18,0.15,8,6,8,GBPJPY_M1,0.775
0.9156,27.64,3.28,0.0,-1.15,796.6,123,10,3,-0.0093,2.3967,rsi_reversal_80b5f496,GBPJPY,M1,mean_reversion,7,20,80,atr_mult,fixed,london_ny,True,False,True,240,13.3,-0.67,-3.47,3.0,17,59,47,GBPJPY_M1,0.9156
0.4445,36.3,63.02,0.06,-62.83,89.3,2113,17,6,-0.0297,0.78,rsi_reversal_fb3bfe9e,GBPJPY,M1,mean_reversion,10,30,70,fixed,fixed,london_ny,False,True,True,240,1.5,-7.44,-34.94,-20.46,274,1028,811,GBPJPY_M1,0.4445
0.6044,72.28,12.98,0.01,-12.05,434.0,386,5,22,-0.0312,0.2318,rsi_reversal_4c819dbe,GBPJPY,M1,mean_reversion,10,32,68,fixed,atr_mult,london_ny,True,False,True,120,7.2,-2.33,-7.2,-2.52,52,188,146,GBPJPY_M1,0.6044
0.6083,48.99,29.19,0.03,-28.36,761.3,445,8,7,-0.0637,0.6335,rsi_reversal_c3e5abb9,GBPJPY,M1,mean_reversion,10,28,72,fixed,fixed,london,False,False,True,60,12.7,-1.8,-26.56,0.0,96,349,0,GBPJPY_M1,0.6083
0.5168,63.33,1.65,0.0,-1.24,264.0,30,3,6,-0.0413,0.2992,rsi_reversal_1f4663e6,GBPJPY,M1,mean_reversion,14,28,72,fixed,atr_mult,tokyo,True,False,True,0,4.4,-1.24,0.0,0.0,30,0,0,GBPJPY_M1,0.5168
0.0,0.0,0.0,0.0,0.0,0.0,0,0,0,0.0,0.0,rsi_reversal_cba164b0,GBPJPY,M1,mean_reversion,21,25,75,fixed,atr_mult,london_ny,True,False,True,60,0.0,0.0,0.0,0.0,0,0,0,GBPJPY_M1,0.0
0.7469,63.55,36.23,0.04,-34.53,1007.2,878,9,10,-0.0393,0.4283,rsi_reversal_3bec2b0b,GBPJPY,M1,mean_reversion,10,32,68,atr_mult,atr_mult,london_ny,False,True,True,60,16.8,-1.09,-25.86,-7.58,122,412,344,GBPJPY_M1,0.7469
0.4937,20.65,40.32,0.04,-39.91,244.4,1235,21,6,-0.0323,1.8972,rsi_reversal_7b6468aa,GBPJPY,M1,mean_reversion,10,30,70,atr_mult,fixed,tokyo,False,True,True,60,4.1,-39.91,0.0,0.0,1235,0,0,GBPJPY_M1,0.4937
0.2966,27.27,0.91,0.0,-0.91,294.5,11,4,2,-0.083,0.791,rsi_reversal_d5d7e41f,GBPJPY,M1,mean_reversion,18,20,80,fixed,fixed,newyork,False,False,True,0,4.9,0.0,-0.29,-0.63,0,7,4,GBPJPY_M1,0.2966
0.7056,46.35,12.52,0.01,-9.6,832.3,274,9,8,-0.0351,0.8167,rsi_reversal_7edf0392,GBPJPY,M1,mean_reversion,14,32,68,atr_mult,atr_mult,all,True,True,True,240,13.9,-3.31,-4.46,-1.83,108,85,81,GBPJPY_M1,0.7056
0.9186,61.84,11.2,0.01,-4.82,1224.9,456,5,11,-0.0106,0.5668,rsi_reversal_291ec70d,GBPJPY,M1,mean_reversion,7,25,75,atr_mult,atr_mult,all,True,False,True,60,20.4,-0.87,-7.99,4.03,175,131,150,GBPJPY_M1,0.9186
0.9249,28.57,10.83,0.01,-6.42,1490.3,497,14,5,-0.0129,2.3122,rsi_reversal_f4868c38,GBPJPY,M1,mean_reversion,7,28,72,atr_mult,atr_mult,all,True,False,False,120,24.8,-0.83,-4.4,-1.2,193,140,164,GBPJPY_M1,0.9249
0.3818,12.05,3.39,0.0,-3.38,227.7,83,23,2,-0.0407,2.7872,rsi_reversal_646424a9,GBPJPY,M1,mean_reversion,14,28,72,atr_mult,fixed,all,True,True,True,120,3.8,-1.37,-0.91,-1.1,38,27,18,GBPJPY_M1,0.3818
0.6248,33.56,34.91,0.03,-34.32,378.7,864,10,5,-0.0397,1.2366,rsi_reversal_720ec65b,GBPJPY,M1,mean_reversion,21,35,65,fixed,fixed,london_ny,False,True,True,0,6.3,-2.19,-22.63,-9.5,114,416,334,GBPJPY_M1,0.6248
0.4339,19.09,42.32,0.04,-41.53,155.4,1074,32,4,-0.0387,1.8395,rsi_reversal_38445148,GBPJPY,M1,mean_reversion,14,30,70,fixed,fixed,london_ny,False,True,True,120,2.6,-3.58,-25.7,-12.24,128,546,400,GBPJPY_M1,0.4339
0.5851,31.91,18.47,0.02,-17.05,547.8,398,11,6,-0.0428,1.2486,rsi_reversal_22e6faba,GBPJPY,M1,mean_reversion,10,25,75,atr_mult,fixed,newyork,False,True,True,60,9.1,0.0,-10.23,-6.82,0,158,240,GBPJPY_M1,0.5851
0.5077,50.92,30.23,0.03,-29.85,164.0,874,8,7,-0.0342,0.4894,rsi_reversal_53bbde38,GBPJPY,M1,mean_reversion,18,35,65,fixed,fixed,london,False,True,True,60,2.7,-4.44,-25.41,0.0,190,684,0,GBPJPY_M1,0.5077
6.4211,66.67,0.02,0.0,0.1,80.0,3,1,2,0.0343,3.2105,rsi_reversal_33d1ad28,GBPJPY,M1,mean_reversion,14,20,80,fixed,fixed,all,True,False,True,120,1.3,0.06,-0.02,0.06,1,1,1,GBPJPY_M1,6.4211
0.0,0.0,0.0,0.0,0.0,0.0,0,0,0,0.0,0.0,rsi_reversal_3af2f7a1,GBPJPY,M1,mean_reversion,21,20,80,fixed,fixed,all,True,True,False,60,0.0,0.0,0.0,0.0,0,0,0,GBPJPY_M1,0.0
0.6432,34.27,8.04,0.01,-7.34,329.6,213,11,3,-0.0345,1.2335,rsi_reversal_ef40a5f0,GBPJPY,M1,mean_reversion,21,30,70,fixed,atr_mult,tokyo,False,False,False,60,5.5,-7.34,0.0,0.0,213,0,0,GBPJPY_M1,0.6432
0.403,34.18,24.49,0.02,-24.31,88.3,711,12,4,-0.0342,0.7761,rsi_reversal_9e93aebf,GBPJPY,M1,mean_reversion,18,30,70,fixed,fixed,london_ny,False,True,True,120,1.5,-2.59,-13.63,-8.09,80,373,258,GBPJPY_M1,0.403
0.6392,53.3,13.13,0.01,-12.82,1378.9,212,5,7,-0.0605,0.56,rsi_reversal_43c596c9,GBPJPY,M1,mean_reversion,14,28,72,atr_mult,atr_mult,london,False,True,True,120,23.0,-0.11,-12.71,0.0,42,170,0,GBPJPY_M1,0.6392
0.9501,26.57,2.95,0.0,-0.8,655.4,143,10,5,-0.0056,2.6252,rsi_reversal_72590aee,GBPJPY,M1,mean_reversion,10,25,75,fixed,atr_mult,all,True,True,False,240,10.9,-0.07,-2.59,1.86,59,44,40,GBPJPY_M1,0.9501
0.5817,58.46,22.61,0.02,-20.44,1081.8,272,5,10,-0.0751,0.4134,rsi_reversal_1239b9f7,GBPJPY,M1,mean_reversion,14,30,70,atr_mult,atr_mult,tokyo,False,True,False,60,18.0,-20.44,0.0,0.0,272,0,0,GBPJPY_M1,0.5817
0.8067,63.16,9.64,0.01,-6.97,1322.5,266,6,9,-0.0262,0.4706,rsi_reversal_d860fa38,GBPJPY,M1,mean_reversion,7,32,68,atr_mult,atr_mult,newyork,True,False,True,60,22.0,0.0,-7.28,0.31,0,92,174,GBPJPY_M1,0.8067
0.4954,28.67,26.18,0.03,-25.08,1133.0,300,17,3,-0.0836,1.2328,rsi_reversal_5720c953,GBPJPY,M1,mean_reversion,18,32,68,atr_mult,atr_mult,newyork,False,True,True,120,18.9,0.0,-9.18,-15.89,0,116,184,GBPJPY_M1,0.4954
0.1228,33.33,0.51,0.0,-0.45,880.0,3,2,1,-0.15,0.2456,rsi_reversal_a7dd6ee3,GBPJPY,M1,mean_reversion,21,30,70,atr_mult,atr_mult,london,True,False,True,120,14.7,0.0,-0.45,0.0,0,3,0,GBPJPY_M1,0.1228
0.6072,16.7,15.6,0.02,-12.54,348.9,479,39,4,-0.0262,3.0286,rsi_reversal_590a877a,GBPJPY,M1,mean_reversion,14,32,68,atr_mult,fixed,all,True,True,True,0,5.8,-3.87,-5.48,-3.18,190,148,141,GBPJPY_M1,0.6072
0.5541,25.27,2.95,0.0,-2.67,179.3,91,12,3,-0.0293,1.6382,rsi_reversal_34b73b2b,GBPJPY,M1,mean_reversion,7,20,80,atr_mult,fixed,tokyo,True,False,False,240,3.0,-2.67,0.0,0.0,91,0,0,GBPJPY_M1,0.5541
0.4975,20.85,32.46,0.03,-31.38,240.6,940,34,4,-0.0334,1.8884,rsi_reversal_519d5493,GBPJPY,M1,mean_reversion,14,32,68,atr_mult,fixed,london,False,True,True,120,4.0,-2.72,-28.66,0.0,185,755,0,GBPJPY_M1,0.4975
0.64,33.33,2.87,0.0,-2.77,1621.3,45,4,3,-0.0615,1.28,rsi_reversal_36a9d345,GBPJPY,M1,mean_reversion,14,28,72,atr_mult,fixed,london,True,False,True,240,27.0,-0.77,-1.99,0.0,9,36,0,GBPJPY_M1,0.64
0.6647,29.14,9.85,0.01,-8.95,1081.2,151,12,4,-0.0593,1.6164,rsi_reversal_40288e8f,GBPJPY,M1,mean_reversion,14,25,75,fixed,atr_mult,newyork,False,False,False,0,18.0,0.0,-5.53,-3.41,0,66,85,GBPJPY_M1,0.6647
0.6622,61.34,7.13,0.01,-6.75,1104.2,119,4,6,-0.0568,0.4173,rsi_reversal_f8c096fe,GBPJPY,M1,mean_reversion,14,25,75,atr_mult,atr_mult,newyork,False,True,False,240,18.4,0.0,-4.58,-2.18,0,50,69,GBPJPY_M1,0.6622
0.6442,43.04,26.77,0.03,-25.73,1625.4,309,9,6,-0.0833,0.8525,rsi_reversal_ecfeeede,GBPJPY,M1,mean_reversion,18,35,65,atr_mult,atr_mult,london,False,True,False,60,27.1,-4.45,-21.28,0.0,74,235,0,GBPJPY_M1,0.6442
0.7412,37.24,8.36,0.01,-7.18,1332.4,145,8,6,-0.0495,1.2491,rsi_reversal_0d828371,GBPJPY,M1,mean_reversion,14,25,75,atr_mult,fixed,london,False,True,False,120,22.2,-0.01,-7.18,0.0,26,119,0,GBPJPY_M1,0.7412
0.46,19.86,5.4,0.01,-5.08,166.4,141,22,4,-0.036,1.8565,rsi_reversal_dc725157,GBPJPY,M1,mean_reversion,14,30,70,atr_mult,fixed,all,True,True,True,60,2.8,-1.79,-2.33,-0.95,62,42,37,GBPJPY_M1,0.46
0.5285,53.57,1.94,0.0,-1.44,552.9,28,3,3,-0.0513,0.4581,rsi_reversal_0feeb3fe,GBPJPY,M1,mean_reversion,21,32,68,fixed,atr_mult,newyork,True,False,True,60,9.2,0.0,0.03,-1.47,0,12,16,GBPJPY_M1,0.5285
0.5826,61.83,98.71,0.1,-98.06,254.6,3296,8,13,-0.0298,0.3596,rsi_reversal_7b07bc10,GBPJPY,M1,mean_reversion,7,30,70,fixed,atr_mult,all,False,True,True,0,4.2,-39.21,-36.35,-22.51,1248,955,1093,GBPJPY_M1,0.5826
0.7388,61.9,12.02,0.01,-11.31,1084.4,273,3,10,-0.0414,0.4546,rsi_reversal_3b6d57d1,GBPJPY,M1,mean_reversion,18,30,70,fixed,atr_mult,london_ny,False,True,False,60,18.1,1.28,-10.23,-2.36,35,136,102,GBPJPY_M1,0.7388
0.5341,32.32,7.79,0.01,-7.27,1251.5,99,11,3,-0.0734,1.1183,rsi_reversal_5d68ec8b,GBPJPY,M1,mean_reversion,14,20,80,atr_mult,atr_mult,all,False,True,True,240,20.9,0.09,-4.83,-2.53,40,39,20,GBPJPY_M1,0.5341
0.6205,22.54,4.22,0.0,-3.28,237.0,142,16,3,-0.0231,2.1331,rsi_reversal_d3f8ed23,GBPJPY,M1,mean_reversion,7,20,80,fixed,fixed,newyork,True,False,True,0,4.0,0.0,-2.35,-0.93,0,67,75,GBPJPY_M1,0.6205
0.6069,42.19,4.54,0.0,-3.85,797.8,64,6,4,-0.0601,0.8316,rsi_reversal_13d4aeb4,GBPJPY,M1,mean_reversion,7,20,80,fixed,fixed,tokyo,True,False,True,0,13.3,-3.85,0.0,0.0,64,0,0,GBPJPY_M1,0.6069
0.7795,27.94,14.32,0.01,-12.01,599.2,476,18,4,-0.0252,2.0103,rsi_reversal_f7da6f6b,GBPJPY,M1,mean_reversion,7,25,75,atr_mult,fixed,all,True,True,True,0,10.0,-5.3,-7.45,0.74,180,133,163,GBPJPY_M1,0.7795
0.6468,35.72,27.19,0.03,-26.51,464.6,781,14,6,-0.0339,1.1637,rsi_reversal_ff48c115,GBPJPY,M1,mean_reversion,7,25,75,fixed,fixed,newyork,False,True,True,60,7.7,0.0,-16.5,-10.02,0,285,496,GBPJPY_M1,0.6468
6.9286,66.67,0.06,0.0,0.33,340.0,3,1,2,0.1107,3.4643,rsi_reversal_e012d1b7,GBPJPY,M1,mean_reversion,21,25,75,fixed,atr_mult,all,True,True,True,60,5.7,0.14,0.19,0.0,2,1,0,GBPJPY_M1,6.9286
0.6503,20.66,44.46,0.04,-41.75,669.2,973,25,4,-0.0429,2.4977,rsi_reversal_27b5e374,GBPJPY,M1,mean_reversion,7,30,70,fixed,fixed,newyork,False,True,False,60,11.2,0.0,-15.16,-26.6,0,357,616,GBPJPY_M1,0.6503
0.5267,50.72,49.03,0.05,-48.93,160.4,1589,9,11,-0.0308,0.5116,rsi_reversal_b501e0e1,GBPJPY,M1,mean_reversion,7,30,70,fixed,atr_mult,tokyo,False,False,True,240,2.7,-48.93,0.0,0.0,1589,0,0,GBPJPY_M1,0.5267
0.7459,36.88,4.53,0.0,-3.34,354.9,141,8,4,-0.0237,1.2767,rsi_reversal_59182b3a,GBPJPY,M1,mean_reversion,14,28,72,fixed,atr_mult,all,True,True,False,0,5.9,-1.54,-0.52,-1.27,56,47,38,GBPJPY_M1,0.7459
0.658,36.66,12.4,0.01,-11.65,325.6,371,9,5,-0.0314,1.1369,rsi_reversal_8a171d7d,GBPJPY,M1,mean_reversion,14,28,72,fixed,atr_mult,tokyo,False,True,True,60,5.4,-11.65,0.0,0.0,371,0,0,GBPJPY_M1,0.658
inf,100.0,0.0,0.0,0.68,1470.0,2,0,2,0.3375,0.0,rsi_reversal_041f8989,GBPJPY,M1,mean_reversion,21,25,75,atr_mult,atr_mult,all,True,True,True,120,24.5,0.31,0.37,0.0,1,1,0,GBPJPY_M1,10.0
0.442,36.01,16.81,0.02,-16.81,89.1,572,12,5,-0.0294,0.7852,rsi_reversal_91d86554,GBPJPY,M1,mean_reversion,7,20,80,fixed,fixed,newyork,False,True,False,60,1.5,0.0,-7.86,-8.95,0,238,334,GBPJPY_M1,0.442
0.5748,34.29,9.15,0.01,-8.62,425.1,210,11,4,-0.041,1.1018,rsi_reversal_91fd0ad1,GBPJPY,M1,mean_reversion,18,25,75,atr_mult,atr_mult,all,False,True,True,240,7.1,-0.75,-5.19,-2.68,84,76,50,GBPJPY_M1,0.5748
0.6751,33.94,40.5,0.04,-39.72,957.7,763,16,6,-0.0521,1.3138,rsi_reversal_d227fedd,GBPJPY,M1,mean_reversion,10,28,72,atr_mult,atr_mult,london_ny,False,True,True,0,16.0,-2.32,-23.85,-13.55,100,370,293,GBPJPY_M1,0.6751
0.8858,38.96,5.96,0.01,-2.64,544.8,249,8,5,-0.0106,1.3881,rsi_reversal_a865b9c9,GBPJPY,M1,mean_reversion,7,25,75,atr_mult,fixed,newyork,True,False,True,60,9.1,0.0,-4.51,1.88,0,95,154,GBPJPY_M1,0.8858
0.7673,47.41,35.78,0.04,-34.59,669.2,1314,13,9,-0.0263,0.8511,rsi_reversal_a056ecb1,GBPJPY,M1,mean_reversion,7,35,65,fixed,atr_mult,all,True,False,True,0,11.2,-13.11,-15.1,-6.38,480,386,448,GBPJPY_M1,0.7673
0.4773,20.18,16.46,0.02,-15.77,154.9,451,17,5,-0.035,1.888,rsi_reversal_fdfb4d3e,GBPJPY,M1,mean_reversion,18,30,70,fixed,fixed,tokyo,False,False,False,120,2.6,-15.77,0.0,0.0,451,0,0,GBPJPY_M1,0.4773
0.7076,48.84,3.82,0.0,-3.52,947.4,86,7,6,-0.041,0.7413,rsi_reversal_41245532,GBPJPY,M1,mean_reversion,14,30,70,atr_mult,fixed,all,True,True,True,120,15.8,-1.12,-1.52,-0.88,39,23,24,GBPJPY_M1,0.7076
0.4682,13.4,42.64,0.04,-42.29,245.4,1097,33,3,-0.0386,3.026,rsi_reversal_7dabc487,GBPJPY,M1,mean_reversion,7,25,75,fixed,fixed,london,False,True,False,60,4.1,-7.05,-35.24,0.0,233,864,0,GBPJPY_M1,0.4682
0.8627,19.78,8.1,0.01,-4.34,842.5,268,16,3,-0.0162,3.4996,rsi_reversal_f4b816da,GBPJPY,M1,mean_reversion,10,32,68,atr_mult,atr_mult,tokyo,True,False,False,60,14.0,-4.34,0.0,0.0,268,0,0,GBPJPY_M1,0.8627
0.4388,19.91,17.57,0.02,-16.73,195.1,452,16,5,-0.037,1.7649,rsi_reversal_3fde7dba,GBPJPY,M1,mean_reversion,18,30,70,atr_mult,fixed,tokyo,False,False,True,240,3.3,-16.73,0.0,0.0,452,0,0,GBPJPY_M1,0.4388
0.0,0.0,0.0,0.0,0.0,0.0,0,0,0,0.0,0.0,rsi_reversal_1291162e,GBPJPY,M1,mean_reversion,21,25,75,fixed,atr_mult,all,True,True,False,240,0.0,0.0,0.0,0.0,0,0,0,GBPJPY_M1,0.0
0.7059,25.62,22.15,0.02,-21.46,584.3,609,16,3,-0.0352,2.0498,rsi_reversal_e4af5c24,GBPJPY,M1,mean_reversion,10,28,72,fixed,fixed,london,False,True,True,0,9.7,-0.12,-21.34,0.0,125,484,0,GBPJPY_M1,0.7059
0.6719,20.69,1.39,0.0,-1.22,726.2,29,6,2,-0.042,2.5755,rsi_reversal_3265c873,GBPJPY,M1,mean_reversion,21,32,68,fixed,fixed,tokyo,True,False,False,0,12.1,-1.22,0.0,0.0,29,0,0,GBPJPY_M1,0.6719
0.6318,23.53,3.04,0.0,-2.78,183.0,119,14,2,-0.0233,2.0534,rsi_reversal_ee52023a,GBPJPY,M1,mean_reversion,21,32,68,fixed,fixed,all,True,True,False,240,3.0,-1.55,-0.21,-1.02,45,36,38,GBPJPY_M1,0.6318
0.8617,40.0,0.45,0.0,-0.12,336.0,10,3,2,-0.0116,1.2926,rsi_reversal_1188e06f,GBPJPY,M1,mean_reversion,18,20,80,fixed,fixed,tokyo,False,True,False,120,5.6,-0.12,0.0,0.0,10,0,0,GBPJPY_M1,0.8617
0.5812,33.33,0.41,0.0,-0.26,270.0,6,2,1,-0.043,1.1623,rsi_reversal_14c139bd,GBPJPY,M1,mean_reversion,21,32,68,atr_mult,fixed,newyork,True,False,False,120,4.5,0.0,-0.19,-0.07,0,3,3,GBPJPY_M1,0.5812
0.6535,54.55,1.06,0.0,-1.02,763.6,22,2,3,-0.0461,0.5446,rsi_reversal_7b31689d,GBPJPY,M1,mean_reversion,14,28,72,atr_mult,fixed,newyork,True,False,True,0,12.7,0.0,-0.32,-0.7,0,11,11,GBPJPY_M1,0.6535
0.5077,50.92,30.23,0.03,-29.85,164.0,874,8,7,-0.0342,0.4894,rsi_reversal_a82449b9,GBPJPY,M1,mean_reversion,18,35,65,fixed,fixed,london,False,True,True,60,2.7,-4.44,-25.41,0.0,190,684,0,GBPJPY_M1,0.5077
0.5433,67.36,17.38,0.02,-16.75,323.0,481,4,13,-0.0348,0.2633,rsi_reversal_c4bf3fd8,GBPJPY,M1,mean_reversion,21,35,65,fixed,fixed,tokyo,False,True,False,0,5.4,-16.75,0.0,0.0,481,0,0,GBPJPY_M1,0.5433
0.7817,38.39,18.95,0.02,-16.91,383.4,805,15,5,-0.021,1.2547,rsi_reversal_4dd53685,GBPJPY,M1,mean_reversion,10,35,65,fixed,fixed,all,True,True,False,60,6.4,-6.31,-10.54,-0.07,318,217,270,GBPJPY_M1,0.7817
1.066,62.5,0.76,0.0,0.2,585.0,32,3,5,0.0061,0.6396,rsi_reversal_c9550def,GBPJPY,M1,mean_reversion,21,25,75,fixed,fixed,tokyo,False,True,True,60,9.8,0.2,0.0,0.0,32,0,0,GBPJPY_M1,1.066
inf,100.0,0.0,0.0,0.13,120.0,1,0,1,0.13,0.0,rsi_reversal_fcec14a6,GBPJPY,M1,mean_reversion,14,20,80,atr_mult,atr_mult,tokyo,True,False,True,240,2.0,0.13,0.0,0.0,1,0,0,GBPJPY_M1,10.0
0.5818,44.51,29.07,0.03,-28.32,544.2,510,8,7,-0.0555,0.7253,rsi_reversal_cea362ea,GBPJPY,M1,mean_reversion,18,35,65,fixed,atr_mult,london,False,True,True,120,9.1,-2.68,-25.64,0.0,116,394,0,GBPJPY_M1,0.5818
0.0,0.0,0.0,0.0,0.0,0.0,0,0,0,0.0,0.0,rsi_reversal_74f9af2e,GBPJPY,M1,mean_reversion,18,20,80,atr_mult,fixed,london_ny,True,False,True,0,0.0,0.0,0.0,0.0,0,0,0,GBPJPY_M1,0.0
0.6835,20.82,19.19,0.02,-18.35,638.6,485,24,3,-0.0378,2.5987,rsi_reversal_12f149b0,GBPJPY,M1,mean_reversion,21,32,68,fixed,atr_mult,london_ny,False,True,False,60,10.6,-0.36,-12.05,-5.95,58,245,182,GBPJPY_M1,0.6835
0.7658,30.14,14.07,0.01,-10.55,2024.5,209,14,5,-0.0505,1.7747,rsi_reversal_3337b0fb,GBPJPY,M1,mean_reversion,7,32,68,atr_mult,fixed,london,True,False,False,240,33.7,-2.77,-7.79,0.0,49,160,0,GBPJPY_M1,0.7658
0.0,0.0,0.0,0.0,0.0,0.0,0,0,0,0.0,0.0,rsi_reversal_a895077c,GBPJPY,M1,mean_reversion,18,20,80,atr_mult,atr_mult,tokyo,True,False,False,120,0.0,0.0,0.0,0.0,0,0,0,GBPJPY_M1,0.0
0.7452,35.96,2.72,0.0,-2.25,473.9,89,8,6,-0.0253,1.3274,rsi_reversal_e41d0290,GBPJPY,M1,mean_reversion,10,25,75,atr_mult,fixed,london_ny,True,False,True,120,7.9,-0.02,-3.32,1.09,16,44,29,GBPJPY_M1,0.7452
0.7202,34.25,28.98,0.03,-26.74,1149.4,616,13,6,-0.0434,1.3823,rsi_reversal_f4d4394b,GBPJPY,M1,mean_reversion,7,28,72,atr_mult,atr_mult,tokyo,False,True,True,60,19.2,-26.74,0.0,0.0,616,0,0,GBPJPY_M1,0.7202
0.6769,34.79,54.94,0.05,-53.7,384.8,1621,14,10,-0.0331,1.2686,rsi_reversal_365894b2,GBPJPY,M1,mean_reversion,10,32,68,fixed,fixed,london_ny,False,True,False,60,6.4,-4.42,-35.73,-13.55,209,764,648,GBPJPY_M1,0.6769
0.5862,25.25,7.71,0.01,-7.7,157.0,305,13,3,-0.0252,1.7357,rsi_reversal_fc598c45,GBPJPY,M1,mean_reversion,10,30,70,atr_mult,fixed,newyork,True,False,True,0,2.6,0.0,-5.06,-2.63,0,122,183,GBPJPY_M1,0.5862
1.021,44.44,3.04,0.0,0.16,1314.7,45,5,5,0.0035,1.2762,rsi_reversal_8eaf0095,GBPJPY,M1,mean_reversion,10,25,75,atr_mult,fixed,newyork,True,False,False,60,21.9,0.0,-2.48,2.64,0,20,25,GBPJPY_M1,1.021
0.7683,36.9,23.07,0.02,-22.01,1399.2,496,10,6,-0.0444,1.314,rsi_reversal_7d1dacdf,GBPJPY,M1,mean_reversion,18,30,70,fixed,fixed,all,False,False,False,120,23.3,-12.05,-8.7,-1.26,201,154,141,GBPJPY_M1,0.7683
0.6837,54.37,9.49,0.01,-9.3,778.5,206,6,8,-0.0451,0.5738,rsi_reversal_5a528658,GBPJPY,M1,mean_reversion,21,32,68,atr_mult,fixed,london,False,True,True,240,13.0,-0.56,-8.73,0.0,40,166,0,GBPJPY_M1,0.6837
0.6074,32.61,15.26,0.02,-14.67,904.7,230,13,3,-0.0638,1.2553,rsi_reversal_ba111fd0,GBPJPY,M1,mean_reversion,21,32,68,atr_mult,atr_mult,newyork,False,True,True,60,15.1,0.0,-7.18,-7.5,0,91,139,GBPJPY_M1,0.6074
0.8088,37.84,3.84,0.0,-2.07,985.9,74,5,3,-0.028,1.3287,rsi_reversal_fc6388ec,GBPJPY,M1,mean_reversion,10,25,75,fixed,atr_mult,newyork,True,False,True,0,16.4,0.0,-1.67,-0.41,0,36,38,GBPJPY_M1,0.8088
0.7477,37.9,22.55,0.02,-21.33,343.5,905,18,5,-0.0236,1.2251,rsi_reversal_72c6fd76,GBPJPY,M1,mean_reversion,7,30,70,atr_mult,atr_mult,all,True,True,False,120,5.7,-5.61,-8.98,-6.74,351,245,309,GBPJPY_M1,0.7477
0.6989,50.47,30.84,0.03,-29.69,829.7,739,10,8,-0.0402,0.6857,rsi_reversal_6b946fdf,GBPJPY,M1,mean_reversion,7,30,70,fixed,fixed,london,False,False,True,240,13.8,-3.14,-26.55,0.0,172,567,0,GBPJPY_M1,0.6989
0.489,20.12,51.18,0.05,-50.58,162.7,1466,29,4,-0.0345,1.941,rsi_reversal_09f0bc6f,GBPJPY,M1,mean_reversion,10,28,72,fixed,fixed,london_ny,False,False,False,60,2.7,-5.18,-28.13,-17.27,181,727,558,GBPJPY_M1,0.489
0.7457,36.73,4.27,0.0,-3.06,2097.6,49,7,3,-0.0624,1.2842,rsi_reversal_45c5b145,GBPJPY,M1,mean_reversion,14,32,68,atr_mult,atr_mult,newyork,True,False,False,60,35.0,0.0,-4.25,1.19,0,18,31,GBPJPY_M1,0.7457
0.0,0.0,0.0,0.0,0.0,0.0,0,0,0,0.0,0.0,rsi_reversal_2f3fd065,GBPJPY,M1,mean_reversion,18,20,80,atr_mult,fixed,all,True,True,True,120,0.0,0.0,0.0,0.0,0,0,0,GBPJPY_M1,0.0
0.7769,37.8,24.46,0.02,-21.41,1436.2,500,13,5,-0.0428,1.2784,rsi_reversal_26522ae3,GBPJPY,M1,mean_reversion,10,32,68,fixed,fixed,tokyo,False,True,False,0,23.9,-21.41,0.0,0.0,500,0,0,GBPJPY_M1,0.7769
0.4832,12.22,25.94,0.03,-25.91,361.1,704,41,3,-0.0368,3.4722,rsi_reversal_530d6697,GBPJPY,M1,mean_reversion,14,30,70,atr_mult,fixed,tokyo,False,True,False,120,6.0,-25.91,0.0,0.0,704,0,0,GBPJPY_M1,0.4832
0.6125,57.14,6.03,0.01,-5.49,1171.2,77,4,6,-0.0713,0.4594,rsi_reversal_2ded6437,GBPJPY,M1,mean_reversion,14,32,68,fixed,atr_mult,newyork,True,False,False,120,19.5,0.0,-3.1,-2.38,0,31,46,GBPJPY_M1,0.6125
0.6121,51.31,25.74,0.03,-25.13,741.1,421,6,5,-0.0597,0.5809,rsi_reversal_2f756421,GBPJPY,M1,mean_reversion,14,32,68,atr_mult,fixed,london,False,False,True,120,12.4,-3.21,-21.92,0.0,91,330,0,GBPJPY_M1,0.6121
0.7665,57.78,50.66,0.05,-47.94,668.3,1684,8,12,-0.0285,0.5601,rsi_reversal_5665ffde,GBPJPY,M1,mean_reversion,7,35,65,atr_mult,fixed,london_ny,False,True,True,240,11.1,-4.29,-31.54,-12.11,231,792,661,GBPJPY_M1,0.7665
0.5285,22.32,75.99,0.08,-75.99,204.3,2473,26,4,-0.0307,1.8393,rsi_reversal_437930b1,GBPJPY,M1,mean_reversion,7,35,65,atr_mult,fixed,tokyo,False,False,True,0,3.4,-75.99,0.0,0.0,2473,0,0,GBPJPY_M1,0.5285
0.6236,34.57,8.17,0.01,-7.18,348.5,188,9,4,-0.0382,1.18,rsi_reversal_e182a9e0,GBPJPY,M1,mean_reversion,10,20,80,atr_mult,atr_mult,tokyo,False,True,False,60,5.8,-7.18,0.0,0.0,188,0,0,GBPJPY_M1,0.6236
0.6516,36.98,51.82,0.05,-51.26,315.4,1582,15,9,-0.0324,1.1105,rsi_reversal_c59d9050,GBPJPY,M1,mean_reversion,14,35,65,atr_mult,atr_mult,london_ny,False,True,True,0,5.3,-5.14,-31.12,-15.01,210,756,616,GBPJPY_M1,0.6516
0.7484,37.75,27.56,0.03,-25.82,1385.3,551,12,8,-0.0469,1.2342,rsi_reversal_9772875d,GBPJPY,M1,mean_reversion,7,30,70,fixed,fixed,newyork,False,False,False,60,23.1,0.0,-8.67,-17.16,0,208,343,GBPJPY_M1,0.7484
0.6733,48.42,4.61,0.0,-3.79,599.4,95,6,7,-0.0399,0.7172,rsi_reversal_3238671d,GBPJPY,M1,mean_reversion,14,30,70,fixed,atr_mult,all,True,False,True,0,10.0,-1.56,-2.13,-0.1,40,30,25,GBPJPY_M1,0.6733
0.3883,23.08,1.84,0.0,-1.74,343.8,26,8,2,-0.067,1.2942,rsi_reversal_3df00c55,GBPJPY,M1,mean_reversion,21,35,65,fixed,atr_mult,newyork,True,False,False,240,5.7,0.0,-1.01,-0.73,0,12,14,GBPJPY_M1,0.3883
0.5897,44.76,9.82,0.01,-6.71,919.4,105,6,5,-0.0639,0.7278,rsi_reversal_01924dc5,GBPJPY,M1,mean_reversion,14,35,65,atr_mult,fixed,tokyo,True,False,True,240,15.3,-6.71,0.0,0.0,105,0,0,GBPJPY_M1,0.5897
0.703,53.85,1.38,0.0,-1.11,978.5,26,3,4,-0.0426,0.6026,rsi_reversal_daee6f4e,GBPJPY,M1,mean_reversion,18,32,68,fixed,fixed,london,True,False,False,120,16.3,-0.31,-0.8,0.0,8,18,0,GBPJPY_M1,0.703
0.6618,51.53,8.85,0.01,-8.16,711.9,163,5,10,-0.0501,0.6224,rsi_reversal_dea8e67b,GBPJPY,M1,mean_reversion,7,20,80,fixed,fixed,all,True,True,False,60,11.9,-4.48,-5.38,1.69,64,49,50,GBPJPY_M1,0.6618
0.4926,14.13,4.19,0.0,-3.43,279.1,92,22,2,-0.0373,2.9935,rsi_reversal_c1d35d3e,GBPJPY,M1,mean_reversion,7,20,80,atr_mult,fixed,london,True,False,False,0,4.7,-0.12,-3.31,0.0,21,71,0,GBPJPY_M1,0.4926
0.6439,34.74,53.41,0.05,-51.99,445.7,1497,14,6,-0.0347,1.2098,rsi_reversal_72b3f2b7,GBPJPY,M1,mean_reversion,14,35,65,atr_mult,fixed,london_ny,False,True,True,60,7.4,-4.48,-30.75,-16.76,200,709,588,GBPJPY_M1,0.6439
0.0,0.0,0.0,0.0,0.0,0.0,0,0,0,0.0,0.0,rsi_reversal_8ed2845e,GBPJPY,M1,mean_reversion,18,20,80,fixed,atr_mult,all,True,True,True,0,0.0,0.0,0.0,0.0,0,0,0,GBPJPY_M1,0.0
0.0,0.0,0.0,0.0,0.0,0.0,0,0,0,0.0,0.0,rsi_reversal_827f00dd,GBPJPY,M1,mean_reversion,21,20,80,fixed,atr_mult,newyork,True,False,True,120,0.0,0.0,0.0,0.0,0,0,0,GBPJPY_M1,0.0
0.7015,34.75,80.33,0.08,-79.03,365.7,2708,16,10,-0.0292,1.3174,rsi_reversal_4a00e7a8,GBPJPY,M1,mean_reversion,7,35,65,fixed,atr_mult,london_ny,False,False,False,120,6.1,-9.88,-45.78,-23.36,372,1272,1064,GBPJPY_M1,0.7015
0.2786,66.67,0.54,0.0,-0.39,2460.0,3,1,2,-0.1303,0.1393,rsi_reversal_399a57fd,GBPJPY,M1,mean_reversion,21,20,80,fixed,atr_mult,newyork,False,True,True,0,41.0,0.0,0.15,-0.54,0,2,1,GBPJPY_M1,0.2786
0.6403,50.0,1.43,0.0,-1.03,936.7,18,3,3,-0.0571,0.6403,rsi_reversal_51620aa6,GBPJPY,M1,mean_reversion,14,25,75,atr_mult,fixed,tokyo,True,False,False,0,15.6,-1.03,0.0,0.0,18,0,0,GBPJPY_M1,0.6403
0.0,0.0,0.0,0.0,0.0,0.0,0,0,0,0.0,0.0,rsi_reversal_2924612b,GBPJPY,M1,mean_reversion,18,20,80,fixed,fixed,tokyo,True,False,True,0,0.0,0.0,0.0,0.0,0,0,0,GBPJPY_M1,0.0
1.0951,66.67,0.3,0.0,0.03,1160.0,3,1,2,0.0097,0.5475,rsi_reversal_dc8b2d3b,GBPJPY,M1,mean_reversion,14,20,80,atr_mult,fixed,all,True,True,False,60,19.3,0.13,-0.31,0.2,1,1,1,GBPJPY_M1,1.0951
0.5635,22.48,34.66,0.03,-34.3,317.0,1232,21,4,-0.0278,1.9427,rsi_reversal_87642fef,USDJPY,M1,mean_reversion,7,28,72,fixed,fixed,newyork,False,True,True,240,5.3,0.0,-11.55,-22.75,0,407,825,USDJPY_M1,0.5635
0.9219,26.09,1.2,0.0,-0.23,373.0,46,10,3,-0.0049,2.612,rsi_reversal_98668bee,USDJPY,M1,mean_reversion,21,30,70,fixed,fixed,all,True,True,True,60,6.2,-0.63,-0.23,0.64,21,12,13,USDJPY_M1,0.9219
0.5109,31.25,1.43,0.0,-1.07,1023.8,16,4,2,-0.067,1.1241,rsi_reversal_08f68746,USDJPY,M1,mean_reversion,21,32,68,fixed,fixed,newyork,True,False,False,60,17.1,0.0,-0.85,-0.22,0,4,12,USDJPY_M1,0.5109
0.716,31.49,11.93,0.01,-10.06,1361.1,308,12,4,-0.0327,1.5574,rsi_reversal_316c4c2b,USDJPY,M1,mean_reversion,14,30,70,atr_mult,fixed,tokyo,False,True,True,60,22.7,-10.06,0.0,0.0,308,0,0,USDJPY_M1,0.716
2.0831,33.33,0.17,0.0,0.37,810.0,6,2,1,0.0608,4.1662,rsi_reversal_05df4dd6,USDJPY,M1,mean_reversion,14,25,75,fixed,fixed,london,True,False,True,60,13.5,-0.06,0.42,0.0,1,5,0,USDJPY_M1,2.0831
0.2167,27.27,1.44,0.0,-1.32,141.8,22,8,2,-0.0601,0.5779,rsi_reversal_b50fcceb,USDJPY,M1,mean_reversion,21,28,72,fixed,fixed,all,True,True,True,0,2.4,-0.66,-0.52,-0.14,12,5,5,USDJPY_M1,0.2167
0.559,25.0,6.25,0.01,-5.44,1515.0,92,9,2,-0.0591,1.6771,rsi_reversal_80b5f496,USDJPY,M1,mean_reversion,7,20,80,atr_mult,fixed,london_ny,True,False,True,240,25.2,-0.2,-4.08,-1.17,12,42,38,USDJPY_M1,0.559
0.4388,34.82,51.96,0.05,-51.78,159.5,1654,14,7,-0.0313,0.8212,rsi_reversal_fb3bfe9e,USDJPY,M1,mean_reversion,10,30,70,fixed,fixed,london_ny,False,True,True,240,2.7,-4.96,-27.25,-19.58,195,788,671,USDJPY_M1,0.4388
0.6375,74.92,9.84,0.01,-8.86,645.3,315,3,15,-0.0281,0.2134,rsi_reversal_4c819dbe,USDJPY,M1,mean_reversion,10,32,68,fixed,atr_mult,london_ny,True,False,True,120,10.8,-0.56,-7.22,-1.07,48,141,126,USDJPY_M1,0.6375
0.7181,50.16,14.59,0.01,-12.69,1644.8,307,7,7,-0.0413,0.7134,rsi_reversal_c3e5abb9,USDJPY,M1,mean_reversion,10,28,72,fixed,fixed,london,False,False,True,60,27.4,1.41,-14.1,0.0,67,240,0,USDJPY_M1,0.7181
0.4686,58.82,1.02,0.0,-0.74,388.2,17,4,4,-0.0434,0.328,rsi_reversal_1f4663e6,USDJPY,M1,mean_reversion,14,28,72,fixed,atr_mult,tokyo,True,False,True,0,6.5,-0.74,0.0,0.0,17,0,0,USDJPY_M1,0.4686
0.0,0.0,0.0,0.0,0.0,0.0,0,0,0,0.0,0.0,rsi_reversal_cba164b0,USDJPY,M1,mean_reversion,21,25,75,fixed,atr_mult,london_ny,True,False,True,60,0.0,0.0,0.0,0.0,0,0,0,USDJPY_M1,0.0
0.7661,65.4,23.48,0.02,-20.74,1074.7,844,7,16,-0.0246,0.4052,rsi_reversal_3bec2b0b,USDJPY,M1,mean_reversion,10,32,68,atr_mult,atr_mult,london_ny,False,True,True,60,17.9,2.24,-18.65,-4.32,118,386,340,USDJPY_M1,0.7661
0.6108,23.16,22.3,0.02,-21.47,444.5,885,27,5,-0.0243,2.0259,rsi_reversal_7b6468aa,USDJPY,M1,mean_reversion,10,30,70,atr_mult,fixed,tokyo,False,True,True,60,7.4,-21.47,0.0,0.0,885,0,0,USDJPY_M1,0.6108
0.4295,25.0,0.72,0.0,-0.5,727.5,8,5,1,-0.0628,1.2886,rsi_reversal_d5d7e41f,USDJPY,M1,mean_reversion,18,20,80,fixed,fixed,newyork,False,False,True,0,12.1,0.0,0.18,-0.68,0,1,7,USDJPY_M1,0.4295
0.6496,42.23,9.93,0.01,-8.96,952.1,251,7,5,-0.0357,0.8886,rsi_reversal_7edf0392,USDJPY,M1,mean_reversion,14,32,68,atr_mult,atr_mult,all,True,True,True,240,15.9,-2.32,-4.97,-1.67,100,68,83,USDJPY_M1,0.6496
0.6997,54.71,14.43,0.01,-14.36,1570.4,393,7,8,-0.0365,0.5792,rsi_reversal_291ec70d,USDJPY,M1,mean_reversion,7,25,75,atr_mult,atr_mult,all,True,False,True,60,26.2,-4.91,-9.3,-0.15,145,110,138,USDJPY_M1,0.6997
0.7232,25.46,17.33,0.02,-16.8,1679.7,436,16,4,-0.0385,2.1173,rsi_reversal_f4868c38,USDJPY,M1,mean_reversion,7,28,72,atr_mult,atr_mult,all,True,False,False,120,28.0,-5.47,-7.21,-4.13,169,122,145,USDJPY_M1,0.7232
0.5174,15.79,2.11,0.0,-2.11,433.7,57,12,2,-0.037,2.7594,rsi_reversal_646424a9,USDJPY,M1,mean_reversion,14,28,72,atr_mult,fixed,all,True,True,True,120,7.2,-1.04,-0.67,-0.4,19,18,20,USDJPY_M1,0.5174
0.7641,38.54,16.23,0.02,-14.77,890.3,576,10,6,-0.0256,1.2184,rsi_reversal_720ec65b,USDJPY,M1,mean_reversion,21,35,65,fixed,fixed,london_ny,False,True,True,0,14.8,0.45,-11.65,-3.57,65,286,225,USDJPY_M1,0.7641
0.5616,18.39,27.46,0.03,-26.75,355.5,881,34,4,-0.0304,2.4925,rsi_reversal_38445148,USDJPY,M1,mean_reversion,14,30,70,fixed,fixed,london_ny,False,True,True,120,5.9,-0.52,-17.56,-8.68,100,439,342,USDJPY_M1,0.5616
0.6749,40.67,10.18,0.01,-9.35,979.4,300,10,5,-0.0312,0.9847,rsi_reversal_22e6faba,USDJPY,M1,mean_reversion,10,25,75,atr_mult,fixed,newyork,False,True,True,60,16.3,0.0,-6.7,-2.66,0,98,202,USDJPY_M1,0.6749
0.517,56.36,20.02,0.02,-19.44,366.8,527,9,8,-0.0369,0.4003,rsi_reversal_53bbde38,USDJPY,M1,mean_reversion,18,35,65,fixed,fixed,london,False,True,True,60,6.1,-1.3,-18.14,0.0,94,433,0,USDJPY_M1,0.517
inf,100.0,0.0,0.0,0.13,60.0,2,0,2,0.0635,0.0,rsi_reversal_33d1ad28,USDJPY,M1,mean_reversion,14,20,80,fixed,fixed,all,True,False,True,120,1.0,0.0,0.07,0.06,0,1,1,USDJPY_M1,10.0
0.0,0.0,0.0,0.0,0.0,0.0,0,0,0,0.0,0.0,rsi_reversal_3af2f7a1,USDJPY,M1,mean_reversion,21,20,80,fixed,fixed,all,True,True,False,60,0.0,0.0,0.0,0.0,0,0,0,USDJPY_M1,0.0
0.6393,26.14,5.13,0.01,-4.79,584.7,153,12,5,-0.0313,1.8061,rsi_reversal_ef40a5f0,USDJPY,M1,mean_reversion,21,30,70,fixed,atr_mult,tokyo,False,False,False,60,9.7,-4.79,0.0,0.0,153,0,0,USDJPY_M1,0.6393
0.4654,35.87,16.37,0.02,-15.95,168.7,552,12,6,-0.0289,0.8321,rsi_reversal_9e93aebf,USDJPY,M1,mean_reversion,18,30,70,fixed,fixed,london_ny,False,True,True,120,2.8,-1.5,-9.22,-5.23,47,303,202,USDJPY_M1,0.4654
0.7,51.98,9.05,0.01,-7.23,1663.4,177,7,8,-0.0408,0.6467,rsi_reversal_43c596c9,USDJPY,M1,mean_reversion,14,28,72,atr_mult,atr_mult,london,False,True,True,120,27.7,-0.63,-6.6,0.0,34,143,0,USDJPY_M1,0.7
0.4746,11.5,6.31,0.01,-6.31,862.3,113,19,2,-0.0558,3.651,rsi_reversal_72590aee,USDJPY,M1,mean_reversion,10,25,75,fixed,atr_mult,all,True,True,False,240,14.4,-2.2,-1.79,-2.32,45,32,36,USDJPY_M1,0.4746
0.8193,69.14,7.56,0.01,-4.38,1087.4,243,4,13,-0.018,0.3658,rsi_reversal_1239b9f7,USDJPY,M1,mean_reversion,14,30,70,atr_mult,atr_mult,tokyo,False,True,False,60,18.1,-4.38,0.0,0.0,243,0,0,USDJPY_M1,0.8193
0.7736,52.74,7.36,0.01,-6.26,1673.4,237,4,7,-0.0264,0.6932,rsi_reversal_d860fa38,USDJPY,M1,mean_reversion,7,32,68,atr_mult,atr_mult,newyork,True,False,True,60,27.9,0.0,-1.94,-4.31,0,81,156,USDJPY_M1,0.7736
0.8574,31.84,7.61,0.01,-4.69,1585.2,267,15,5,-0.0176,1.8359,rsi_reversal_5720c953,USDJPY,M1,mean_reversion,18,32,68,atr_mult,atr_mult,newyork,False,True,True,120,26.4,0.0,-6.41,1.72,0,99,168,USDJPY_M1,0.8574
0.0,0.0,0.21,0.0,-0.21,930.0,2,2,0,-0.103,0.0,rsi_reversal_a7dd6ee3,USDJPY,M1,mean_reversion,21,30,70,atr_mult,atr_mult,london,True,False,True,120,15.5,0.0,-0.21,0.0,0,2,0,USDJPY_M1,0.0
0.5222,12.83,12.86,0.01,-12.64,611.2,343,22,2,-0.0368,3.5487,rsi_reversal_590a877a,USDJPY,M1,mean_reversion,14,32,68,atr_mult,fixed,all,True,True,True,0,10.2,-4.79,-5.36,-2.48,131,96,116,USDJPY_M1,0.5222
0.5051,25.61,2.88,0.0,-2.61,230.5,82,13,4,-0.0318,1.4673,rsi_reversal_34b73b2b,USDJPY,M1,mean_reversion,7,20,80,atr_mult,fixed,tokyo,True,False,False,240,3.8,-2.61,0.0,0.0,82,0,0,USDJPY_M1,0.5051
0.462,18.5,26.31,0.03,-25.9,400.1,719,21,4,-0.036,2.0355,rsi_reversal_519d5493,USDJPY,M1,mean_reversion,14,32,68,atr_mult,fixed,london,False,True,True,120,6.7,-4.65,-21.25,0.0,135,584,0,USDJPY_M1,0.462
0.3524,25.93,4.11,0.0,-4.11,2377.8,27,7,2,-0.1522,1.007,rsi_reversal_36a9d345,USDJPY,M1,mean_reversion,14,28,72,atr_mult,fixed,london,True,False,True,240,39.6,0.02,-4.13,0.0,4,23,0,USDJPY_M1,0.3524
1.0089,30.77,3.09,0.0,0.15,1626.5,130,13,3,0.0012,2.27,rsi_reversal_40288e8f,USDJPY,M1,mean_reversion,14,25,75,fixed,atr_mult,newyork,False,False,False,0,27.1,0.0,-1.19,1.34,0,53,77,USDJPY_M1,1.0089
0.8489,68.14,3.36,0.0,-1.68,957.3,113,3,9,-0.0148,0.3969,rsi_reversal_f8c096fe,USDJPY,M1,mean_reversion,14,25,75,atr_mult,atr_mult,newyork,False,True,False,240,16.0,0.0,-2.48,0.8,0,43,70,USDJPY_M1,0.8489
0.6414,45.9,17.76,0.02,-15.11,1901.9,268,7,5,-0.0564,0.7561,rsi_reversal_ecfeeede,USDJPY,M1,mean_reversion,18,35,65,atr_mult,atr_mult,london,False,True,False,60,31.7,0.23,-15.34,0.0,57,211,0,USDJPY_M1,0.6414
0.7707,49.09,6.73,0.01,-4.06,2268.5,110,6,7,-0.0369,0.7993,rsi_reversal_0d828371,USDJPY,M1,mean_reversion,14,25,75,atr_mult,fixed,london,False,True,False,120,37.8,1.93,-5.99,0.0,17,93,0,USDJPY_M1,0.7707
0.448,24.53,4.26,0.0,-4.17,237.2,106,16,2,-0.0393,1.3784,rsi_reversal_dc725157,USDJPY,M1,mean_reversion,14,30,70,atr_mult,fixed,all,True,True,True,60,4.0,-1.48,-1.79,-0.9,43,30,33,USDJPY_M1,0.448
0.62,37.5,0.85,0.0,-0.58,1020.0,16,5,3,-0.0363,1.0334,rsi_reversal_0feeb3fe,USDJPY,M1,mean_reversion,21,32,68,fixed,atr_mult,newyork,True,False,True,60,17.0,0.0,-0.72,0.14,0,4,12,USDJPY_M1,0.62
0.5731,59.96,83.98,0.08,-83.47,387.8,2725,7,14,-0.0306,0.3827,rsi_reversal_7b07bc10,USDJPY,M1,mean_reversion,7,30,70,fixed,atr_mult,all,False,True,True,0,6.5,-30.14,-29.03,-24.31,1020,798,907,USDJPY_M1,0.5731
0.8241,53.72,9.54,0.01,-5.75,1624.5,242,7,9,-0.0238,0.71,rsi_reversal_3b6d57d1,USDJPY,M1,mean_reversion,18,30,70,fixed,atr_mult,london_ny,False,True,False,60,27.1,-0.04,-8.32,2.61,24,124,94,USDJPY_M1,0.8241
1.1376,33.7,3.69,0.0,1.46,1439.3,92,10,4,0.0159,2.2385,rsi_reversal_5d68ec8b,USDJPY,M1,mean_reversion,14,20,80,atr_mult,atr_mult,all,False,True,True,240,24.0,1.18,0.58,-0.3,22,35,35,USDJPY_M1,1.1376
0.7471,27.55,2.07,0.0,-1.48,494.1,98,7,2,-0.0151,1.9647,rsi_reversal_d3f8ed23,USDJPY,M1,mean_reversion,7,20,80,fixed,fixed,newyork,True,False,True,0,8.2,0.0,-1.77,0.29,0,27,71,USDJPY_M1,0.7471
1.0201,56.45,4.15,0.0,0.13,1898.7,62,5,13,0.0021,0.7869,rsi_reversal_13d4aeb4,USDJPY,M1,mean_reversion,7,20,80,fixed,fixed,tokyo,True,False,True,0,31.6,0.13,0.0,0.0,62,0,0,USDJPY_M1,1.0201
0.7108,32.65,12.09,0.01,-11.87,1177.3,343,11,3,-0.0346,1.4661,rsi_reversal_f7da6f6b,USDJPY,M1,mean_reversion,7,25,75,atr_mult,fixed,all,True,True,True,0,19.6,-5.58,-4.7,-1.59,127,104,112,USDJPY_M1,0.7108
0.7559,41.7,13.19,0.01,-11.58,1025.2,506,11,8,-0.0229,1.0569,rsi_reversal_ff48c115,USDJPY,M1,mean_reversion,7,25,75,fixed,fixed,newyork,False,True,True,60,17.1,0.0,-4.63,-6.95,0,167,339,USDJPY_M1,0.7559
0.0,0.0,0.55,0.0,-0.55,270.0,4,4,0,-0.1375,0.0,rsi_reversal_e012d1b7,USDJPY,M1,mean_reversion,21,25,75,fixed,atr_mult,all,True,True,True,60,4.5,-0.4,-0.15,0.0,3,1,0,USDJPY_M1,0.0
0.821,29.91,13.94,0.01,-11.72,1427.7,535,26,5,-0.0219,1.9242,rsi_reversal_27b5e374,USDJPY,M1,mean_reversion,7,30,70,fixed,fixed,newyork,False,True,False,60,23.8,0.0,-6.97,-4.76,0,201,334,USDJPY_M1,0.821
0.5212,45.95,39.94,0.04,-39.85,231.4,1358,11,8,-0.0293,0.6131,rsi_reversal_b501e0e1,USDJPY,M1,mean_reversion,7,30,70,fixed,atr_mult,tokyo,False,False,True,240,3.9,-39.85,0.0,0.0,1358,0,0,USDJPY_M1,0.5212
0.6341,25.0,4.21,0.0,-4.09,532.7,124,12,3,-0.033,1.9024,rsi_reversal_59182b3a,USDJPY,M1,mean_reversion,14,28,72,fixed,atr_mult,all,True,True,False,0,8.9,-1.49,-1.33,-1.27,46,37,41,USDJPY_M1,0.6341
0.5733,29.9,11.02,0.01,-10.21,459.2,291,14,5,-0.0351,1.3443,rsi_reversal_8a171d7d,USDJPY,M1,mean_reversion,14,28,72,fixed,atr_mult,tokyo,False,True,True,60,7.7,-10.21,0.0,0.0,291,0,0,USDJPY_M1,0.5733
0.4171,25.0,0.58,0.0,-0.34,720.0,4,3,1,-0.0852,1.2513,rsi_reversal_041f8989,USDJPY,M1,mean_reversion,21,25,75,atr_mult,atr_mult,all,True,True,True,120,12.0,-0.06,-0.28,0.0,3,1,0,USDJPY_M1,0.4171
0.4699,36.07,13.59,0.01,-13.31,163.0,463,18,6,-0.0287,0.8328,rsi_reversal_91d86554,USDJPY,M1,mean_reversion,7,20,80,fixed,fixed,newyork,False,True,False,60,2.7,0.0,-4.43,-8.88,0,138,325,USDJPY_M1,0.4699
0.5494,27.57,6.95,0.01,-6.83,479.4,185,15,4,-0.0369,1.4436,rsi_reversal_91fd0ad1,USDJPY,M1,mean_reversion,18,25,75,atr_mult,atr_mult,all,False,True,True,240,8.0,-1.65,-3.09,-2.09,54,63,68,USDJPY_M1,0.5494
0.7477,34.98,22.92,0.02,-21.58,1154.2,709,11,6,-0.0304,1.3899,rsi_reversal_d227fedd,USDJPY,M1,mean_reversion,10,28,72,atr_mult,atr_mult,london_ny,False,True,True,0,19.2,-0.5,-16.66,-4.42,82,334,293,USDJPY_M1,0.7477
1.0235,50.29,2.17,0.0,0.33,1076.2,173,7,6,0.0019,1.0117,rsi_reversal_a865b9c9,USDJPY,M1,mean_reversion,7,25,75,atr_mult,fixed,newyork,True,False,True,60,17.9,0.0,-2.62,2.94,0,50,123,USDJPY_M1,1.0235
0.6373,39.39,41.38,0.04,-40.87,1047.1,1084,15,8,-0.0377,0.9806,rsi_reversal_a056ecb1,USDJPY,M1,mean_reversion,7,35,65,fixed,atr_mult,all,True,False,True,0,17.5,-13.43,-16.26,-11.17,406,317,361,USDJPY_M1,0.6373
0.6031,19.8,8.33,0.01,-8.01,353.9,293,23,3,-0.0273,2.4436,rsi_reversal_fdfb4d3e,USDJPY,M1,mean_reversion,18,30,70,fixed,fixed,tokyo,False,False,False,120,5.9,-8.01,0.0,0.0,293,0,0,USDJPY_M1,0.6031
1.0806,67.11,2.33,0.0,0.58,1417.9,76,3,9,0.0076,0.5297,rsi_reversal_41245532,USDJPY,M1,mean_reversion,14,30,70,atr_mult,fixed,all,True,True,True,120,23.6,0.69,-0.95,0.84,34,17,25,USDJPY_M1,1.0806
0.561,11.97,25.43,0.03,-24.94,577.7,760,31,2,-0.0328,4.1245,rsi_reversal_7dabc487,USDJPY,M1,mean_reversion,7,25,75,fixed,fixed,london,False,True,False,60,9.6,-5.29,-19.66,0.0,166,594,0,USDJPY_M1,0.561
0.627,17.5,9.3,0.01,-8.72,874.0,240,17,2,-0.0363,2.9557,rsi_reversal_f4b816da,USDJPY,M1,mean_reversion,10,32,68,atr_mult,atr_mult,tokyo,True,False,False,60,14.6,-8.72,0.0,0.0,240,0,0,USDJPY_M1,0.627
0.566,22.53,9.04,0.01,-8.3,334.4,293,16,3,-0.0283,1.9466,rsi_reversal_3fde7dba,USDJPY,M1,mean_reversion,18,30,70,atr_mult,fixed,tokyo,False,False,True,240,5.6,-8.3,0.0,0.0,293,0,0,USDJPY_M1,0.566
0.0,0.0,0.0,0.0,0.0,0.0,0,0,0,0.0,0.0,rsi_reversal_1291162e,USDJPY,M1,mean_reversion,21,25,75,fixed,atr_mult,all,True,True,False,240,0.0,0.0,0.0,0.0,0,0,0,USDJPY_M1,0.0
0.6733,26.48,18.13,0.02,-16.38,1402.2,389,15,4,-0.0421,1.8697,rsi_reversal_e4af5c24,USDJPY,M1,mean_reversion,10,28,72,fixed,fixed,london,False,True,True,0,23.4,-0.47,-15.91,0.0,79,310,0,USDJPY_M1,0.6733
0.7411,25.0,1.14,0.0,-0.7,1149.0,20,5,1,-0.0348,2.2232,rsi_reversal_3265c873,USDJPY,M1,mean_reversion,21,32,68,fixed,fixed,tokyo,True,False,False,0,19.1,-0.7,0.0,0.0,20,0,0,USDJPY_M1,0.7411
0.6384,21.52,2.4,0.0,-2.14,351.6,79,11,3,-0.0271,2.3282,rsi_reversal_ee52023a,USDJPY,M1,mean_reversion,21,32,68,fixed,fixed,all,True,True,False,240,5.9,-1.06,-1.28,0.19,32,23,24,USDJPY_M1,0.6384
6.7234,80.0,0.14,0.0,0.81,888.0,5,1,3,0.1614,1.6809,rsi_reversal_1188e06f,USDJPY,M1,mean_reversion,18,20,80,fixed,fixed,tokyo,False,True,False,120,14.8,0.81,0.0,0.0,5,0,0,USDJPY_M1,6.7234
0.9205,66.67,0.44,0.0,-0.04,580.0,6,2,4,-0.0058,0.4602,rsi_reversal_14c139bd,USDJPY,M1,mean_reversion,21,32,68,atr_mult,fixed,newyork,True,False,False,120,9.7,0.0,-0.24,0.21,0,1,5,USDJPY_M1,0.9205
1.7685,81.25,0.32,0.0,0.71,1098.8,16,1,7,0.0442,0.4081,rsi_reversal_7b31689d,USDJPY,M1,mean_reversion,14,28,72,atr_mult,fixed,newyork,True,False,True,0,18.3,0.0,0.07,0.64,0,4,12,USDJPY_M1,1.7685
0.517,56.36,20.02,0.02,-19.44,366.8,527,9,8,-0.0369,0.4003,rsi_reversal_a82449b9,USDJPY,M1,mean_reversion,18,35,65,fixed,fixed,london,False,True,True,60,6.1,-1.3,-18.14,0.0,94,433,0,USDJPY_M1,0.517
0.715,75.25,7.73,0.01,-6.23,707.2,295,4,19,-0.0211,0.2351,rsi_reversal_c4bf3fd8,USDJPY,M1,mean_reversion,21,35,65,fixed,fixed,tokyo,False,True,False,0,11.8,-6.23,0.0,0.0,295,0,0,USDJPY_M1,0.715
0.7001,37.19,19.33,0.02,-18.94,958.0,562,11,6,-0.0337,1.1825,rsi_reversal_4dd53685,USDJPY,M1,mean_reversion,10,35,65,fixed,fixed,all,True,True,False,60,16.0,-6.97,-5.88,-6.09,208,171,183,USDJPY_M1,0.7001
1.8664,73.68,0.71,0.0,1.11,1351.6,19,2,6,0.0584,0.6666,rsi_reversal_c9550def,USDJPY,M1,mean_reversion,21,25,75,fixed,fixed,tokyo,False,True,True,60,22.5,1.11,0.0,0.0,19,0,0,USDJPY_M1,1.8664
0.0,0.0,0.0,0.0,0.0,0.0,0,0,0,0.0,0.0,rsi_reversal_fcec14a6,USDJPY,M1,mean_reversion,14,20,80,atr_mult,atr_mult,tokyo,True,False,True,240,0.0,0.0,0.0,0.0,0,0,0,USDJPY_M1,0.0
0.6352,41.46,18.34,0.02,-17.07,773.2,439,9,6,-0.0389,0.8969,rsi_reversal_cea362ea,USDJPY,M1,mean_reversion,18,35,65,fixed,atr_mult,london,False,True,True,120,12.9,-0.1,-16.97,0.0,83,356,0,USDJPY_M1,0.6352
0.0,0.0,0.0,0.0,0.0,0.0,0,0,0,0.0,0.0,rsi_reversal_74f9af2e,USDJPY,M1,mean_reversion,18,20,80,atr_mult,fixed,london_ny,True,False,True,0,0.0,0.0,0.0,0.0,0,0,0,USDJPY_M1,0.0
0.809,20.58,8.85,0.01,-8.05,940.6,452,17,4,-0.0178,3.1228,rsi_reversal_12f149b0,USDJPY,M1,mean_reversion,21,32,68,fixed,atr_mult,london_ny,False,True,False,60,15.7,-0.43,-5.42,-2.2,41,247,164,USDJPY_M1,0.809
0.7722,38.36,8.08,0.01,-7.22,3218.1,159,9,3,-0.0454,1.2405,rsi_reversal_3337b0fb,USDJPY,M1,mean_reversion,7,32,68,atr_mult,fixed,london,True,False,False,240,53.6,0.51,-7.73,0.0,39,120,0,USDJPY_M1,0.7722
0.0,0.0,0.0,0.0,0.0,0.0,0,0,0,0.0,0.0,rsi_reversal_a895077c,USDJPY,M1,mean_reversion,18,20,80,atr_mult,atr_mult,tokyo,True,False,False,120,0.0,0.0,0.0,0.0,0,0,0,USDJPY_M1,0.0
0.777,39.66,1.89,0.0,-1.25,820.3,58,7,4,-0.0215,1.1824,rsi_reversal_e41d0290,USDJPY,M1,mean_reversion,10,25,75,atr_mult,fixed,london_ny,True,False,True,120,13.7,-0.7,-1.06,0.52,5,26,27,USDJPY_M1,0.777
0.8548,34.44,15.12,0.02,-8.84,1377.9,514,16,5,-0.0172,1.6275,rsi_reversal_f4d4394b,USDJPY,M1,mean_reversion,7,28,72,atr_mult,atr_mult,tokyo,False,True,True,60,23.0,-8.84,0.0,0.0,514,0,0,USDJPY_M1,0.8548
0.7406,37.88,34.69,0.03,-30.87,886.1,1085,13,5,-0.0285,1.2146,rsi_reversal_365894b2,USDJPY,M1,mean_reversion,10,32,68,fixed,fixed,london_ny,False,True,False,60,14.8,-0.07,-22.77,-8.03,136,514,435,USDJPY_M1,0.7406
0.7208,35.68,4.47,0.0,-3.38,249.0,213,12,3,-0.0159,1.2994,rsi_reversal_fc598c45,USDJPY,M1,mean_reversion,10,30,70,atr_mult,fixed,newyork,True,False,True,0,4.2,0.0,-1.14,-2.24,0,61,152,USDJPY_M1,0.7208
0.8704,51.72,1.45,0.0,-0.55,1920.0,29,3,3,-0.019,0.8124,rsi_reversal_8eaf0095,USDJPY,M1,mean_reversion,10,25,75,atr_mult,fixed,newyork,True,False,False,60,32.0,0.0,-0.63,0.08,0,7,22,USDJPY_M1,0.8704
0.8632,39.84,12.3,0.01,-9.29,2988.1,369,17,9,-0.0252,1.3036,rsi_reversal_7d1dacdf,USDJPY,M1,mean_reversion,18,30,70,fixed,fixed,all,False,False,False,120,49.8,-1.76,-4.24,-3.29,126,123,120,USDJPY_M1,0.8632
0.7259,65.24,7.35,0.01,-5.05,1152.4,164,4,15,-0.0308,0.3867,rsi_reversal_5a528658,USDJPY,M1,mean_reversion,21,32,68,atr_mult,fixed,london,False,True,True,240,19.2,-0.79,-4.26,0.0,27,137,0,USDJPY_M1,0.7259
0.8073,36.28,7.49,0.01,-4.81,1059.3,215,11,6,-0.0224,1.418,rsi_reversal_ba111fd0,USDJPY,M1,mean_reversion,21,32,68,atr_mult,atr_mult,newyork,False,True,True,60,17.7,0.0,-3.37,-1.44,0,85,130,USDJPY_M1,0.8073
0.6448,31.48,3.06,0.0,-2.42,1644.4,54,6,2,-0.0448,1.4034,rsi_reversal_fc6388ec,USDJPY,M1,mean_reversion,10,25,75,fixed,atr_mult,newyork,True,False,True,0,27.4,0.0,-1.98,-0.43,0,13,41,USDJPY_M1,0.6448
0.5701,34.75,27.64,0.03,-27.32,365.7,849,13,8,-0.0322,1.0706,rsi_reversal_72c6fd76,USDJPY,M1,mean_reversion,7,30,70,atr_mult,atr_mult,all,True,True,False,120,6.1,-10.29,-7.97,-9.06,329,247,273,USDJPY_M1,0.5701
0.835,54.43,10.79,0.01,-8.16,1884.2,395,6,7,-0.0207,0.6991,rsi_reversal_6b946fdf,USDJPY,M1,mean_reversion,7,30,70,fixed,fixed,london,False,False,True,240,31.4,0.5,-8.66,0.0,91,304,0,USDJPY_M1,0.835
0.6107,19.68,32.87,0.03,-31.85,350.0,1199,33,4,-0.0266,2.4919,rsi_reversal_09f0bc6f,USDJPY,M1,mean_reversion,10,28,72,fixed,fixed,london_ny,False,False,False,60,5.8,-2.05,-17.98,-11.81,141,572,486,USDJPY_M1,0.6107
0.783,46.15,2.35,0.0,-1.24,2547.7,39,5,3,-0.0318,0.9135,rsi_reversal_45c5b145,USDJPY,M1,mean_reversion,14,32,68,atr_mult,atr_mult,newyork,True,False,False,60,42.5,0.0,-0.99,-0.25,0,10,29,USDJPY_M1,0.783
0.0,0.0,0.0,0.0,0.0,0.0,0,0,0,0.0,0.0,rsi_reversal_2f3fd065,USDJPY,M1,mean_reversion,18,20,80,atr_mult,fixed,all,True,True,True,120,0.0,0.0,0.0,0.0,0,0,0,USDJPY_M1,0.0
0.9596,42.48,11.49,0.01,-1.99,3227.6,266,9,7,-0.0075,1.2992,rsi_reversal_26522ae3,USDJPY,M1,mean_reversion,10,32,68,fixed,fixed,tokyo,False,True,False,0,53.8,-1.99,0.0,0.0,266,0,0,USDJPY_M1,0.9596
0.6354,12.45,15.9,0.02,-13.47,651.8,498,39,2,-0.027,4.4683,rsi_reversal_530d6697,USDJPY,M1,mean_reversion,14,30,70,atr_mult,fixed,tokyo,False,True,False,120,10.9,-13.47,0.0,0.0,498,0,0,USDJPY_M1,0.6354
0.8393,56.45,2.24,0.0,-1.42,1545.5,62,3,7,-0.0228,0.6475,rsi_reversal_2ded6437,USDJPY,M1,mean_reversion,14,32,68,fixed,atr_mult,newyork,True,False,False,120,25.8,0.0,-0.64,-0.78,0,18,44,USDJPY_M1,0.8393
0.634,62.86,14.32,0.01,-13.91,1141.5,315,4,8,-0.0442,0.3746,rsi_reversal_2f756421,USDJPY,M1,mean_reversion,14,32,68,atr_mult,fixed,london,False,False,True,120,19.0,0.01,-13.92,0.0,66,249,0,USDJPY_M1,0.634
0.7265,65.43,34.39,0.03,-33.47,1149.6,1102,6,14,-0.0304,0.3839,rsi_reversal_5665ffde,USDJPY,M1,mean_reversion,7,35,65,atr_mult,fixed,london_ny,False,True,True,240,19.2,-1.5,-19.51,-12.46,151,526,425,USDJPY_M1,0.7265
0.5795,22.87,47.71,0.05,-47.05,340.6,1788,22,4,-0.0263,1.9537,rsi_reversal_437930b1,USDJPY,M1,mean_reversion,7,35,65,atr_mult,fixed,tokyo,False,False,True,0,5.7,-47.05,0.0,0.0,1788,0,0,USDJPY_M1,0.5795
0.6266,38.64,4.01,0.0,-3.53,347.3,132,8,3,-0.0268,0.9952,rsi_reversal_e182a9e0,USDJPY,M1,mean_reversion,10,20,80,atr_mult,atr_mult,tokyo,False,True,False,60,5.8,-3.53,0.0,0.0,132,0,0,USDJPY_M1,0.6266
0.6214,37.71,41.9,0.04,-40.64,353.7,1461,14,7,-0.0278,1.0263,rsi_reversal_c59d9050,USDJPY,M1,mean_reversion,14,35,65,atr_mult,atr_mult,london_ny,False,True,True,0,5.9,-2.65,-22.62,-15.37,182,684,595,USDJPY_M1,0.6214
0.7732,43.52,14.57,0.01,-12.6,2315.6,347,8,7,-0.0363,1.0036,rsi_reversal_9772875d,USDJPY,M1,mean_reversion,7,30,70,fixed,fixed,newyork,False,False,False,60,38.6,0.0,-6.89,-5.71,0,122,225,USDJPY_M1,0.7732
0.8117,46.34,2.7,0.0,-1.45,812.9,82,7,5,-0.0177,0.9398,rsi_reversal_3238671d,USDJPY,M1,mean_reversion,14,30,70,fixed,atr_mult,all,True,False,True,0,13.5,-0.19,-1.01,-0.26,36,19,27,USDJPY_M1,0.8117
0.2994,12.5,1.77,0.0,-1.58,495.0,24,9,1,-0.0659,2.0957,rsi_reversal_3df00c55,USDJPY,M1,mean_reversion,21,35,65,fixed,atr_mult,newyork,True,False,False,240,8.2,0.0,-0.52,-1.06,0,8,16,USDJPY_M1,0.2994
0.6873,53.85,5.24,0.01,-3.42,1660.9,91,5,7,-0.0376,0.5891,rsi_reversal_01924dc5,USDJPY,M1,mean_reversion,14,35,65,atr_mult,fixed,tokyo,True,False,True,240,27.7,-3.42,0.0,0.0,91,0,0,USDJPY_M1,0.6873
0.8692,57.14,1.23,0.0,-0.26,1710.0,14,3,5,-0.0186,0.6519,rsi_reversal_daee6f4e,USDJPY,M1,mean_reversion,18,32,68,fixed,fixed,london,True,False,False,120,28.5,-0.17,-0.09,0.0,2,12,0,USDJPY_M1,0.8692
0.8785,55.94,5.93,0.01,-2.25,1696.4,143,6,6,-0.0157,0.6918,rsi_reversal_dea8e67b,USDJPY,M1,mean_reversion,7,20,80,fixed,fixed,all,True,True,False,60,28.3,-0.1,-3.44,1.3,62,39,42,USDJPY_M1,0.8785
0.5469,17.65,2.55,0.0,-2.3,360.0,68,16,2,-0.0338,2.5521,rsi_reversal_c1d35d3e,USDJPY,M1,mean_reversion,7,20,80,atr_mult,fixed,london,True,False,False,0,6.0,-0.85,-1.45,0.0,14,54,0,USDJPY_M1,0.5469
0.7252,41.67,29.63,0.03,-27.26,812.2,1027,12,6,-0.0265,1.015,rsi_reversal_72b3f2b7,USDJPY,M1,mean_reversion,14,35,65,atr_mult,fixed,london_ny,False,True,True,60,13.5,1.19,-19.01,-9.44,135,472,420,USDJPY_M1,0.7252
0.0,0.0,0.14,0.0,-0.14,180.0,1,1,0,-0.141,0.0,rsi_reversal_8ed2845e,USDJPY,M1,mean_reversion,18,20,80,fixed,atr_mult,all,True,True,True,0,3.0,-0.14,0.0,0.0,1,0,0,USDJPY_M1,0.0
0.0,0.0,0.0,0.0,0.0,0.0,0,0,0,0.0,0.0,rsi_reversal_827f00dd,USDJPY,M1,mean_reversion,21,20,80,fixed,atr_mult,newyork,True,False,True,120,0.0,0.0,0.0,0.0,0,0,0,USDJPY_M1,0.0
0.6531,25.91,63.28,0.06,-62.86,552.8,2096,20,6,-0.03,1.868,rsi_reversal_4a00e7a8,USDJPY,M1,mean_reversion,7,35,65,fixed,atr_mult,london_ny,False,False,False,120,9.2,-9.3,-31.45,-22.11,281,981,834,USDJPY_M1,0.6531
0.2534,66.67,0.3,0.0,-0.22,2080.0,3,1,2,-0.0737,0.1267,rsi_reversal_399a57fd,USDJPY,M1,mean_reversion,21,20,80,fixed,atr_mult,newyork,False,True,True,0,34.7,0.0,0.0,-0.22,0,0,3,USDJPY_M1,0.2534
0.5674,56.25,1.73,0.0,-0.98,1245.0,16,3,3,-0.0614,0.4413,rsi_reversal_51620aa6,USDJPY,M1,mean_reversion,14,25,75,atr_mult,fixed,tokyo,True,False,False,0,20.8,-0.98,0.0,0.0,16,0,0,USDJPY_M1,0.5674
0.0,0.0,0.12,0.0,-0.12,120.0,1,1,0,-0.118,0.0,rsi_reversal_2924612b,USDJPY,M1,mean_reversion,18,20,80,fixed,fixed,tokyo,True,False,True,0,2.0,-0.12,0.0,0.0,1,0,0,USDJPY_M1,0.0
inf,100.0,0.0,0.0,0.22,570.0,2,0,2,0.1095,0.0,rsi_reversal_dc8b2d3b,USDJPY,M1,mean_reversion,14,20,80,atr_mult,fixed,all,True,True,False,60,9.5,0.0,0.08,0.14,0,1,1,USDJPY_M1,10.0
0.7402,25.78,4.28,0.0,-4.0,1470.7,256,12,4,-0.0156,2.1309,rsi_reversal_87642fef,USDJPY,M5,mean_reversion,7,28,72,fixed,fixed,newyork,False,True,True,240,24.5,0.0,-1.45,-2.55,0,107,149,USDJPY_M5,0.7402
inf,100.0,0.0,0.0,0.35,4050.0,2,0,2,0.176,0.0,rsi_reversal_98668bee,USDJPY,M5,mean_reversion,21,30,70,fixed,fixed,all,True,True,True,60,67.5,0.0,0.17,0.19,0,1,1,USDJPY_M5,10.0
1.5238,50.0,0.34,0.0,0.18,4275.0,4,2,2,0.044,1.5238,rsi_reversal_08f68746,USDJPY,M5,mean_reversion,21,32,68,fixed,fixed,newyork,True,False,False,60,71.2,0.0,-0.2,0.38,0,1,3,USDJPY_M5,1.5238
0.8522,36.92,2.56,0.0,-1.08,6276.9,65,9,6,-0.0167,1.4558,rsi_reversal_316c4c2b,USDJPY,M5,mean_reversion,14,30,70,atr_mult,fixed,tokyo,False,True,True,60,104.6,-1.08,0.0,0.0,65,0,0,USDJPY_M5,0.8522
0.0,0.0,0.0,0.0,0.0,0.0,0,0,0,0.0,0.0,rsi_reversal_05df4dd6,USDJPY,M5,mean_reversion,14,25,75,fixed,fixed,london,True,False,True,60,0.0,0.0,0.0,0.0,0,0,0,USDJPY_M5,0.0
inf,100.0,0.0,0.0,0.14,1800.0,1,0,1,0.14,0.0,rsi_reversal_b50fcceb,USDJPY,M5,mean_reversion,21,28,72,fixed,fixed,all,True,True,True,0,30.0,0.0,0.14,0.0,0,1,0,USDJPY_M5,10.0
1.6036,50.0,0.61,0.0,0.64,7575.0,12,3,2,0.0532,1.6036,rsi_reversal_80b5f496,USDJPY,M5,mean_reversion,7,20,80,atr_mult,fixed,london_ny,True,False,True,240,126.2,0.0,0.53,0.11,0,6,6,USDJPY_M5,1.6036
0.5432,38.92,7.42,0.01,-7.41,846.8,316,9,6,-0.0234,0.8523,rsi_reversal_fb3bfe9e,USDJPY,M5,mean_reversion,10,30,70,fixed,fixed,london_ny,False,True,True,240,14.1,-0.19,-5.27,-1.95,44,157,115,USDJPY_M5,0.5432
1.3213,82.89,1.35,0.0,1.05,2940.8,76,5,25,0.0139,0.2727,rsi_reversal_4c819dbe,USDJPY,M5,mean_reversion,10,32,68,fixed,atr_mult,london_ny,True,False,True,120,49.0,0.15,0.26,0.65,16,32,28,USDJPY_M5,1.3213
0.6543,50.0,3.5,0.0,-3.35,9472.7,66,7,6,-0.0507,0.6543,rsi_reversal_c3e5abb9,USDJPY,M5,mean_reversion,10,28,72,fixed,fixed,london,False,False,True,60,157.9,0.09,-3.43,0.0,17,49,0,USDJPY_M5,0.6543
inf,100.0,0.0,0.0,0.13,2400.0,4,0,4,0.0322,0.0,rsi_reversal_1f4663e6,USDJPY,M5,mean_reversion,14,28,72,fixed,atr_mult,tokyo,True,False,True,0,40.0,0.13,0.0,0.0,4,0,0,USDJPY_M5,10.0
0.0,0.0,0.0,0.0,0.0,0.0,0,0,0,0.0,0.0,rsi_reversal_cba164b0,USDJPY,M5,mean_reversion,21,25,75,fixed,atr_mult,london_ny,True,False,True,60,0.0,0.0,0.0,0.0,0,0,0,USDJPY_M5,0.0
0.8859,68.6,2.51,0.0,-1.93,5478.5,172,5,15,-0.0112,0.4054,rsi_reversal_3bec2b0b,USDJPY,M5,mean_reversion,10,32,68,atr_mult,atr_mult,london_ny,False,True,True,60,91.3,-0.48,-1.83,0.38,30,80,62,USDJPY_M5,0.8859
0.4618,22.99,6.99,0.01,-6.58,2258.8,187,18,3,-0.0352,1.5464,rsi_reversal_7b6468aa,USDJPY,M5,mean_reversion,10,30,70,atr_mult,fixed,tokyo,False,True,True,60,37.6,-6.58,0.0,0.0,187,0,0,USDJPY_M5,0.4618
0.0,0.0,0.0,0.0,0.0,0.0,0,0,0,0.0,0.0,rsi_reversal_d5d7e41f,USDJPY,M5,mean_reversion,18,20,80,fixed,fixed,newyork,False,False,True,0,0.0,0.0,0.0,0.0,0,0,0,USDJPY_M5,0.0
0.4176,46.51,2.39,0.0,-2.39,5211.6,43,7,5,-0.0556,0.4802,rsi_reversal_7edf0392,USDJPY,M5,mean_reversion,14,32,68,atr_mult,atr_mult,all,True,True,True,240,86.9,-1.95,-0.28,-0.15,16,12,15,USDJPY_M5,0.4176
0.8213,60.23,2.75,0.0,-1.58,7786.4,88,5,11,-0.0179,0.5423,rsi_reversal_291ec70d,USDJPY,M5,mean_reversion,7,25,75,atr_mult,atr_mult,all,True,False,True,60,129.8,-3.09,-0.42,1.93,34,23,31,USDJPY_M5,0.8213
0.875,30.23,3.13,0.0,-1.4,8905.8,86,8,4,-0.0163,2.0193,rsi_reversal_f4868c38,USDJPY,M5,mean_reversion,7,28,72,atr_mult,atr_mult,all,True,False,False,120,148.4,-2.77,-1.23,2.59,38,20,28,USDJPY_M5,0.875
0.0,0.0,0.72,0.0,-0.72,1466.7,9,9,0,-0.0801,0.0,rsi_reversal_646424a9,USDJPY,M5,mean_reversion,14,28,72,atr_mult,fixed,all,True,True,True,120,24.4,-0.29,-0.06,-0.37,5,1,3,USDJPY_M5,0.0
0.7435,37.61,3.6,0.0,-3.12,4981.7,109,10,6,-0.0286,1.2331,rsi_reversal_720ec65b,USDJPY,M5,mean_reversion,21,35,65,fixed,fixed,london_ny,False,True,True,0,83.0,-1.19,-1.22,-0.71,15,57,37,USDJPY_M5,0.7435
0.6377,20.0,4.57,0.0,-4.1,1715.3,170,14,4,-0.0241,2.5508,rsi_reversal_38445148,USDJPY,M5,mean_reversion,14,30,70,fixed,fixed,london_ny,False,True,True,120,28.6,-0.75,-2.01,-1.33,20,88,62,USDJPY_M5,0.6377
0.8863,41.54,2.1,0.0,-0.67,5127.7,65,6,3,-0.0102,1.2474,rsi_reversal_22e6faba,USDJPY,M5,mean_reversion,10,25,75,atr_mult,fixed,newyork,False,True,True,60,85.5,0.0,-0.36,-0.3,0,30,35,USDJPY_M5,0.8863
0.4701,54.39,4.65,0.0,-4.66,1821.1,114,5,5,-0.0408,0.3942,rsi_reversal_53bbde38,USDJPY,M5,mean_reversion,18,35,65,fixed,fixed,london,False,True,True,60,30.4,-1.44,-3.21,0.0,19,95,0,USDJPY_M5,0.4701
0.0,0.0,0.0,0.0,0.0,0.0,0,0,0,0.0,0.0,rsi_reversal_33d1ad28,USDJPY,M5,mean_reversion,14,20,80,fixed,fixed,all,True,False,True,120,0.0,0.0,0.0,0.0,0,0,0,USDJPY_M5,0.0
0.0,0.0,0.0,0.0,0.0,0.0,0,0,0,0.0,0.0,rsi_reversal_3af2f7a1,USDJPY,M5,mean_reversion,21,20,80,fixed,fixed,all,True,True,False,60,0.0,0.0,0.0,0.0,0,0,0,USDJPY_M5,0.0
0.6331,23.26,2.2,0.0,-1.36,2358.1,43,14,2,-0.0316,2.0891,rsi_reversal_ef40a5f0,USDJPY,M5,mean_reversion,21,30,70,fixed,atr_mult,tokyo,False,False,False,60,39.3,-1.36,0.0,0.0,43,0,0,USDJPY_M5,0.6331
0.6443,41.58,1.86,0.0,-1.7,748.5,101,5,4,-0.0169,0.9051,rsi_reversal_9e93aebf,USDJPY,M5,mean_reversion,18,30,70,fixed,fixed,london_ny,False,True,True,120,12.5,-0.26,-0.47,-0.97,17,52,32,USDJPY_M5,0.6443
1.1089,61.9,1.71,0.0,0.41,8592.9,42,8,6,0.0099,0.6824,rsi_reversal_43c596c9,USDJPY,M5,mean_reversion,14,28,72,atr_mult,atr_mult,london,False,True,True,120,143.2,0.26,0.16,0.0,10,32,0,USDJPY_M5,1.1089
0.9421,20.0,0.75,0.0,-0.1,6090.0,20,7,2,-0.0049,3.7683,rsi_reversal_72590aee,USDJPY,M5,mean_reversion,10,25,75,fixed,atr_mult,all,True,True,False,240,101.5,-0.49,0.69,-0.3,10,4,6,USDJPY_M5,0.9421
0.6034,60.78,2.79,0.0,-2.42,6429.4,51,3,6,-0.0474,0.3893,rsi_reversal_1239b9f7,USDJPY,M5,mean_reversion,14,30,70,atr_mult,atr_mult,tokyo,False,True,False,60,107.2,-2.42,0.0,0.0,51,0,0,USDJPY_M5,0.6034
1.1629,60.0,1.52,0.0,0.77,8046.0,50,3,6,0.0154,0.7753,rsi_reversal_d860fa38,USDJPY,M5,mean_reversion,7,32,68,atr_mult,atr_mult,newyork,True,False,True,60,134.1,0.0,-0.07,0.84,0,16,34,USDJPY_M5,1.1629
0.6403,27.27,2.76,0.0,-2.7,7510.9,55,8,3,-0.0492,1.7075,rsi_reversal_5720c953,USDJPY,M5,mean_reversion,18,32,68,atr_mult,atr_mult,newyork,False,True,True,120,125.2,0.0,-1.16,-1.54,0,27,28,USDJPY_M5,0.6403
0.0,0.0,0.0,0.0,0.0,0.0,0,0,0,0.0,0.0,rsi_reversal_a7dd6ee3,USDJPY,M5,mean_reversion,21,30,70,atr_mult,atr_mult,london,True,False,True,120,0.0,0.0,0.0,0.0,0,0,0,USDJPY_M5,0.0
0.9896,21.54,1.06,0.0,-0.04,2787.7,65,13,2,-0.0007,3.605,rsi_reversal_590a877a,USDJPY,M5,mean_reversion,14,32,68,atr_mult,fixed,all,True,True,True,0,46.5,-1.37,0.61,0.72,27,17,21,USDJPY_M5,0.9896
0.1234,7.14,0.87,0.0,-0.87,900.0,14,9,1,-0.0619,1.6036,rsi_reversal_34b73b2b,USDJPY,M5,mean_reversion,7,20,80,atr_mult,fixed,tokyo,True,False,False,240,15.0,-0.87,0.0,0.0,14,0,0,USDJPY_M5,0.1234
0.3152,17.57,6.75,0.01,-6.75,2065.5,148,20,3,-0.0456,1.4792,rsi_reversal_519d5493,USDJPY,M5,mean_reversion,14,32,68,atr_mult,fixed,london,False,True,True,120,34.4,-1.52,-5.23,0.0,24,124,0,USDJPY_M5,0.3152
2.0332,66.67,0.31,0.0,0.62,15500.0,6,1,4,0.1038,1.0166,rsi_reversal_36a9d345,USDJPY,M5,mean_reversion,14,28,72,atr_mult,fixed,london,True,False,True,240,258.3,0.1,0.53,0.0,3,3,0,USDJPY_M5,2.0332
0.8389,26.92,1.64,0.0,-0.55,9369.2,26,7,2,-0.0211,2.2769,rsi_reversal_40288e8f,USDJPY,M5,mean_reversion,14,25,75,fixed,atr_mult,newyork,False,False,False,0,156.2,0.0,-0.39,-0.16,0,12,14,USDJPY_M5,0.8389
0.8687,66.67,1.26,0.0,-0.3,7114.3,21,3,6,-0.0143,0.4343,rsi_reversal_f8c096fe,USDJPY,M5,mean_reversion,14,25,75,atr_mult,atr_mult,newyork,False,True,False,240,118.6,0.0,-0.32,0.02,0,10,11,USDJPY_M5,0.8687
0.7041,48.39,3.88,0.0,-2.78,9595.2,62,6,6,-0.0449,0.7511,rsi_reversal_ecfeeede,USDJPY,M5,mean_reversion,18,35,65,atr_mult,atr_mult,london,False,True,False,60,159.9,-1.13,-1.66,0.0,13,49,0,USDJPY_M5,0.7041
1.1813,56.52,0.95,0.0,0.53,10591.3,23,4,3,0.0231,0.9087,rsi_reversal_0d828371,USDJPY,M5,mean_reversion,14,25,75,atr_mult,fixed,london,False,True,False,120,176.5,-0.54,1.08,0.0,7,16,0,USDJPY_M5,1.1813
0.2719,13.33,0.71,0.0,-0.71,1100.0,15,8,2,-0.0471,1.7673,rsi_reversal_dc725157,USDJPY,M5,mean_reversion,14,30,70,atr_mult,fixed,all,True,True,True,60,18.3,-0.43,0.07,-0.35,7,2,6,USDJPY_M5,0.2719
1.1225,25.0,0.35,0.0,0.04,4275.0,4,3,1,0.0108,3.3675,rsi_reversal_0feeb3fe,USDJPY,M5,mean_reversion,21,32,68,fixed,atr_mult,newyork,True,False,True,60,71.2,0.0,-0.2,0.24,0,1,3,USDJPY_M5,1.1225
0.5631,60.29,17.11,0.02,-16.94,1987.4,554,6,9,-0.0306,0.3709,rsi_reversal_7b07bc10,USDJPY,M5,mean_reversion,7,30,70,fixed,atr_mult,all,False,True,True,0,33.1,-6.94,-5.33,-4.67,212,170,172,USDJPY_M5,0.5631
1.092,58.0,1.6,0.0,0.52,7962.0,50,6,5,0.0104,0.7908,rsi_reversal_3b6d57d1,USDJPY,M5,mean_reversion,18,30,70,fixed,atr_mult,london_ny,False,True,False,60,132.7,-0.17,0.78,-0.09,9,26,15,USDJPY_M5,1.092
0.3285,17.65,2.14,0.0,-1.72,8770.6,17,9,2,-0.101,1.533,rsi_reversal_5d68ec8b,USDJPY,M5,mean_reversion,14,20,80,atr_mult,atr_mult,all,False,True,True,240,146.2,-0.37,-0.44,-0.9,9,3,5,USDJPY_M5,0.3285
0.2948,9.52,1.04,0.0,-1.04,1771.4,21,10,1,-0.0493,2.8002,rsi_reversal_d3f8ed23,USDJPY,M5,mean_reversion,7,20,80,fixed,fixed,newyork,True,False,True,0,29.5,0.0,-0.58,-0.45,0,8,13,USDJPY_M5,0.2948
1.3128,63.64,0.61,0.0,0.31,13309.1,11,2,4,0.0281,0.7501,rsi_reversal_13d4aeb4,USDJPY,M5,mean_reversion,7,20,80,fixed,fixed,tokyo,True,False,True,0,221.8,0.31,0.0,0.0,11,0,0,USDJPY_M5,1.3128
0.9503,40.79,1.67,0.0,-0.41,5684.2,76,6,6,-0.0054,1.3795,rsi_reversal_f7da6f6b,USDJPY,M5,mean_reversion,7,25,75,atr_mult,fixed,all,True,True,True,0,94.7,-2.1,0.07,1.62,31,20,25,USDJPY_M5,0.9503
0.9342,45.13,2.1,0.0,-0.62,4999.1,113,8,5,-0.0055,1.1357,rsi_reversal_ff48c115,USDJPY,M5,mean_reversion,7,25,75,fixed,fixed,newyork,False,True,True,60,83.3,0.0,-1.3,0.68,0,50,63,USDJPY_M5,0.9342
0.0,0.0,0.0,0.0,0.0,0.0,0,0,0,0.0,0.0,rsi_reversal_e012d1b7,USDJPY,M5,mean_reversion,21,25,75,fixed,atr_mult,all,True,True,True,60,0.0,0.0,0.0,0.0,0,0,0,USDJPY_M5,0.0
0.8354,29.51,3.4,0.0,-2.42,7040.2,122,10,4,-0.0198,1.9956,rsi_reversal_27b5e374,USDJPY,M5,mean_reversion,7,30,70,fixed,fixed,newyork,False,True,False,60,117.3,0.0,-0.9,-1.52,0,59,63,USDJPY_M5,0.8354
0.5065,45.64,8.64,0.01,-8.52,1166.6,287,8,10,-0.0297,0.6031,rsi_reversal_b501e0e1,USDJPY,M5,mean_reversion,7,30,70,fixed,atr_mult,tokyo,False,False,True,240,19.4,-8.52,0.0,0.0,287,0,0,USDJPY_M5,0.5065
0.7778,27.78,0.75,0.0,-0.32,2450.0,18,6,2,-0.018,2.0222,rsi_reversal_59182b3a,USDJPY,M5,mean_reversion,14,28,72,fixed,atr_mult,all,True,True,False,0,40.8,-0.34,0.12,-0.1,9,5,4,USDJPY_M5,0.7778
0.6302,30.3,2.25,0.0,-1.79,2200.0,66,13,3,-0.0272,1.4494,rsi_reversal_8a171d7d,USDJPY,M5,mean_reversion,14,28,72,fixed,atr_mult,tokyo,False,True,True,60,36.7,-1.79,0.0,0.0,66,0,0,USDJPY_M5,0.6302
0.0,0.0,0.0,0.0,0.0,0.0,0,0,0,0.0,0.0,rsi_reversal_041f8989,USDJPY,M5,mean_reversion,21,25,75,atr_mult,atr_mult,all,True,True,True,120,0.0,0.0,0.0,0.0,0,0,0,USDJPY_M5,0.0
0.6338,40.59,1.77,0.0,-1.77,751.5,101,10,8,-0.0175,0.9275,rsi_reversal_91d86554,USDJPY,M5,mean_reversion,7,20,80,fixed,fixed,newyork,False,True,False,60,12.5,0.0,-0.99,-0.78,0,46,55,USDJPY_M5,0.6338
0.6483,35.14,1.54,0.0,-0.9,2473.0,37,8,3,-0.0243,1.1968,rsi_reversal_91fd0ad1,USDJPY,M5,mean_reversion,18,25,75,atr_mult,atr_mult,all,False,True,True,240,41.2,-0.88,0.36,-0.38,18,8,11,USDJPY_M5,0.6483
0.7905,36.62,4.95,0.0,-3.58,6090.8,142,12,4,-0.0252,1.3681,rsi_reversal_d227fedd,USDJPY,M5,mean_reversion,10,28,72,atr_mult,atr_mult,london_ny,False,True,True,0,101.5,-0.19,-2.74,-0.65,19,69,54,USDJPY_M5,0.7905
1.1481,52.38,1.0,0.0,0.43,5385.7,42,6,8,0.0102,1.0437,rsi_reversal_a865b9c9,USDJPY,M5,mean_reversion,7,25,75,atr_mult,fixed,newyork,True,False,True,60,89.8,0.0,-0.89,1.32,0,13,29,USDJPY_M5,1.1481
0.8531,46.02,3.46,0.0,-3.01,5462.4,226,13,6,-0.0133,1.0007,rsi_reversal_a056ecb1,USDJPY,M5,mean_reversion,7,35,65,fixed,atr_mult,all,True,False,True,0,91.0,-5.18,0.2,1.96,87,64,75,USDJPY_M5,0.8531
0.5492,18.57,2.63,0.0,-2.21,1624.3,70,17,2,-0.0315,2.408,rsi_reversal_fdfb4d3e,USDJPY,M5,mean_reversion,18,30,70,fixed,fixed,tokyo,False,False,False,120,27.1,-2.21,0.0,0.0,70,0,0,USDJPY_M5,0.5492
2.1787,75.0,0.31,0.0,0.69,9562.5,8,1,4,0.0857,0.7262,rsi_reversal_41245532,USDJPY,M5,mean_reversion,14,30,70,atr_mult,fixed,all,True,True,True,120,159.4,0.42,0.27,0.0,4,2,2,USDJPY_M5,2.1787
0.4777,9.14,6.53,0.01,-6.53,2538.9,175,33,3,-0.0373,4.7468,rsi_reversal_7dabc487,USDJPY,M5,mean_reversion,7,25,75,fixed,fixed,london,False,True,False,60,42.3,-1.11,-5.42,0.0,42,133,0,USDJPY_M5,0.4777
0.6283,15.52,3.19,0.0,-2.01,4924.1,58,21,2,-0.0347,3.421,rsi_reversal_f4b816da,USDJPY,M5,mean_reversion,10,32,68,atr_mult,atr_mult,tokyo,True,False,False,60,82.1,-2.01,0.0,0.0,58,0,0,USDJPY_M5,0.6283
0.6054,21.43,2.25,0.0,-1.83,1555.7,70,16,2,-0.0262,2.2198,rsi_reversal_3fde7dba,USDJPY,M5,mean_reversion,18,30,70,atr_mult,fixed,tokyo,False,False,True,240,25.9,-1.83,0.0,0.0,70,0,0,USDJPY_M5,0.6054
0.0,0.0,0.0,0.0,0.0,0.0,0,0,0,0.0,0.0,rsi_reversal_1291162e,USDJPY,M5,mean_reversion,21,25,75,fixed,atr_mult,all,True,True,False,240,0.0,0.0,0.0,0.0,0,0,0,USDJPY_M5,0.0
0.5998,25.58,5.78,0.01,-4.41,7346.5,86,23,5,-0.0513,1.7448,rsi_reversal_e4af5c24,USDJPY,M5,mean_reversion,10,28,72,fixed,fixed,london,False,True,True,0,122.4,-1.17,-3.25,0.0,20,66,0,USDJPY_M5,0.5998
1.0462,33.33,0.39,0.0,0.02,25000.0,3,2,1,0.006,2.0923,rsi_reversal_3265c873,USDJPY,M5,mean_reversion,21,32,68,fixed,fixed,tokyo,True,False,False,0,416.7,0.02,0.0,0.0,3,0,0,USDJPY_M5,1.0462
1.7103,40.0,0.29,0.0,0.38,2010.0,10,3,4,0.0385,2.5655,rsi_reversal_ee52023a,USDJPY,M5,mean_reversion,21,32,68,fixed,fixed,all,True,True,False,240,33.5,0.07,0.2,0.11,3,4,3,USDJPY_M5,1.7103
0.5639,33.33,0.25,0.0,-0.17,6100.0,3,1,1,-0.058,1.1278,rsi_reversal_1188e06f,USDJPY,M5,mean_reversion,18,20,80,fixed,fixed,tokyo,False,True,False,120,101.7,-0.17,0.0,0.0,3,0,0,USDJPY_M5,0.5639
inf,100.0,0.0,0.0,0.12,3000.0,1,0,1,0.115,0.0,rsi_reversal_14c139bd,USDJPY,M5,mean_reversion,21,32,68,atr_mult,fixed,newyork,True,False,False,120,50.0,0.0,0.0,0.12,0,0,1,USDJPY_M5,10.0
inf,100.0,0.0,0.0,0.31,9750.0,2,0,2,0.155,0.0,rsi_reversal_7b31689d,USDJPY,M5,mean_reversion,14,28,72,atr_mult,fixed,newyork,True,False,True,0,162.5,0.0,0.0,0.31,0,0,2,USDJPY_M5,10.0
0.4701,54.39,4.65,0.0,-4.66,1821.1,114,5,5,-0.0408,0.3942,rsi_reversal_a82449b9,USDJPY,M5,mean_reversion,18,35,65,fixed,fixed,london,False,True,True,60,30.4,-1.44,-3.21,0.0,19,95,0,USDJPY_M5,0.4701
0.7986,76.36,1.6,0.0,-0.76,4200.0,55,3,9,-0.0138,0.2472,rsi_reversal_c4bf3fd8,USDJPY,M5,mean_reversion,21,35,65,fixed,fixed,tokyo,False,True,False,0,70.0,-0.76,0.0,0.0,55,0,0,USDJPY_M5,0.7986
0.8914,40.95,1.95,0.0,-1.14,4908.6,105,8,4,-0.0109,1.2852,rsi_reversal_4dd53685,USDJPY,M5,mean_reversion,10,35,65,fixed,fixed,all,True,True,False,60,81.8,-2.65,0.32,1.19,41,24,40,USDJPY_M5,0.8914
0.8093,50.0,0.37,0.0,-0.1,7800.0,6,2,2,-0.0172,0.8093,rsi_reversal_c9550def,USDJPY,M5,mean_reversion,21,25,75,fixed,fixed,tokyo,False,True,True,60,130.0,-0.1,0.0,0.0,6,0,0,USDJPY_M5,0.8093
0.0,0.0,0.0,0.0,0.0,0.0,0,0,0,0.0,0.0,rsi_reversal_fcec14a6,USDJPY,M5,mean_reversion,14,20,80,atr_mult,atr_mult,tokyo,True,False,True,240,0.0,0.0,0.0,0.0,0,0,0,USDJPY_M5,0.0
0.5602,40.4,4.62,0.0,-4.49,3557.6,99,8,4,-0.0453,0.8262,rsi_reversal_cea362ea,USDJPY,M5,mean_reversion,18,35,65,fixed,atr_mult,london,False,True,True,120,59.3,-1.17,-3.32,0.0,19,80,0,USDJPY_M5,0.5602
0.0,0.0,0.0,0.0,0.0,0.0,0,0,0,0.0,0.0,rsi_reversal_74f9af2e,USDJPY,M5,mean_reversion,18,20,80,atr_mult,fixed,london_ny,True,False,True,0,0.0,0.0,0.0,0.0,0,0,0,USDJPY_M5,0.0
0.6552,16.67,3.06,0.0,-2.87,5400.0,90,29,4,-0.0319,3.276,rsi_reversal_12f149b0,USDJPY,M5,mean_reversion,21,32,68,fixed,atr_mult,london_ny,False,True,False,60,90.0,-1.08,-0.57,-1.22,17,42,31,USDJPY_M5,0.6552
1.2512,51.43,1.36,0.0,1.38,17597.1,35,4,5,0.0395,1.1817,rsi_reversal_3337b0fb,USDJPY,M5,mean_reversion,7,32,68,atr_mult,fixed,london,True,False,False,240,293.3,0.18,1.21,0.0,10,25,0,USDJPY_M5,1.2512
0.0,0.0,0.0,0.0,0.0,0.0,0,0,0,0.0,0.0,rsi_reversal_a895077c,USDJPY,M5,mean_reversion,18,20,80,atr_mult,atr_mult,tokyo,True,False,False,120,0.0,0.0,0.0,0.0,0,0,0,USDJPY_M5,0.0
1.575,50.0,0.42,0.0,0.32,3350.0,6,2,2,0.0537,1.575,rsi_reversal_e41d0290,USDJPY,M5,mean_reversion,10,25,75,atr_mult,fixed,london_ny,True,False,True,120,55.8,0.0,0.42,-0.1,0,3,3,USDJPY_M5,1.575
0.7215,33.33,4.86,0.0,-3.97,6820.5,117,11,3,-0.0339,1.4431,rsi_reversal_f4d4394b,USDJPY,M5,mean_reversion,7,28,72,atr_mult,atr_mult,tokyo,False,True,True,60,113.7,-3.97,0.0,0.0,117,0,0,USDJPY_M5,0.7215
0.8643,41.44,4.73,0.0,-3.08,4860.8,222,12,5,-0.0139,1.2213,rsi_reversal_365894b2,USDJPY,M5,mean_reversion,10,32,68,fixed,fixed,london_ny,False,True,False,60,81.0,-0.84,-3.23,0.99,36,102,84,USDJPY_M5,0.8643
0.8358,36.17,0.69,0.0,-0.4,1212.8,47,8,5,-0.0085,1.4749,rsi_reversal_fc598c45,USDJPY,M5,mean_reversion,10,30,70,atr_mult,fixed,newyork,True,False,True,0,20.2,0.0,-0.41,0.01,0,13,34,USDJPY_M5,0.8358
3.1485,75.0,0.3,0.0,0.65,5400.0,4,1,2,0.1628,1.0495,rsi_reversal_8eaf0095,USDJPY,M5,mean_reversion,10,25,75,atr_mult,fixed,newyork,True,False,False,60,90.0,0.0,0.35,0.3,0,1,3,USDJPY_M5,3.1485
0.9171,42.25,3.44,0.0,-1.07,15921.1,71,10,5,-0.015,1.2534,rsi_reversal_7d1dacdf,USDJPY,M5,mean_reversion,18,30,70,fixed,fixed,all,False,False,False,120,265.4,-0.11,-0.72,-0.23,26,24,21,USDJPY_M5,0.9171
1.1106,72.97,0.8,0.0,0.35,5108.1,37,2,6,0.0095,0.4113,rsi_reversal_5a528658,USDJPY,M5,mean_reversion,21,32,68,atr_mult,fixed,london,False,True,True,240,85.1,-0.25,0.61,0.0,9,28,0,USDJPY_M5,1.1106
0.9505,39.53,1.76,0.0,-0.23,5707.0,43,10,5,-0.0053,1.4538,rsi_reversal_ba111fd0,USDJPY,M5,mean_reversion,21,32,68,atr_mult,atr_mult,newyork,False,True,True,60,95.1,0.0,-0.46,0.24,0,19,24,USDJPY_M5,0.9505
1.7993,50.0,0.42,0.0,0.71,5370.0,10,2,4,0.0713,1.7993,rsi_reversal_fc6388ec,USDJPY,M5,mean_reversion,10,25,75,fixed,atr_mult,newyork,True,False,True,0,89.5,0.0,0.42,0.3,0,4,6,USDJPY_M5,1.7993
0.6782,36.47,3.94,0.0,-3.94,1953.5,170,9,6,-0.0232,1.1814,rsi_reversal_72c6fd76,USDJPY,M5,mean_reversion,7,30,70,atr_mult,atr_mult,all,True,True,False,120,32.6,-1.81,-2.02,-0.12,75,38,57,USDJPY_M5,0.6782
0.8639,56.38,3.32,0.0,-1.51,8888.3,94,3,8,-0.0161,0.6683,rsi_reversal_6b946fdf,USDJPY,M5,mean_reversion,7,30,70,fixed,fixed,london,False,False,True,240,148.1,-1.0,-0.51,0.0,29,65,0,USDJPY_M5,0.8639
0.5071,16.38,8.29,0.01,-8.01,1718.5,232,22,2,-0.0345,2.5888,rsi_reversal_09f0bc6f,USDJPY,M5,mean_reversion,10,28,72,fixed,fixed,london_ny,False,False,False,60,28.6,-1.12,-4.56,-2.34,27,120,85,USDJPY_M5,0.5071
1.601,66.67,0.33,0.0,0.37,12000.0,6,1,3,0.062,0.8005,rsi_reversal_45c5b145,USDJPY,M5,mean_reversion,14,32,68,atr_mult,atr_mult,newyork,True,False,False,60,200.0,0.0,-0.33,0.71,0,1,5,USDJPY_M5,1.601
0.0,0.0,0.0,0.0,0.0,0.0,0,0,0,0.0,0.0,rsi_reversal_2f3fd065,USDJPY,M5,mean_reversion,18,20,80,atr_mult,fixed,all,True,True,True,120,0.0,0.0,0.0,0.0,0,0,0,USDJPY_M5,0.0
0.9289,41.27,3.28,0.0,-0.85,16252.4,63,6,5,-0.0135,1.3219,rsi_reversal_26522ae3,USDJPY,M5,mean_reversion,10,32,68,fixed,fixed,tokyo,False,True,False,0,270.9,-0.85,0.0,0.0,63,0,0,USDJPY_M5,0.9289
0.5874,12.61,3.84,0.0,-3.54,2797.3,111,23,2,-0.0319,4.0696,rsi_reversal_530d6697,USDJPY,M5,mean_reversion,14,30,70,atr_mult,fixed,tokyo,False,True,False,120,46.6,-3.54,0.0,0.0,111,0,0,USDJPY_M5,0.5874
0.8108,57.14,1.0,0.0,-0.35,6707.1,14,3,4,-0.0253,0.6081,rsi_reversal_2ded6437,USDJPY,M5,mean_reversion,14,32,68,fixed,atr_mult,newyork,True,False,False,120,111.8,0.0,-0.48,0.13,0,5,9,USDJPY_M5,0.8108
0.7092,62.5,3.1,0.0,-2.14,7082.8,64,7,8,-0.0335,0.4255,rsi_reversal_2f756421,USDJPY,M5,mean_reversion,14,32,68,atr_mult,fixed,london,False,False,True,120,118.0,-0.7,-1.44,0.0,13,51,0,USDJPY_M5,0.7092
0.9025,69.7,4.07,0.0,-2.19,5841.6,231,4,12,-0.0095,0.3924,rsi_reversal_5665ffde,USDJPY,M5,mean_reversion,7,35,65,atr_mult,fixed,london_ny,False,True,True,240,97.4,-0.08,-1.28,-0.83,43,100,88,USDJPY_M5,0.9025
0.6092,23.36,10.06,0.01,-9.52,1647.2,381,20,3,-0.025,1.9986,rsi_reversal_437930b1,USDJPY,M5,mean_reversion,7,35,65,atr_mult,fixed,tokyo,False,False,True,0,27.5,-9.52,0.0,0.0,381,0,0,USDJPY_M5,0.6092
0.541,35.48,2.02,0.0,-1.17,1587.1,31,11,3,-0.0377,0.9837,rsi_reversal_e182a9e0,USDJPY,M5,mean_reversion,10,20,80,atr_mult,atr_mult,tokyo,False,True,False,60,26.5,-1.17,0.0,0.0,31,0,0,USDJPY_M5,0.541
0.7381,38.87,5.34,0.01,-5.12,1821.2,283,10,6,-0.0181,1.1609,rsi_reversal_c59d9050,USDJPY,M5,mean_reversion,14,35,65,atr_mult,atr_mult,london_ny,False,True,True,0,30.4,-0.42,-3.57,-1.13,43,139,101,USDJPY_M5,0.7381
0.9491,48.61,2.69,0.0,-0.53,12445.8,72,6,7,-0.0074,1.0033,rsi_reversal_9772875d,USDJPY,M5,mean_reversion,7,30,70,fixed,fixed,newyork,False,False,False,60,207.4,0.0,-2.32,1.79,0,38,34,USDJPY_M5,0.9491
0.683,40.0,0.48,0.0,-0.3,3870.0,10,2,3,-0.0297,1.0245,rsi_reversal_3238671d,USDJPY,M5,mean_reversion,14,30,70,fixed,atr_mult,all,True,False,True,0,64.5,0.17,0.04,-0.51,4,2,4,USDJPY_M5,0.683
0.8868,33.33,0.26,0.0,-0.03,2200.0,3,2,1,-0.01,1.7736,rsi_reversal_3df00c55,USDJPY,M5,mean_reversion,21,35,65,fixed,atr_mult,newyork,True,False,False,240,36.7,0.0,0.0,-0.03,0,0,3,USDJPY_M5,0.8868
0.7799,56.52,1.5,0.0,-0.56,9052.2,23,4,4,-0.0243,0.5999,rsi_reversal_01924dc5,USDJPY,M5,mean_reversion,14,35,65,atr_mult,fixed,tokyo,True,False,True,240,150.9,-0.56,0.0,0.0,23,0,0,USDJPY_M5,0.7799
inf,100.0,0.0,0.0,0.25,8100.0,1,0,1,0.251,0.0,rsi_reversal_daee6f4e,USDJPY,M5,mean_reversion,18,32,68,fixed,fixed,london,True,False,False,120,135.0,0.0,0.25,0.0,0,1,0,USDJPY_M5,10.0
1.8276,70.83,0.51,0.0,1.67,8512.5,24,1,7,0.0696,0.7526,rsi_reversal_dea8e67b,USDJPY,M5,mean_reversion,7,20,80,fixed,fixed,all,True,True,False,60,141.9,0.15,0.93,0.59,11,6,7,USDJPY_M5,1.8276
0.5594,14.29,0.25,0.0,-0.19,2400.0,7,3,1,-0.027,3.3566,rsi_reversal_c1d35d3e,USDJPY,M5,mean_reversion,7,20,80,atr_mult,fixed,london,True,False,False,0,40.0,0.0,-0.19,0.0,0,7,0,USDJPY_M5,0.5594
0.7724,43.96,5.08,0.01,-4.42,3930.4,207,8,6,-0.0214,0.9846,rsi_reversal_72b3f2b7,USDJPY,M5,mean_reversion,14,35,65,atr_mult,fixed,london_ny,False,True,True,60,65.5,-0.57,-2.62,-1.23,32,99,76,USDJPY_M5,0.7724
0.0,0.0,0.0,0.0,0.0,0.0,0,0,0,0.0,0.0,rsi_reversal_8ed2845e,USDJPY,M5,mean_reversion,18,20,80,fixed,atr_mult,all,True,True,True,0,0.0,0.0,0.0,0.0,0,0,0,USDJPY_M5,0.0
0.0,0.0,0.0,0.0,0.0,0.0,0,0,0,0.0,0.0,rsi_reversal_827f00dd,USDJPY,M5,mean_reversion,21,20,80,fixed,atr_mult,newyork,True,False,True,120,0.0,0.0,0.0,0.0,0,0,0,USDJPY_M5,0.0
0.6898,26.37,11.66,0.01,-11.08,2823.3,421,26,4,-0.0263,1.9264,rsi_reversal_4a00e7a8,USDJPY,M5,mean_reversion,7,35,65,fixed,atr_mult,london_ny,False,False,False,120,47.1,-3.22,-5.86,-2.01,73,200,148,USDJPY_M5,0.6898
0.0,0.0,0.0,0.0,0.0,0.0,0,0,0,0.0,0.0,rsi_reversal_399a57fd,USDJPY,M5,mean_reversion,21,20,80,fixed,atr_mult,newyork,False,True,True,0,0.0,0.0,0.0,0.0,0,0,0,USDJPY_M5,0.0
inf,100.0,0.0,0.0,0.34,4800.0,2,0,2,0.1685,0.0,rsi_reversal_51620aa6,USDJPY,M5,mean_reversion,14,25,75,atr_mult,fixed,tokyo,True,False,False,0,80.0,0.34,0.0,0.0,2,0,0,USDJPY_M5,10.0
0.0,0.0,0.0,0.0,0.0,0.0,0,0,0,0.0,0.0,rsi_reversal_2924612b,USDJPY,M5,mean_reversion,18,20,80,fixed,fixed,tokyo,True,False,True,0,0.0,0.0,0.0,0.0,0,0,0,USDJPY_M5,0.0
0.0,0.0,0.0,0.0,0.0,0.0,0,0,0,0.0,0.0,rsi_reversal_dc8b2d3b,USDJPY,M5,mean_reversion,14,20,80,atr_mult,fixed,all,True,True,False,60,0.0,0.0,0.0,0.0,0,0,0,USDJPY_M5,0.0
