strategy,symbol,pf,winrate,max_dd,max_dd_pct,total_pnl,avg_holding_seconds,trade_count,max_consecutive_losses,max_consecutive_wins,expectancy,payoff_ratio,session
FXFactory_atr_break_01,EURJPY,0.7809,50.63,2.12,0.0,-1.75,225.2,158,6,7,-0.0111,0.7614,london
FXFactory_atr_break_01,EURJPY,0.9012,53.06,2.3,0.0,-0.79,229.0,147,7,6,-0.0054,0.7972,newyork
FXFactory_atr_break_01,EURJPY,0.8298,51.38,3.43,0.0,-2.22,223.9,253,6,7,-0.0088,0.7851,london_ny
FXFactory_atr_break_01,GBPJPY,1.032,52.06,2.78,0.0,0.34,219.0,194,7,6,0.0018,0.9503,london
FXFactory_atr_break_01,GBPJPY,1.0572,54.86,2.1,0.0,0.57,247.9,175,7,9,0.0033,0.87,newyork
FXFactory_atr_break_01,GBPJPY,1.0452,53.25,3.12,0.0,0.78,229.7,308,5,9,0.0025,0.9178,london_ny
FXFactory_atr_break_01,USDJPY,1.0322,52.21,1.09,0.0,0.12,238.4,113,6,6,0.0011,0.9447,london
FXFactory_atr_break_01,USDJPY,0.9303,50.74,1.64,0.0,-0.36,234.3,136,6,7,-0.0026,0.9033,newyork
FXFactory_atr_break_01,USDJPY,0.9234,50.68,2.11,0.0,-0.62,233.4,219,7,7,-0.0028,0.8984,london_ny
FXFactory_atr_break_02,EURJPY,0.7809,50.63,2.12,0.0,-1.75,225.2,158,6,7,-0.0111,0.7614,london
FXFactory_atr_break_02,EURJPY,0.8936,53.06,2.3,0.0,-0.85,231.0,147,7,6,-0.0058,0.7905,newyork
FXFactory_atr_break_02,EURJPY,0.8251,51.38,3.45,0.0,-2.29,225.1,253,6,7,-0.009,0.7807,london_ny
FXFactory_atr_break_02,GBPJPY,1.032,52.06,2.78,0.0,0.34,219.0,194,7,6,0.0018,0.9503,london
FXFactory_atr_break_02,GBPJPY,1.0777,54.86,2.1,0.0,0.78,249.3,175,7,9,0.0044,0.8868,newyork
FXFactory_atr_break_02,GBPJPY,1.057,53.25,3.12,0.0,0.99,230.5,308,5,9,0.0032,0.9281,london_ny
FXFactory_atr_break_02,USDJPY,1.0322,52.21,1.09,0.0,0.12,238.4,113,6,6,0.0011,0.9447,london
FXFactory_atr_break_02,USDJPY,0.9706,50.74,1.64,0.0,-0.15,240.0,136,6,7,-0.0011,0.9424,newyork
FXFactory_atr_break_02,USDJPY,0.9487,50.68,2.11,0.0,-0.41,237.0,219,7,7,-0.0019,0.9231,london_ny
FXFactory_hilo_break_03,EURJPY,0.838,20.04,14.51,0.01,-11.21,2124.7,489,20,3,-0.0229,3.3433,london
FXFactory_hilo_break_03,EURJPY,0.855,19.53,15.56,0.02,-10.41,1818.0,507,21,4,-0.0205,3.5236,newyork
FXFactory_hilo_break_03,EURJPY,0.8106,19.23,24.2,0.02,-22.33,1945.9,827,21,5,-0.027,3.4057,london_ny
FXFactory_hilo_break_03,GBPJPY,1.0756,22.39,12.63,0.01,6.02,1770.5,527,34,4,0.0114,3.7281,london
FXFactory_hilo_break_03,GBPJPY,1.0738,22.34,14.03,0.01,6.3,1791.1,555,17,3,0.0114,3.7324,newyork
FXFactory_hilo_break_03,GBPJPY,1.0306,21.71,18.37,0.02,4.28,1748.7,903,23,3,0.0047,3.7177,london_ny
FXFactory_hilo_break_03,USDJPY,0.8833,20.6,8.28,0.01,-7.31,1946.7,529,23,3,-0.0138,3.4034,london
FXFactory_hilo_break_03,USDJPY,0.8455,20.08,13.26,0.01,-9.65,1820.0,528,21,3,-0.0183,3.3661,newyork
FXFactory_hilo_break_03,USDJPY,0.8807,20.58,14.12,0.01,-12.51,1882.8,889,20,3,-0.0141,3.3975,london_ny
FXFactory_hilo_break_04,EURJPY,0.8863,45.15,3.05,0.0,-2.46,263.3,423,10,6,-0.0058,1.0766,london
FXFactory_hilo_break_04,EURJPY,0.9145,47.68,4.12,0.0,-1.54,249.3,367,8,10,-0.0042,1.0033,newyork
FXFactory_hilo_break_04,EURJPY,0.8777,46.32,4.67,0.0,-4.03,254.4,652,13,10,-0.0062,1.0172,london_ny
FXFactory_hilo_break_04,GBPJPY,0.9097,48.36,4.38,0.0,-2.15,229.0,426,8,8,-0.005,0.9716,london
FXFactory_hilo_break_04,GBPJPY,0.9891,47.2,2.44,0.0,-0.25,235.5,411,6,6,-0.0006,1.1063,newyork
FXFactory_hilo_break_04,GBPJPY,0.9231,47.42,5.87,0.01,-3.11,230.6,717,10,6,-0.0043,1.0235,london_ny
FXFactory_hilo_break_04,USDJPY,0.8434,43.2,3.47,0.0,-2.69,255.2,375,8,5,-0.0072,1.109,london
FXFactory_hilo_break_04,USDJPY,0.8531,41.34,2.55,0.0,-2.35,254.2,358,10,7,-0.0066,1.2105,newyork
FXFactory_hilo_break_04,USDJPY,0.8403,41.95,4.68,0.0,-4.48,255.4,627,10,7,-0.0071,1.163,london_ny
FXFactory_atr_break_05,EURJPY,0.927,36.36,8.91,0.01,-3.26,597.0,583,17,6,-0.0056,1.6223,london
FXFactory_atr_break_05,EURJPY,0.8643,35.68,8.34,0.01,-6.45,558.9,597,13,7,-0.0108,1.5582,newyork
FXFactory_atr_break_05,EURJPY,0.8858,35.67,14.41,0.01,-8.96,576.1,998,18,7,-0.009,1.5973,london_ny
FXFactory_atr_break_05,GBPJPY,0.936,35.62,10.93,0.01,-3.65,552.9,640,12,8,-0.0057,1.6914,london
FXFactory_atr_break_05,GBPJPY,1.0182,38.09,5.89,0.01,1.04,565.6,659,12,8,0.0016,1.6552,newyork
FXFactory_atr_break_05,GBPJPY,0.9783,36.97,9.7,0.01,-2.08,556.1,1082,13,9,-0.0019,1.6679,london_ny
FXFactory_atr_break_05,USDJPY,0.9268,36.11,3.57,0.0,-2.63,600.2,540,12,7,-0.0049,1.6397,london
FXFactory_atr_break_05,USDJPY,1.006,35.58,3.82,0.0,0.22,602.2,579,11,5,0.0004,1.8216,newyork
FXFactory_atr_break_05,USDJPY,0.9429,34.98,5.53,0.01,-3.55,599.9,949,13,6,-0.0037,1.7524,london_ny
