strategy,symbol,week,pf,winrate,max_dd,max_dd_pct,total_pnl,avg_holding_seconds,trade_count,max_consecutive_losses,max_consecutive_wins,expectancy,payoff_ratio
FXFactory_atr_break_01,EURJPY,2025-W00,0.0145,25.0,0.42,0.0,-0.41,180.0,4,3,1,-0.1022,0.0434
FXFactory_atr_break_01,EURJPY,2025-W01,0.7736,40.0,0.37,0.0,-0.08,210.0,10,5,4,-0.0084,1.1604
FXFactory_atr_break_01,EURJPY,2025-W02,0.3642,40.0,0.44,0.0,-0.31,228.0,10,4,2,-0.0309,0.5463
FXFactory_atr_break_01,EURJPY,2025-W03,0.4443,50.0,0.51,0.0,-0.37,255.0,8,2,2,-0.0461,0.4443
FXFactory_atr_break_01,EURJPY,2025-W04,0.1089,12.5,0.89,0.0,-0.79,195.0,8,7,1,-0.0993,0.7621
FXFactory_atr_break_01,EURJPY,2025-W05,0.8336,54.55,0.48,0.0,-0.12,223.6,11,2,3,-0.0109,0.6946
FXFactory_atr_break_01,EURJPY,2025-W06,1.9398,75.0,0.43,0.0,0.44,215.0,12,1,5,0.0364,0.6466
FXFactory_atr_break_01,EURJPY,2025-W07,1.4224,62.5,0.26,0.0,0.21,195.0,16,2,2,0.0129,0.8535
FXFactory_atr_break_01,EURJPY,2025-W08,0.5649,58.33,0.59,0.0,-0.33,315.0,12,3,3,-0.0279,0.4035
FXFactory_atr_break_01,EURJPY,2025-W09,1.1387,54.55,0.26,0.0,0.07,180.0,11,2,2,0.006,0.9489
FXFactory_atr_break_01,EURJPY,2025-W10,2.6404,53.85,0.19,0.0,0.67,226.2,13,2,5,0.0512,2.2632
FXFactory_atr_break_01,EURJPY,2025-W11,0.6994,45.45,0.42,0.0,-0.24,223.6,11,2,2,-0.0215,0.8392
FXFactory_atr_break_01,EURJPY,2025-W12,1.2445,64.71,0.67,0.0,0.24,278.8,17,2,6,0.0144,0.6788
FXFactory_atr_break_01,EURJPY,2025-W13,4.6029,75.0,0.07,0.0,0.25,225.0,4,1,3,0.0613,1.5343
FXFactory_atr_break_01,GBPJPY,2025-W00,0.3438,42.86,0.48,0.0,-0.31,197.1,7,4,3,-0.0447,0.4584
FXFactory_atr_break_01,GBPJPY,2025-W01,0.4382,42.86,0.78,0.0,-0.58,167.1,14,4,4,-0.0416,0.5843
FXFactory_atr_break_01,GBPJPY,2025-W02,0.7279,63.64,0.38,0.0,-0.21,289.1,11,1,2,-0.0187,0.4159
FXFactory_atr_break_01,GBPJPY,2025-W03,0.4067,50.0,0.86,0.0,-0.63,355.7,14,3,2,-0.0452,0.4067
FXFactory_atr_break_01,GBPJPY,2025-W04,1.125,41.18,0.52,0.0,0.11,229.4,17,4,3,0.0068,1.6071
FXFactory_atr_break_01,GBPJPY,2025-W05,3.955,78.57,0.23,0.0,0.85,214.3,14,2,8,0.061,1.0786
FXFactory_atr_break_01,GBPJPY,2025-W06,0.747,55.56,0.52,0.0,-0.17,246.7,9,2,2,-0.0187,0.5976
FXFactory_atr_break_01,GBPJPY,2025-W07,2.1171,58.33,0.44,0.0,0.56,275.0,12,2,6,0.0469,1.5122
FXFactory_atr_break_01,GBPJPY,2025-W08,2.3659,60.0,0.47,0.0,0.92,280.0,15,3,3,0.0615,1.5773
FXFactory_atr_break_01,GBPJPY,2025-W09,0.3928,50.0,0.78,0.0,-0.76,187.5,16,4,3,-0.0476,0.3928
FXFactory_atr_break_01,GBPJPY,2025-W10,1.325,53.33,0.3,0.0,0.19,288.0,15,2,4,0.0129,1.1593
FXFactory_atr_break_01,GBPJPY,2025-W11,2.2056,76.92,0.4,0.0,0.56,221.5,13,1,5,0.0433,0.6617
FXFactory_atr_break_01,GBPJPY,2025-W12,0.739,46.15,0.48,0.0,-0.23,258.5,13,2,3,-0.0178,0.8621
FXFactory_atr_break_01,GBPJPY,2025-W13,1.6047,40.0,0.19,0.0,0.26,264.0,5,1,1,0.0514,2.4071
FXFactory_atr_break_01,USDJPY,2025-W00,0.359,33.33,0.12,0.0,-0.08,200.0,3,2,1,-0.025,0.7179
FXFactory_atr_break_01,USDJPY,2025-W01,2.9924,58.33,0.11,0.0,0.53,230.0,12,2,4,0.0438,2.1374
FXFactory_atr_break_01,USDJPY,2025-W02,0.7747,66.67,0.19,0.0,-0.07,226.7,9,1,4,-0.0073,0.3874
FXFactory_atr_break_01,USDJPY,2025-W03,0.6494,53.33,0.5,0.0,-0.22,264.0,15,4,5,-0.0145,0.5683
FXFactory_atr_break_01,USDJPY,2025-W04,0.6209,37.5,0.32,0.0,-0.14,217.5,8,3,1,-0.0172,1.0348
FXFactory_atr_break_01,USDJPY,2025-W05,0.1328,25.0,0.44,0.0,-0.43,277.5,8,5,1,-0.0539,0.3984
FXFactory_atr_break_01,USDJPY,2025-W06,0.3788,50.0,0.33,0.0,-0.2,190.0,6,3,2,-0.0342,0.3788
FXFactory_atr_break_01,USDJPY,2025-W07,0.6005,33.33,0.33,0.0,-0.17,195.0,12,4,3,-0.0143,1.2009
FXFactory_atr_break_01,USDJPY,2025-W08,1.1993,53.85,0.31,0.0,0.11,207.7,13,3,3,0.0085,1.028
FXFactory_atr_break_01,USDJPY,2025-W09,0.4874,37.5,0.23,0.0,-0.16,172.5,8,3,2,-0.0204,0.8124
FXFactory_atr_break_01,USDJPY,2025-W10,1.8259,80.0,0.18,0.0,0.17,210.0,10,1,5,0.0166,0.4565
FXFactory_atr_break_01,USDJPY,2025-W11,2.2464,38.46,0.11,0.0,0.43,258.5,13,4,3,0.0331,3.5942
FXFactory_atr_break_01,USDJPY,2025-W12,0.6992,60.0,0.36,0.0,-0.21,316.0,15,3,7,-0.0142,0.4661
FXFactory_atr_break_01,USDJPY,2025-W13,2.5862,75.0,0.06,0.0,0.09,195.0,4,1,2,0.023,0.8621
FXFactory_atr_break_02,EURJPY,2025-W00,0.0145,25.0,0.42,0.0,-0.41,180.0,4,3,1,-0.1022,0.0434
FXFactory_atr_break_02,EURJPY,2025-W01,0.7736,40.0,0.37,0.0,-0.08,210.0,10,5,4,-0.0084,1.1604
FXFactory_atr_break_02,EURJPY,2025-W02,0.3642,40.0,0.44,0.0,-0.31,228.0,10,4,2,-0.0309,0.5463
FXFactory_atr_break_02,EURJPY,2025-W03,0.4443,50.0,0.51,0.0,-0.37,255.0,8,2,2,-0.0461,0.4443
FXFactory_atr_break_02,EURJPY,2025-W04,0.1089,12.5,0.89,0.0,-0.79,195.0,8,7,1,-0.0993,0.7621
FXFactory_atr_break_02,EURJPY,2025-W05,0.8336,54.55,0.48,0.0,-0.12,223.6,11,2,3,-0.0109,0.6946
FXFactory_atr_break_02,EURJPY,2025-W06,1.8946,75.0,0.43,0.0,0.42,225.0,12,1,5,0.0347,0.6315
FXFactory_atr_break_02,EURJPY,2025-W07,1.4224,62.5,0.26,0.0,0.21,195.0,16,2,2,0.0129,0.8535
FXFactory_atr_break_02,EURJPY,2025-W08,0.5649,58.33,0.59,0.0,-0.33,315.0,12,3,3,-0.0279,0.4035
FXFactory_atr_break_02,EURJPY,2025-W09,1.1387,54.55,0.26,0.0,0.07,180.0,11,2,2,0.006,0.9489
FXFactory_atr_break_02,EURJPY,2025-W10,2.5419,53.85,0.19,0.0,0.63,240.0,13,2,5,0.0482,2.1787
FXFactory_atr_break_02,EURJPY,2025-W11,0.6994,45.45,0.42,0.0,-0.24,223.6,11,2,2,-0.0215,0.8392
FXFactory_atr_break_02,EURJPY,2025-W12,1.2445,64.71,0.67,0.0,0.24,278.8,17,2,6,0.0144,0.6788
FXFactory_atr_break_02,EURJPY,2025-W13,4.6029,75.0,0.07,0.0,0.25,225.0,4,1,3,0.0613,1.5343
FXFactory_atr_break_02,GBPJPY,2025-W00,0.3438,42.86,0.48,0.0,-0.31,197.1,7,4,3,-0.0447,0.4584
FXFactory_atr_break_02,GBPJPY,2025-W01,0.4382,42.86,0.78,0.0,-0.58,167.1,14,4,4,-0.0416,0.5843
FXFactory_atr_break_02,GBPJPY,2025-W02,0.7279,63.64,0.38,0.0,-0.21,289.1,11,1,2,-0.0187,0.4159
FXFactory_atr_break_02,GBPJPY,2025-W03,0.4067,50.0,0.86,0.0,-0.63,355.7,14,3,2,-0.0452,0.4067
FXFactory_atr_break_02,GBPJPY,2025-W04,1.125,41.18,0.52,0.0,0.11,229.4,17,4,3,0.0068,1.6071
FXFactory_atr_break_02,GBPJPY,2025-W05,3.955,78.57,0.23,0.0,0.85,214.3,14,2,8,0.061,1.0786
FXFactory_atr_break_02,GBPJPY,2025-W06,0.747,55.56,0.52,0.0,-0.17,246.7,9,2,2,-0.0187,0.5976
FXFactory_atr_break_02,GBPJPY,2025-W07,2.1171,58.33,0.44,0.0,0.56,275.0,12,2,6,0.0469,1.5122
FXFactory_atr_break_02,GBPJPY,2025-W08,2.3659,60.0,0.47,0.0,0.92,280.0,15,3,3,0.0615,1.5773
FXFactory_atr_break_02,GBPJPY,2025-W09,0.3928,50.0,0.78,0.0,-0.76,187.5,16,4,3,-0.0476,0.3928
FXFactory_atr_break_02,GBPJPY,2025-W10,1.325,53.33,0.3,0.0,0.19,288.0,15,2,4,0.0129,1.1593
FXFactory_atr_break_02,GBPJPY,2025-W11,2.2056,76.92,0.4,0.0,0.56,221.5,13,1,5,0.0433,0.6617
FXFactory_atr_break_02,GBPJPY,2025-W12,0.739,46.15,0.48,0.0,-0.23,258.5,13,2,3,-0.0178,0.8621
FXFactory_atr_break_02,GBPJPY,2025-W13,2.0871,40.0,0.19,0.0,0.46,312.0,5,1,1,0.0924,3.1306
FXFactory_atr_break_02,USDJPY,2025-W00,0.359,33.33,0.12,0.0,-0.08,200.0,3,2,1,-0.025,0.7179
FXFactory_atr_break_02,USDJPY,2025-W01,3.7689,58.33,0.11,0.0,0.73,295.0,12,2,4,0.0609,2.6921
FXFactory_atr_break_02,USDJPY,2025-W02,0.7747,66.67,0.19,0.0,-0.07,226.7,9,1,4,-0.0073,0.3874
FXFactory_atr_break_02,USDJPY,2025-W03,0.6494,53.33,0.5,0.0,-0.22,264.0,15,4,5,-0.0145,0.5683
FXFactory_atr_break_02,USDJPY,2025-W04,0.6209,37.5,0.32,0.0,-0.14,217.5,8,3,1,-0.0172,1.0348
FXFactory_atr_break_02,USDJPY,2025-W05,0.1328,25.0,0.44,0.0,-0.43,277.5,8,5,1,-0.0539,0.3984
FXFactory_atr_break_02,USDJPY,2025-W06,0.3788,50.0,0.33,0.0,-0.2,190.0,6,3,2,-0.0342,0.3788
FXFactory_atr_break_02,USDJPY,2025-W07,0.6005,33.33,0.33,0.0,-0.17,195.0,12,4,3,-0.0143,1.2009
FXFactory_atr_break_02,USDJPY,2025-W08,1.1993,53.85,0.31,0.0,0.11,207.7,13,3,3,0.0085,1.028
FXFactory_atr_break_02,USDJPY,2025-W09,0.4874,37.5,0.23,0.0,-0.16,172.5,8,3,2,-0.0204,0.8124
FXFactory_atr_break_02,USDJPY,2025-W10,1.8259,80.0,0.18,0.0,0.17,210.0,10,1,5,0.0166,0.4565
FXFactory_atr_break_02,USDJPY,2025-W11,2.2464,38.46,0.11,0.0,0.43,258.5,13,4,3,0.0331,3.5942
FXFactory_atr_break_02,USDJPY,2025-W12,0.6992,60.0,0.36,0.0,-0.21,316.0,15,3,7,-0.0142,0.4661
FXFactory_atr_break_02,USDJPY,2025-W13,2.5862,75.0,0.06,0.0,0.09,195.0,4,1,2,0.023,0.8621
FXFactory_hilo_break_03,EURJPY,2025-W00,0.6679,16.0,2.42,0.0,-1.23,1776.0,25,13,1,-0.0494,3.5066
FXFactory_hilo_break_03,EURJPY,2025-W01,0.7748,17.5,3.4,0.0,-1.31,1848.0,40,15,3,-0.0327,3.6524
FXFactory_hilo_break_03,EURJPY,2025-W02,1.079,20.0,1.98,0.0,0.39,1666.3,35,9,2,0.0111,4.3161
FXFactory_hilo_break_03,EURJPY,2025-W03,1.3997,27.91,1.72,0.0,2.13,1865.6,43,6,2,0.0495,3.616
FXFactory_hilo_break_03,EURJPY,2025-W04,0.3871,12.9,3.95,0.0,-3.15,2355.5,31,10,1,-0.1015,2.6126
FXFactory_hilo_break_03,EURJPY,2025-W05,0.2868,8.33,5.45,0.01,-5.23,1360.0,48,21,1,-0.1089,3.1544
FXFactory_hilo_break_03,EURJPY,2025-W06,0.7971,21.05,2.72,0.0,-1.18,2090.5,38,11,1,-0.0312,2.9891
FXFactory_hilo_break_03,EURJPY,2025-W07,0.8914,22.22,2.26,0.0,-0.53,1998.3,36,12,2,-0.0148,3.12
FXFactory_hilo_break_03,EURJPY,2025-W08,1.0047,23.53,1.79,0.0,0.02,1882.9,34,10,2,0.0006,3.2652
FXFactory_hilo_break_03,EURJPY,2025-W09,0.6825,16.67,2.46,0.0,-1.89,1602.9,42,11,2,-0.0449,3.4127
FXFactory_hilo_break_03,EURJPY,2025-W10,1.4833,28.21,2.34,0.0,2.32,1866.2,39,13,3,0.0596,3.7756
FXFactory_hilo_break_03,EURJPY,2025-W11,0.8488,17.78,2.55,0.0,-0.94,1636.0,45,14,1,-0.0209,3.9258
FXFactory_hilo_break_03,EURJPY,2025-W12,0.879,19.51,3.61,0.0,-0.73,1715.1,41,17,4,-0.0179,3.626
FXFactory_hilo_break_03,EURJPY,2025-W13,1.7158,30.0,0.62,0.0,0.92,2712.0,10,3,1,0.0922,4.0036
FXFactory_hilo_break_03,GBPJPY,2025-W00,0.9452,19.23,2.69,0.0,-0.23,1121.5,26,13,2,-0.009,3.9699
FXFactory_hilo_break_03,GBPJPY,2025-W01,0.9372,19.23,2.97,0.0,-0.52,1181.5,52,13,2,-0.01,3.9362
FXFactory_hilo_break_03,GBPJPY,2025-W02,1.2126,24.32,1.71,0.0,1.17,2090.3,37,9,2,0.0316,3.7726
FXFactory_hilo_break_03,GBPJPY,2025-W03,0.7249,14.63,2.55,0.0,-1.82,1833.7,41,13,1,-0.0444,4.2284
FXFactory_hilo_break_03,GBPJPY,2025-W04,0.4959,13.73,5.95,0.01,-4.93,1468.2,51,13,1,-0.0966,3.1171
FXFactory_hilo_break_03,GBPJPY,2025-W05,0.5821,12.5,4.96,0.0,-4.13,1408.9,56,17,2,-0.0738,4.0747
FXFactory_hilo_break_03,GBPJPY,2025-W06,0.8654,18.18,2.32,0.0,-0.91,1930.9,44,12,2,-0.0206,3.8942
FXFactory_hilo_break_03,GBPJPY,2025-W07,1.336,23.68,2.84,0.0,1.82,1984.7,38,15,2,0.0478,4.305
FXFactory_hilo_break_03,GBPJPY,2025-W08,2.6917,41.03,0.69,0.0,7.79,2132.3,39,4,3,0.1997,3.8694
FXFactory_hilo_break_03,GBPJPY,2025-W09,1.247,26.83,2.09,0.0,1.44,2375.1,41,8,2,0.0352,3.4009
FXFactory_hilo_break_03,GBPJPY,2025-W10,0.9465,23.81,2.78,0.0,-0.33,1762.9,42,9,2,-0.0078,3.0287
FXFactory_hilo_break_03,GBPJPY,2025-W11,1.2358,22.22,1.56,0.0,1.29,2460.0,36,7,2,0.0359,4.3252
FXFactory_hilo_break_03,GBPJPY,2025-W12,1.7836,33.33,0.97,0.0,4.58,1734.3,42,5,3,0.109,3.5672
FXFactory_hilo_break_03,GBPJPY,2025-W13,2.0485,40.0,0.76,0.0,1.08,2082.0,10,4,2,0.108,3.0728
FXFactory_hilo_break_03,USDJPY,2025-W00,0.9429,21.74,1.89,0.0,-0.16,2569.6,23,12,2,-0.0067,3.3945
FXFactory_hilo_break_03,USDJPY,2025-W01,1.4309,25.0,0.91,0.0,1.75,2383.5,40,7,2,0.0437,4.2928
FXFactory_hilo_break_03,USDJPY,2025-W02,0.8929,23.68,2.19,0.0,-0.46,1880.5,38,12,3,-0.0122,2.877
FXFactory_hilo_break_03,USDJPY,2025-W03,1.0492,22.22,1.74,0.0,0.25,1550.7,45,12,2,0.0056,3.6721
FXFactory_hilo_break_03,USDJPY,2025-W04,1.2226,27.78,1.31,0.0,0.87,1743.3,36,6,3,0.0242,3.1788
FXFactory_hilo_break_03,USDJPY,2025-W05,0.6957,19.44,2.68,0.0,-1.29,1788.3,36,12,2,-0.0359,2.882
FXFactory_hilo_break_03,USDJPY,2025-W06,0.4997,11.11,2.81,0.0,-2.81,1308.0,45,15,2,-0.0624,3.9979
FXFactory_hilo_break_03,USDJPY,2025-W07,0.8506,17.5,1.47,0.0,-0.75,1656.0,40,7,2,-0.0188,4.0101
FXFactory_hilo_break_03,USDJPY,2025-W08,0.3295,12.0,4.72,0.0,-4.57,1324.8,50,21,3,-0.0913,2.4164
FXFactory_hilo_break_03,USDJPY,2025-W09,0.5748,14.89,3.47,0.0,-2.6,2019.6,47,14,2,-0.0552,3.2848
FXFactory_hilo_break_03,USDJPY,2025-W10,1.4803,36.11,0.93,0.0,1.67,2510.0,36,6,2,0.0464,2.619
FXFactory_hilo_break_03,USDJPY,2025-W11,0.8789,17.5,2.18,0.0,-0.59,1774.5,40,10,2,-0.0147,4.1433
FXFactory_hilo_break_03,USDJPY,2025-W12,0.9966,20.0,2.03,0.0,-0.02,1654.5,40,9,3,-0.0004,3.9864
FXFactory_hilo_break_03,USDJPY,2025-W13,0.3398,16.67,1.44,0.0,-0.95,2030.0,12,10,1,-0.0793,1.699
FXFactory_hilo_break_04,EURJPY,2025-W00,1.0087,38.1,0.61,0.0,0.02,351.4,21,3,2,0.0007,1.6391
FXFactory_hilo_break_04,EURJPY,2025-W01,0.918,45.45,0.57,0.0,-0.13,258.2,33,4,4,-0.0038,1.1016
FXFactory_hilo_break_04,EURJPY,2025-W02,1.0007,45.71,0.75,0.0,0.0,234.9,35,5,4,0.0,1.1883
FXFactory_hilo_break_04,EURJPY,2025-W03,1.2034,50.0,0.46,0.0,0.17,275.0,24,3,2,0.007,1.2034
FXFactory_hilo_break_04,EURJPY,2025-W04,0.7291,37.5,1.01,0.0,-0.55,228.8,32,10,3,-0.0173,1.2152
FXFactory_hilo_break_04,EURJPY,2025-W05,0.9193,55.26,0.67,0.0,-0.16,266.8,38,4,5,-0.0041,0.7442
FXFactory_hilo_break_04,EURJPY,2025-W06,0.8219,44.44,0.53,0.0,-0.4,244.0,45,4,6,-0.0089,1.0274
FXFactory_hilo_break_04,EURJPY,2025-W07,0.9622,45.95,0.58,0.0,-0.07,210.8,37,4,4,-0.0018,1.132
FXFactory_hilo_break_04,EURJPY,2025-W08,0.8633,43.75,0.53,0.0,-0.19,271.9,32,5,4,-0.0061,1.11
FXFactory_hilo_break_04,EURJPY,2025-W09,1.2978,45.83,0.56,0.0,0.32,335.0,24,6,4,0.0132,1.5338
FXFactory_hilo_break_04,EURJPY,2025-W10,0.4344,35.48,0.97,0.0,-0.97,265.2,31,5,2,-0.0313,0.7898
FXFactory_hilo_break_04,EURJPY,2025-W11,1.6533,54.05,0.45,0.0,1.11,301.6,37,3,3,0.03,1.4053
FXFactory_hilo_break_04,EURJPY,2025-W12,0.2526,39.29,1.51,0.0,-1.51,210.0,28,8,3,-0.0538,0.3904
FXFactory_hilo_break_04,EURJPY,2025-W13,0.6834,50.0,0.16,0.0,-0.1,400.0,6,2,2,-0.0168,0.6834
FXFactory_hilo_break_04,GBPJPY,2025-W00,0.2085,28.57,1.64,0.0,-1.62,194.3,21,6,2,-0.0772,0.5212
FXFactory_hilo_break_04,GBPJPY,2025-W01,0.5376,44.44,1.37,0.0,-1.11,181.7,36,3,2,-0.0307,0.672
FXFactory_hilo_break_04,GBPJPY,2025-W02,0.9068,48.65,0.59,0.0,-0.16,193.0,37,3,5,-0.0044,0.9572
FXFactory_hilo_break_04,GBPJPY,2025-W03,2.1596,55.56,0.65,0.0,1.18,300.0,27,3,6,0.0436,1.7277
FXFactory_hilo_break_04,GBPJPY,2025-W04,1.6229,53.85,0.52,0.0,0.7,253.8,26,3,4,0.027,1.3911
FXFactory_hilo_break_04,GBPJPY,2025-W05,0.4085,36.67,1.05,0.0,-0.98,188.0,30,4,2,-0.0328,0.7057
FXFactory_hilo_break_04,GBPJPY,2025-W06,0.3987,35.29,1.78,0.0,-1.6,190.6,34,8,3,-0.0471,0.731
FXFactory_hilo_break_04,GBPJPY,2025-W07,1.1749,54.55,0.43,0.0,0.23,272.7,22,3,5,0.0106,0.9791
FXFactory_hilo_break_04,GBPJPY,2025-W08,0.801,48.72,0.77,0.0,-0.37,269.2,39,4,3,-0.0096,0.8431
FXFactory_hilo_break_04,GBPJPY,2025-W09,0.9224,45.95,0.76,0.0,-0.18,231.9,37,5,3,-0.0048,1.0852
FXFactory_hilo_break_04,GBPJPY,2025-W10,1.5267,55.88,0.54,0.0,0.8,278.8,34,4,6,0.0235,1.2053
FXFactory_hilo_break_04,GBPJPY,2025-W11,0.9326,50.0,0.67,0.0,-0.12,250.6,34,4,4,-0.0036,0.9326
FXFactory_hilo_break_04,GBPJPY,2025-W12,1.5852,58.97,0.89,0.0,1.08,203.1,39,4,8,0.0276,1.1027
FXFactory_hilo_break_04,GBPJPY,2025-W13,1.013,70.0,0.42,0.0,0.01,198.0,10,2,4,0.0007,0.4342
FXFactory_hilo_break_04,USDJPY,2025-W00,1.0959,47.62,0.66,0.0,0.09,248.6,21,7,5,0.0041,1.2055
FXFactory_hilo_break_04,USDJPY,2025-W01,1.3111,51.85,0.36,0.0,0.4,335.6,27,2,3,0.0149,1.2175
FXFactory_hilo_break_04,USDJPY,2025-W02,0.6545,40.74,0.68,0.0,-0.39,233.3,27,6,3,-0.0144,0.952
FXFactory_hilo_break_04,USDJPY,2025-W03,1.4227,45.0,0.35,0.0,0.27,243.0,20,4,2,0.0134,1.7389
FXFactory_hilo_break_04,USDJPY,2025-W04,1.0262,42.86,0.6,0.0,0.04,282.9,35,6,5,0.0011,1.3683
FXFactory_hilo_break_04,USDJPY,2025-W05,0.5714,31.58,0.65,0.0,-0.46,287.4,19,5,2,-0.024,1.2381
FXFactory_hilo_break_04,USDJPY,2025-W06,1.2273,58.82,0.56,0.0,0.27,278.8,34,5,4,0.0079,0.8591
FXFactory_hilo_break_04,USDJPY,2025-W07,0.7334,44.44,0.6,0.0,-0.23,228.9,27,4,4,-0.0085,0.9168
FXFactory_hilo_break_04,USDJPY,2025-W08,0.5264,34.48,1.18,0.0,-0.9,194.5,29,4,2,-0.0309,1.0002
FXFactory_hilo_break_04,USDJPY,2025-W09,0.4727,39.39,0.84,0.0,-0.82,230.9,33,5,5,-0.0249,0.7273
FXFactory_hilo_break_04,USDJPY,2025-W10,1.2408,46.88,0.59,0.0,0.31,258.8,32,6,4,0.0098,1.4062
FXFactory_hilo_break_04,USDJPY,2025-W11,1.1939,41.38,0.49,0.0,0.3,275.2,29,4,3,0.0103,1.6913
FXFactory_hilo_break_04,USDJPY,2025-W12,0.3084,33.33,1.43,0.0,-1.27,218.2,33,8,3,-0.0384,0.6168
FXFactory_hilo_break_04,USDJPY,2025-W13,0.4157,44.44,0.37,0.0,-0.3,280.0,9,3,3,-0.0339,0.5196
FXFactory_atr_break_05,EURJPY,2025-W00,0.9636,33.33,0.7,0.0,-0.06,535.0,24,5,2,-0.0026,1.9271
FXFactory_atr_break_05,EURJPY,2025-W01,0.9401,35.71,1.04,0.0,-0.18,577.1,42,10,3,-0.0044,1.6922
FXFactory_atr_break_05,EURJPY,2025-W02,0.8857,35.56,1.2,0.0,-0.39,594.7,45,8,3,-0.0087,1.6054
FXFactory_atr_break_05,EURJPY,2025-W03,0.826,41.3,1.9,0.0,-0.71,602.6,46,7,5,-0.0153,1.1738
FXFactory_atr_break_05,EURJPY,2025-W04,0.8399,37.21,1.63,0.0,-0.56,569.3,43,5,4,-0.0131,1.4173
FXFactory_atr_break_05,EURJPY,2025-W05,0.6248,27.91,1.64,0.0,-1.38,422.8,43,8,2,-0.0322,1.614
FXFactory_atr_break_05,EURJPY,2025-W06,0.746,31.37,2.06,0.0,-1.14,502.4,51,8,4,-0.0224,1.6319
FXFactory_atr_break_05,EURJPY,2025-W07,0.8127,37.84,0.9,0.0,-0.54,535.1,37,5,2,-0.0145,1.3351
FXFactory_atr_break_05,EURJPY,2025-W08,0.8999,42.22,2.08,0.0,-0.35,649.3,45,7,3,-0.0079,1.2314
FXFactory_atr_break_05,EURJPY,2025-W09,1.3837,38.18,1.22,0.0,1.35,561.8,55,9,4,0.0245,2.2403
FXFactory_atr_break_05,EURJPY,2025-W10,0.5854,22.64,2.61,0.0,-2.05,506.0,53,13,2,-0.0387,2.0
FXFactory_atr_break_05,EURJPY,2025-W11,0.9531,38.3,1.98,0.0,-0.17,542.6,47,8,5,-0.0037,1.5356
FXFactory_atr_break_05,EURJPY,2025-W12,0.7333,38.46,2.45,0.0,-1.19,576.9,52,7,7,-0.0229,1.1732
FXFactory_atr_break_05,EURJPY,2025-W13,2.7065,50.0,0.34,0.0,0.94,827.1,14,3,3,0.0673,2.7065
FXFactory_atr_break_05,GBPJPY,2025-W00,1.2007,33.33,1.29,0.0,0.47,482.5,24,5,3,0.0195,2.4014
FXFactory_atr_break_05,GBPJPY,2025-W01,1.0158,38.18,1.49,0.0,0.08,538.9,55,7,5,0.0014,1.6446
FXFactory_atr_break_05,GBPJPY,2025-W02,0.8652,30.0,1.84,0.0,-0.6,636.0,50,11,4,-0.012,2.0188
FXFactory_atr_break_05,GBPJPY,2025-W03,1.1995,39.29,1.97,0.0,1.04,605.4,56,8,4,0.0186,1.8537
FXFactory_atr_break_05,GBPJPY,2025-W04,0.6598,35.85,1.76,0.0,-1.71,502.6,53,4,3,-0.0322,1.1807
FXFactory_atr_break_05,GBPJPY,2025-W05,0.8122,34.78,1.32,0.0,-0.77,517.8,46,5,3,-0.0168,1.5229
FXFactory_atr_break_05,GBPJPY,2025-W06,1.0999,43.75,1.53,0.0,0.46,585.0,48,5,4,0.0095,1.4141
FXFactory_atr_break_05,GBPJPY,2025-W07,0.4106,22.0,2.86,0.0,-2.78,571.2,50,8,2,-0.0556,1.4557
FXFactory_atr_break_05,GBPJPY,2025-W08,2.1506,49.12,0.46,0.0,3.57,569.5,57,5,5,0.0626,2.2274
FXFactory_atr_break_05,GBPJPY,2025-W09,0.8289,36.84,1.62,0.0,-1.0,522.1,57,11,4,-0.0175,1.421
FXFactory_atr_break_05,GBPJPY,2025-W10,0.7904,33.33,1.45,0.0,-1.0,600.0,54,6,4,-0.0186,1.5809
FXFactory_atr_break_05,GBPJPY,2025-W11,1.4793,44.9,1.64,0.0,1.86,607.3,49,9,4,0.0379,1.8156
FXFactory_atr_break_05,GBPJPY,2025-W12,1.329,50.0,1.13,0.0,0.98,555.7,42,5,4,0.0234,1.329
FXFactory_atr_break_05,GBPJPY,2025-W13,1.3579,44.44,0.39,0.0,0.45,610.0,18,2,2,0.0251,1.6974
FXFactory_atr_break_05,USDJPY,2025-W00,0.3378,24.0,1.21,0.0,-0.94,506.4,25,9,2,-0.0377,1.0696
FXFactory_atr_break_05,USDJPY,2025-W01,1.0,30.19,1.43,0.0,0.0,578.5,53,6,2,0.0,2.3125
FXFactory_atr_break_05,USDJPY,2025-W02,0.645,29.41,1.45,0.0,-0.9,582.4,34,9,2,-0.0266,1.5479
FXFactory_atr_break_05,USDJPY,2025-W03,1.0561,41.51,0.69,0.0,0.17,525.3,53,6,4,0.0032,1.4881
FXFactory_atr_break_05,USDJPY,2025-W04,0.8164,36.17,0.81,0.0,-0.57,644.7,47,8,4,-0.0121,1.4407
FXFactory_atr_break_05,USDJPY,2025-W05,1.4739,40.54,0.45,0.0,0.96,627.6,37,3,4,0.026,2.1617
FXFactory_atr_break_05,USDJPY,2025-W06,1.2613,44.74,0.62,0.0,0.57,577.9,38,5,3,0.0149,1.558
FXFactory_atr_break_05,USDJPY,2025-W07,0.8996,29.17,1.84,0.0,-0.37,672.5,48,11,3,-0.0077,2.1849
FXFactory_atr_break_05,USDJPY,2025-W08,0.5605,24.53,2.17,0.0,-1.75,523.0,53,8,3,-0.033,1.7246
FXFactory_atr_break_05,USDJPY,2025-W09,1.5074,43.48,0.44,0.0,1.3,624.8,46,4,3,0.0282,1.9597
FXFactory_atr_break_05,USDJPY,2025-W10,1.2174,38.78,0.81,0.0,0.72,617.1,49,7,3,0.0146,1.9222
FXFactory_atr_break_05,USDJPY,2025-W11,1.2254,44.19,0.89,0.0,0.61,669.8,43,5,5,0.0141,1.5479
FXFactory_atr_break_05,USDJPY,2025-W12,1.391,38.46,0.8,0.0,0.83,673.8,39,9,3,0.0213,2.2256
FXFactory_atr_break_05,USDJPY,2025-W13,0.645,21.43,0.95,0.0,-0.39,582.9,14,9,2,-0.0281,2.365
