pf,winrate,max_dd,max_dd_pct,total_pnl,avg_holding_seconds,trade_count,max_consecutive_losses,max_consecutive_wins,expectancy,payoff_ratio,name,sym,sig,tp,sl,sess,lv,be,trail,mb,ab_period,ab_mult,hold_m,hl_lb,hl_cb,bb_p,bb_std
2.0564,56.0,0.68,0.0,2.25,379.2,50,6,5,0.045,1.6157,hilo_break_57debe3f,GBPJPY,hilo_break,A×5.0,A×2.0,london,False,False,True,0,,,6.3,25.0,2.0,,
1.7474,69.84,1.07,0.0,2.3,508.6,63,3,9,0.0364,0.7546,hilo_break_1b46a381,GBPJPY,hilo_break,A×4.0,A×1.5,london,False,True,False,0,,,8.5,15.0,2.0,,
1.6138,52.63,0.56,0.0,1.51,213.7,57,6,4,0.0265,1.4524,hilo_break_b87f035e,GBPJPY,hilo_break,A×3.0,A×1.0,newyork,True,True,False,120,,,3.6,5.0,2.0,,
1.552,59.26,0.62,0.0,1.66,401.1,54,2,5,0.0307,1.067,atr_break_399687a7,GBPJPY,atr_break,A×4.0,A×1.5,newyork,True,True,True,0,5.0,1.0,6.7,,,,
1.5218,57.41,0.76,0.0,1.71,424.4,54,3,5,0.0317,1.1291,atr_break_50bd79db,GBPJPY,atr_break,A×6.0,A×1.5,newyork,True,True,True,120,5.0,1.0,7.1,,,,
1.496,54.0,0.83,0.0,1.17,393.6,50,5,7,0.0234,1.2743,atr_break_eacfb318,GBPJPY,atr_break,A×4.0,A×1.5,london,True,True,False,120,7.0,1.0,6.6,,,,
1.4511,54.72,0.74,0.0,1.29,295.5,53,4,5,0.0243,1.2009,atr_break_beef6a93,GBPJPY,atr_break,A×3.0,A×1.5,london,True,True,True,120,14.0,1.0,4.9,,,,
1.4178,57.69,0.95,0.0,1.38,343.8,52,4,8,0.0266,1.0397,hilo_break_00369025,GBPJPY,hilo_break,A×3.0,A×1.5,london,True,True,False,120,,,5.7,7.0,2.0,,
1.396,42.42,1.65,0.0,3.09,1230.0,66,7,5,0.0468,1.8946,hilo_break_80ddd660,GBPJPY,hilo_break,A×3.0,A×1.5,london,True,False,False,60,,,20.5,5.0,2.0,,
1.3805,27.7,3.32,0.0,8.33,2010.0,148,9,3,0.0563,3.6028,hilo_break_62e0d539,GBPJPY,hilo_break,A×5.0,A×1.5,newyork,True,False,False,120,,,33.5,15.0,1.0,,
1.3788,52.98,1.53,0.0,2.61,273.2,168,6,7,0.0155,1.2239,hilo_break_72fe12cf,EURJPY,hilo_break,A×5.0,A×1.5,newyork,True,False,True,120,,,4.6,20.0,1.0,,
1.3561,38.54,1.79,0.0,4.05,1068.1,96,6,3,0.0422,2.1625,bb_bounce_e758a078,GBPJPY,bb_bounce,A×6.0,A×1.5,newyork,True,False,False,30,,,17.8,,,30.0,2.5
1.3389,56.6,0.84,0.0,0.89,389.4,53,5,6,0.0169,1.0265,atr_break_56591bc1,GBPJPY,atr_break,A×5.0,A×2.0,london,True,True,True,120,8.0,1.0,6.5,,,,
1.3353,57.14,0.8,0.0,1.41,349.4,119,5,6,0.0118,1.0015,bb_bounce_b27af868,USDJPY,bb_bounce,A×5.0,A×2.0,london,True,True,True,30,,,5.8,,,30.0,2.5
1.3263,45.45,0.82,0.0,0.82,217.1,55,6,4,0.0149,1.5916,atr_break_0ee74b65,GBPJPY,atr_break,A×2.5,A×1.0,london,True,True,True,0,8.0,1.0,3.6,,,,
1.2879,50.79,0.65,0.0,0.94,235.2,63,3,5,0.0149,1.2476,hilo_break_ae8019a0,GBPJPY,hilo_break,A×3.0,A×1.0,newyork,False,True,False,120,,,3.9,12.0,2.0,,
1.2797,56.93,1.13,0.0,1.77,200.6,137,5,10,0.0129,0.968,hilo_break_989eabaa,GBPJPY,hilo_break,A×3.0,A×1.0,london,False,True,True,60,,,3.3,5.0,2.0,,
1.267,59.62,0.68,0.0,0.79,303.5,52,3,5,0.0152,0.8583,atr_break_399687a7,EURJPY,atr_break,A×4.0,A×1.5,newyork,True,True,True,0,5.0,1.0,5.1,,,,
1.2534,35.62,1.43,0.0,3.38,1103.4,146,8,8,0.0232,2.2657,atr_break_d0675dfa,USDJPY,atr_break,A×3.0,A×1.5,newyork,True,False,False,0,10.0,0.8,18.4,,,,
1.2492,56.0,0.6,0.0,0.51,314.4,50,7,4,0.0103,0.9815,bb_bounce_5016f3f9,USDJPY,bb_bounce,A×4.0,A×1.5,newyork,True,True,True,0,,,5.2,,,14.0,2.5
1.2489,56.12,1.68,0.0,2.78,479.4,196,6,12,0.0142,0.9764,atr_break_ab8faf53,GBPJPY,atr_break,A×5.0,A×1.5,london,True,True,False,0,14.0,0.8,8.0,,,,
1.2311,53.01,1.11,0.0,0.87,298.6,83,8,5,0.0104,1.0912,atr_break_0502777a,EURJPY,atr_break,A×3.0,A×1.5,newyork,False,False,True,30,14.0,1.0,5.0,,,,
1.2294,56.6,0.81,0.0,1.1,404.7,106,4,6,0.0104,0.9425,bb_bounce_cf2b95a6,USDJPY,bb_bounce,A×3.0,A×1.5,london,True,True,False,120,,,6.7,,,20.0,2.5
1.2289,29.19,1.67,0.0,2.48,497.1,161,18,4,0.0154,2.9807,hilo_break_f9921215,EURJPY,hilo_break,A×2.5,A×1.0,newyork,True,False,False,120,,,8.3,20.0,1.0,,
1.2273,40.0,1.38,0.0,1.4,776.7,90,6,3,0.0156,1.841,bb_bounce_3a650492,USDJPY,bb_bounce,A×5.0,A×2.0,london,True,False,True,120,,,12.9,,,20.0,2.5
1.2263,63.79,1.25,0.0,0.71,456.2,58,5,8,0.0122,0.696,hilo_break_01f007b6,GBPJPY,hilo_break,A×5.0,A×2.0,newyork,True,True,False,60,,,7.6,5.0,2.0,,
1.2129,65.06,1.44,0.0,0.8,353.5,83,7,8,0.0097,0.6514,atr_break_593cf57b,EURJPY,atr_break,A×3.0,A×1.5,london,False,True,True,0,20.0,1.0,5.9,,,,
1.2114,46.74,0.53,0.0,0.61,144.8,92,9,6,0.0067,1.3805,bb_bounce_e7dcc942,USDJPY,bb_bounce,A×3.0,A×0.7,london,True,True,True,60,,,2.4,,,20.0,2.5
1.2062,65.18,1.65,0.0,1.48,560.9,112,3,7,0.0133,0.6444,bb_bounce_d0bc072e,GBPJPY,bb_bounce,A×5.0,A×2.0,newyork,True,True,False,120,,,9.3,,,25.0,2.5
1.2051,64.0,0.77,0.0,0.42,337.2,50,4,5,0.0084,0.6778,hilo_break_266d7125,EURJPY,hilo_break,A×5.0,A×2.0,london,True,True,True,120,,,5.6,7.0,2.0,,
1.1861,23.28,3.42,0.0,6.57,2260.9,305,14,3,0.0216,3.9091,bb_bounce_4396754b,USDJPY,bb_bounce,A×6.0,A×1.5,london,True,False,False,120,,,37.7,,,20.0,1.5
1.1845,43.28,2.01,0.0,1.59,196.4,201,9,6,0.0079,1.5521,atr_break_80f84e46,GBPJPY,atr_break,A×3.0,A×0.7,newyork,True,True,False,30,14.0,0.8,3.3,,,,
1.1815,49.76,4.23,0.0,4.1,296.7,422,10,9,0.0097,1.1928,atr_break_06e73b36,GBPJPY,atr_break,A×5.0,A×1.5,london,False,False,True,30,16.0,0.8,4.9,,,,
1.1784,47.65,0.84,0.0,1.04,183.6,149,5,7,0.007,1.2945,hilo_break_792c002e,EURJPY,hilo_break,A×2.5,A×1.0,newyork,True,True,True,30,,,3.1,25.0,1.0,,
1.1668,60.48,1.5,0.0,1.77,449.7,210,4,8,0.0084,0.7625,bb_bounce_1f99b61b,USDJPY,bb_bounce,A×3.0,A×1.5,london,False,True,True,120,,,7.5,,,20.0,2.5
1.1646,42.19,3.51,0.0,4.21,800.3,301,7,9,0.014,1.5956,bb_bounce_307220f1,GBPJPY,bb_bounce,A×5.0,A×2.0,newyork,True,False,True,120,,,13.3,,,30.0,2.0
1.1639,39.56,1.71,0.0,2.31,615.5,182,6,6,0.0127,1.7782,atr_break_349ba344,EURJPY,atr_break,A×3.0,A×1.5,london,True,False,True,30,14.0,0.8,10.3,,,,
1.1618,33.85,2.11,0.0,1.14,1082.8,65,13,3,0.0176,2.2709,hilo_break_80ddd660,EURJPY,hilo_break,A×3.0,A×1.5,london,True,False,False,60,,,18.0,5.0,2.0,,
1.1592,59.62,0.79,0.0,0.51,349.6,52,4,5,0.0098,0.7853,atr_break_50bd79db,EURJPY,atr_break,A×6.0,A×1.5,newyork,True,True,True,120,5.0,1.0,5.8,,,,
1.1566,55.07,2.86,0.0,3.81,381.3,414,7,9,0.0092,0.9435,hilo_break_d5572633,GBPJPY,hilo_break,A×5.0,A×1.5,london,True,True,False,60,,,6.4,5.0,1.0,,
1.1468,49.5,2.73,0.0,1.59,243.6,200,11,11,0.0079,1.1699,atr_break_51a3bcdc,GBPJPY,atr_break,A×6.0,A×1.5,london,True,True,True,60,8.0,0.8,4.1,,,,
1.1467,38.72,2.4,0.0,1.79,190.4,266,10,7,0.0067,1.8147,hilo_break_b138804d,GBPJPY,hilo_break,A×3.0,A×0.7,london,True,True,False,0,,,3.2,10.0,1.0,,
1.1453,57.69,0.94,0.0,0.44,300.0,52,4,8,0.0085,0.8399,hilo_break_266d7125,GBPJPY,hilo_break,A×5.0,A×2.0,london,True,True,True,120,,,5.0,7.0,2.0,,
1.1448,34.72,1.84,0.0,0.65,264.2,72,9,5,0.0091,2.1521,hilo_break_40db661c,GBPJPY,hilo_break,A×3.0,A×1.0,london,True,False,True,30,,,4.4,5.0,2.0,,
1.1365,38.74,2.56,0.0,1.52,703.2,111,8,5,0.0137,1.7973,bb_bounce_19d7527f,GBPJPY,bb_bounce,A×5.0,A×2.0,london,True,False,True,0,,,11.7,,,25.0,2.5
1.1275,52.4,2.15,0.0,1.52,334.9,208,8,7,0.0073,1.0241,atr_break_bb67ce53,GBPJPY,atr_break,A×5.0,A×2.0,london,True,False,True,30,10.0,0.8,5.6,,,,
1.1248,57.14,1.08,0.0,0.47,255.8,91,6,9,0.0051,0.8436,bb_bounce_3d5dd154,USDJPY,bb_bounce,A×6.0,A×1.5,newyork,True,True,True,120,,,4.3,,,20.0,2.5
1.118,35.21,3.03,0.0,2.42,264.0,463,13,6,0.0052,2.0577,hilo_break_96d55541,EURJPY,hilo_break,A×3.0,A×0.7,newyork,False,False,True,60,,,4.4,12.0,1.0,,
1.115,26.17,3.22,0.0,2.58,1596.2,149,17,3,0.0173,3.1447,atr_break_65fb9db7,GBPJPY,atr_break,A×4.0,A×1.5,newyork,True,False,False,0,20.0,0.8,26.6,,,,
1.114,47.27,0.81,0.0,0.32,233.5,55,5,3,0.0058,1.2425,atr_break_a70d8482,GBPJPY,atr_break,A×3.0,A×1.5,london,True,True,True,60,8.0,1.0,3.9,,,,
1.1139,39.42,1.84,0.0,0.83,823.3,104,8,3,0.008,1.7117,bb_bounce_19d7527f,USDJPY,bb_bounce,A×5.0,A×2.0,london,True,False,True,0,,,13.7,,,25.0,2.5
1.1051,24.29,1.1,0.0,0.45,306.0,70,9,2,0.0064,3.4453,hilo_break_6ba5a310,GBPJPY,hilo_break,A×3.0,A×0.7,london,True,False,True,0,,,5.1,5.0,2.0,,
1.105,52.29,1.85,0.0,0.85,365.5,109,8,7,0.0078,1.0081,bb_bounce_b27af868,GBPJPY,bb_bounce,A×5.0,A×2.0,london,True,True,True,30,,,6.1,,,30.0,2.5
1.1042,47.09,2.42,0.0,3.59,336.2,858,12,8,0.0042,1.2408,bb_bounce_204abb2d,USDJPY,bb_bounce,A×4.0,A×1.0,london,True,True,False,0,,,5.6,,,30.0,1.5
1.1036,52.73,1.2,0.0,0.33,370.9,55,5,4,0.006,0.9894,atr_break_87b92f97,GBPJPY,atr_break,A×4.0,A×1.5,london,True,True,False,0,8.0,1.0,6.2,,,,
1.1035,49.47,2.46,0.0,2.03,311.7,374,9,6,0.0054,1.1273,atr_break_06e73b36,EURJPY,atr_break,A×5.0,A×1.5,london,False,False,True,30,16.0,0.8,5.2,,,,
1.1023,57.26,2.6,0.0,2.16,331.2,379,5,8,0.0057,0.8229,bb_bounce_e972a1b6,GBPJPY,bb_bounce,A×3.0,A×1.5,newyork,True,True,False,60,,,5.5,,,25.0,2.0
1.0973,27.9,4.2,0.0,4.76,1923.7,423,14,5,0.0112,2.8363,bb_bounce_190563d8,USDJPY,bb_bounce,A×4.0,A×1.5,newyork,False,False,False,120,,,32.1,,,14.0,1.5
1.0953,38.75,1.85,0.0,0.98,630.8,160,7,7,0.0061,1.7313,atr_break_349ba344,USDJPY,atr_break,A×3.0,A×1.5,london,True,False,True,30,14.0,0.8,10.5,,,,
1.0937,53.7,1.03,0.0,0.46,265.0,108,5,6,0.0042,0.9429,bb_bounce_a2c2ea3d,USDJPY,bb_bounce,A×3.0,A×1.5,london,True,True,True,120,,,4.4,,,20.0,2.5
1.0926,26.99,4.43,0.0,2.99,1449.8,226,11,3,0.0132,2.9554,hilo_break_5549e462,GBPJPY,hilo_break,A×6.0,A×1.5,newyork,True,False,False,60,,,24.2,7.0,1.0,,
1.0915,43.43,1.19,0.0,0.39,161.2,99,7,8,0.0039,1.4215,atr_break_2959762f,GBPJPY,atr_break,A×2.0,A×0.7,london,False,True,True,60,5.0,1.0,2.7,,,,
1.0912,26.62,2.24,0.0,1.72,1752.5,139,11,3,0.0124,3.0081,atr_break_65fb9db7,EURJPY,atr_break,A×4.0,A×1.5,newyork,True,False,False,0,20.0,0.8,29.2,,,,
1.0884,49.28,2.2,0.0,0.53,186.5,138,7,8,0.0039,1.1205,hilo_break_07dff94f,GBPJPY,hilo_break,A×3.0,A×0.7,london,False,True,True,60,,,3.1,5.0,2.0,,
1.0874,52.38,1.18,0.0,0.35,287.9,84,8,5,0.0042,0.9885,atr_break_e49d5bab,EURJPY,atr_break,A×2.5,A×1.0,newyork,False,True,True,120,14.0,1.0,4.8,,,,
1.087,44.88,2.38,0.0,1.34,234.8,332,11,8,0.004,1.3351,hilo_break_ff36c9a1,EURJPY,hilo_break,A×4.0,A×1.0,newyork,True,True,True,0,,,3.9,7.0,1.0,,
1.084,32.77,3.69,0.0,1.75,1187.8,177,13,3,0.0099,2.2242,atr_break_d0675dfa,EURJPY,atr_break,A×3.0,A×1.5,newyork,True,False,False,0,10.0,0.8,19.8,,,,
1.0823,45.1,1.07,0.0,0.23,265.9,51,6,4,0.0045,1.3176,atr_break_742c5f84,GBPJPY,atr_break,A×3.0,A×1.0,london,True,True,False,60,10.0,1.0,4.4,,,,
1.0793,51.48,1.8,0.0,1.34,274.1,338,10,6,0.004,1.0172,atr_break_fe2f9f7d,EURJPY,atr_break,A×6.0,A×1.5,london,False,True,True,30,5.0,0.8,4.6,,,,
1.07,26.28,2.52,0.0,1.1,1814.9,137,9,3,0.0081,3.002,atr_break_65fb9db7,USDJPY,atr_break,A×4.0,A×1.5,newyork,True,False,False,0,20.0,0.8,30.2,,,,
1.0689,26.81,8.62,0.01,4.36,1810.0,455,17,5,0.0096,2.9175,bb_bounce_190563d8,EURJPY,bb_bounce,A×4.0,A×1.5,newyork,False,False,False,120,,,30.2,,,14.0,1.5
1.0679,47.59,2.27,0.0,1.07,281.6,374,8,6,0.0029,1.1759,bb_bounce_b85e5221,USDJPY,bb_bounce,A×2.5,A×1.0,london,True,True,True,60,,,4.7,,,20.0,2.0
1.0674,53.0,2.7,0.0,0.95,371.3,217,6,8,0.0044,0.9467,atr_break_3943f48d,GBPJPY,atr_break,A×5.0,A×1.5,london,True,True,True,120,12.0,0.8,6.2,,,,
1.0672,54.73,1.57,0.0,1.06,285.0,296,8,11,0.0036,0.8828,bb_bounce_d421299d,GBPJPY,bb_bounce,A×5.0,A×1.5,london,True,True,True,0,,,4.8,,,10.0,2.0
1.0669,19.7,3.05,0.0,0.87,393.3,198,19,3,0.0044,4.3498,atr_break_a99c81f2,GBPJPY,atr_break,A×3.0,A×0.7,london,True,False,False,60,20.0,0.8,6.6,,,,
1.0669,43.52,2.48,0.0,0.77,216.1,216,8,7,0.0036,1.3847,atr_break_5f16ab0a,GBPJPY,atr_break,A×3.0,A×1.0,london,True,True,True,120,14.0,0.8,3.6,,,,
1.0662,41.74,1.16,0.0,0.59,154.7,242,8,6,0.0025,1.4884,hilo_break_7c841f07,EURJPY,hilo_break,A×2.0,A×0.7,newyork,True,True,False,0,,,2.6,12.0,1.0,,
1.0649,45.37,1.35,0.0,0.4,278.9,108,5,4,0.0037,1.2822,bb_bounce_bce31056,GBPJPY,bb_bounce,A×4.0,A×1.0,newyork,True,True,True,60,,,4.6,,,30.0,2.5
1.0607,25.51,3.45,0.0,0.57,608.6,98,13,4,0.0059,3.0973,atr_break_fa68d7b9,GBPJPY,atr_break,A×2.5,A×1.0,london,False,False,False,60,16.0,1.0,10.1,,,,
1.0575,32.71,3.17,0.0,1.42,509.1,373,15,5,0.0038,2.1757,hilo_break_c18dfdd8,EURJPY,hilo_break,A×2.5,A×1.0,newyork,False,False,True,60,,,8.5,15.0,1.0,,
1.0564,31.74,4.66,0.0,1.26,1107.3,167,14,4,0.0075,2.2723,atr_break_d0675dfa,GBPJPY,atr_break,A×3.0,A×1.5,newyork,True,False,False,0,10.0,0.8,18.5,,,,
1.0554,48.0,0.78,0.0,0.15,235.2,50,3,4,0.003,1.1434,atr_break_ad193c09,GBPJPY,atr_break,A×4.0,A×1.0,newyork,True,True,True,30,14.0,1.0,3.9,,,,
1.0519,36.36,0.51,0.0,0.13,181.6,77,7,4,0.0017,1.8408,atr_break_084d4bdf,USDJPY,atr_break,A×2.0,A×0.7,newyork,False,False,True,120,16.0,1.0,3.0,,,,
1.0498,58.82,1.24,0.0,0.12,382.4,51,8,6,0.0024,0.7349,hilo_break_00369025,EURJPY,hilo_break,A×3.0,A×1.5,london,True,True,False,120,,,6.4,7.0,2.0,,
1.0492,48.92,1.34,0.0,0.26,256.8,139,9,5,0.0019,1.0954,bb_bounce_bce31056,USDJPY,bb_bounce,A×4.0,A×1.0,newyork,True,True,True,60,,,4.3,,,30.0,2.5
1.0452,49.78,4.49,0.0,1.37,378.3,458,7,9,0.003,1.0544,hilo_break_bada7226,GBPJPY,hilo_break,A×5.0,A×2.0,london,False,False,True,60,,,6.3,12.0,1.0,,
1.0387,38.31,2.68,0.0,0.64,363.3,295,12,4,0.0022,1.673,hilo_break_055e3903,EURJPY,hilo_break,A×4.0,A×1.0,newyork,False,False,True,120,,,6.1,25.0,1.0,,
1.0361,39.5,2.22,0.0,0.41,275.4,281,13,10,0.0015,1.5868,bb_bounce_f3038fa1,USDJPY,bb_bounce,A×2.5,A×1.0,newyork,True,False,True,0,,,4.6,,,10.0,2.0
1.0317,36.05,4.19,0.0,0.6,276.5,294,10,6,0.002,1.8298,bb_bounce_f3038fa1,GBPJPY,bb_bounce,A×2.5,A×1.0,newyork,True,False,True,0,,,4.6,,,10.0,2.0
1.0307,48.0,0.74,0.0,0.07,240.0,50,9,6,0.0014,1.1166,atr_break_ad193c09,EURJPY,atr_break,A×4.0,A×1.0,newyork,True,True,True,30,14.0,1.0,4.0,,,,
1.0299,51.16,5.39,0.01,1.42,348.1,817,9,8,0.0017,0.9831,bb_bounce_980c7547,GBPJPY,bb_bounce,A×5.0,A×2.0,newyork,True,False,True,0,,,5.8,,,10.0,1.5
1.0288,44.7,3.45,0.0,0.62,182.7,443,9,7,0.0014,1.2731,hilo_break_fe448b9e,GBPJPY,hilo_break,A×4.0,A×1.0,london,True,True,True,60,,,3.0,5.0,1.0,,
1.0268,52.44,0.98,0.0,0.11,203.4,82,6,7,0.0013,0.9313,hilo_break_ab961a38,GBPJPY,hilo_break,A×4.0,A×1.0,london,True,True,True,0,,,3.4,5.0,2.0,,
1.0258,46.35,2.52,0.0,0.53,214.5,397,7,6,0.0013,1.1875,bb_bounce_5c6ca166,GBPJPY,bb_bounce,A×4.0,A×1.0,newyork,True,True,True,60,,,3.6,,,25.0,2.0
1.0257,30.65,4.63,0.0,0.63,229.8,447,10,6,0.0014,2.3209,atr_break_5fb0a3d8,GBPJPY,atr_break,A×2.0,A×0.7,london,False,False,True,60,16.0,0.8,3.8,,,,
1.0248,55.56,3.35,0.0,0.56,344.3,414,5,7,0.0014,0.8198,hilo_break_21759e13,EURJPY,hilo_break,A×5.0,A×2.0,newyork,False,True,True,0,,,5.7,15.0,1.0,,
1.0237,58.3,3.27,0.0,0.39,381.6,283,6,10,0.0014,0.7321,bb_bounce_5a3b70c2,GBPJPY,bb_bounce,A×5.0,A×2.0,london,True,True,True,0,,,6.4,,,10.0,2.0
1.0205,59.16,3.66,0.0,0.44,375.3,404,7,14,0.0011,0.7045,hilo_break_8e35ddab,EURJPY,hilo_break,A×3.0,A×1.5,newyork,False,True,False,30,,,6.3,15.0,1.0,,
1.0175,57.35,1.22,0.0,0.07,283.2,68,4,5,0.001,0.7566,hilo_break_a828ba85,GBPJPY,hilo_break,A×3.0,A×1.5,newyork,False,True,True,0,,,4.7,10.0,2.0,,
1.017,36.22,3.65,0.0,0.55,562.7,381,10,5,0.0014,1.7908,hilo_break_b4433e38,GBPJPY,hilo_break,A×3.0,A×1.5,london,True,False,True,0,,,9.4,5.0,1.0,,
1.0154,45.96,3.66,0.0,0.29,261.1,396,8,7,0.0007,1.1939,bb_bounce_b85e5221,EURJPY,bb_bounce,A×2.5,A×1.0,london,True,True,True,60,,,4.4,,,20.0,2.0
1.0144,39.94,2.18,0.0,0.25,227.6,348,15,6,0.0007,1.5253,atr_break_8bdde451,EURJPY,atr_break,A×2.5,A×1.0,london,False,False,True,120,5.0,0.8,3.8,,,,
1.0128,52.22,1.88,0.0,0.07,345.3,90,5,5,0.0007,0.9266,bb_bounce_cf2b95a6,EURJPY,bb_bounce,A×3.0,A×1.5,london,True,True,False,120,,,5.8,,,20.0,2.5
1.0062,21.74,4.22,0.0,0.14,1877.1,161,18,3,0.0009,3.6223,hilo_break_62e0d539,EURJPY,hilo_break,A×5.0,A×1.5,newyork,True,False,False,120,,,31.3,15.0,1.0,,
1.0061,55.45,3.73,0.0,0.12,294.4,330,6,8,0.0004,0.8082,hilo_break_06777e6c,GBPJPY,hilo_break,A×6.0,A×1.5,london,False,True,True,30,,,4.9,25.0,1.0,,
1.0056,20.56,5.47,0.01,0.16,764.1,321,16,4,0.0005,3.8854,atr_break_17efff84,EURJPY,atr_break,A×3.0,A×1.0,newyork,False,False,False,120,20.0,0.8,12.7,,,,
1.004,49.74,1.69,0.0,0.03,319.1,195,6,8,0.0002,1.0144,atr_break_bb67ce53,USDJPY,atr_break,A×5.0,A×2.0,london,True,False,True,30,10.0,0.8,5.3,,,,
1.0016,46.64,3.11,0.0,0.02,403.2,253,12,12,0.0001,1.1459,hilo_break_67613267,EURJPY,hilo_break,A×5.0,A×1.5,newyork,True,False,True,60,,,6.7,10.0,1.0,,
1.0013,35.79,6.73,0.01,0.07,654.7,623,13,5,0.0001,1.796,bb_bounce_a262a48d,EURJPY,bb_bounce,A×4.0,A×1.5,newyork,True,False,True,60,,,10.9,,,30.0,1.5
1.0005,36.92,2.63,0.0,0.0,470.8,65,8,4,0.0,1.7091,bb_bounce_71666502,GBPJPY,bb_bounce,A×3.0,A×1.5,newyork,True,False,True,30,,,7.8,,,20.0,2.5
1.0003,45.97,3.17,0.0,0.0,439.8,248,12,8,0.0,1.1758,bb_bounce_5676647e,USDJPY,bb_bounce,A×3.0,A×1.5,newyork,False,False,True,120,,,7.3,,,25.0,2.5
