rank,pf,winrate,max_dd,max_dd_pct,total_pnl,avg_holding_seconds,trade_count,strategy_name,symbol,timeframe
1,inf,100.0,0.0,0.0,0.14,840.0,1,rsi_reversal_03ce1c28,EURJPY,M1
2,inf,100.0,0.0,0.0,0.15,17400.0,1,rsi_reversal_ea79811e,USDJPY,M5
3,inf,100.0,0.0,0.0,0.15,17400.0,1,rsi_reversal_f39ae529,USDJPY,M5
4,inf,100.0,0.0,0.0,0.15,17400.0,1,rsi_reversal_03ce1c28,USDJPY,M5
5,inf,100.0,0.0,0.0,0.14,840.0,1,rsi_reversal_f39ae529,EURJPY,M1
6,inf,100.0,0.0,0.0,0.17,900.0,1,rsi_reversal_ea79811e,EURJPY,M1
7,inf,100.0,0.0,0.0,0.14,840.0,1,rsi_reversal_dc42794d,EURJPY,M1
8,1.1475,33.33,2.76,0.0,0.52,5114.3,21,bb_bounce_a3c33d1f,GBPJPY,M5
9,1.0768,57.14,2.61,0.0,0.41,12578.6,14,rsi_reversal_566ca4f1,GBPJPY,M5
10,0.9883,66.67,0.71,0.0,-0.02,16450.0,6,rsi_reversal_9fec002c,USDJPY,M5
11,0.9645,68.42,1.81,0.0,-0.11,2122.1,19,rsi_reversal_566ca4f1,EURJPY,M1
12,0.9033,60.0,0.91,0.0,-0.15,8580.0,5,rsi_reversal_9fec002c,EURJPY,M5
13,0.7973,50.53,14.19,0.01,-7.72,11027.4,95,rsi_reversal_42c0f48a,GBPJPY,M5
14,0.7603,50.0,1.87,0.0,-0.88,4612.5,16,rsi_reversal_76543b15,EURJPY,M5
15,0.7307,45.45,2.27,0.0,-1.42,5359.1,22,rsi_reversal_f8f5d99f,EURJPY,M5
16,0.7243,52.17,6.78,0.01,-4.09,6873.9,46,rsi_reversal_1e31b4c1,GBPJPY,M5
17,0.7113,55.88,10.33,0.01,-7.15,9088.2,68,rsi_reversal_1361b9e1,GBPJPY,M5
18,0.7113,55.88,10.33,0.01,-7.15,9088.2,68,rsi_reversal_8c7c3c1f,GBPJPY,M5
19,0.7068,55.56,5.18,0.01,-4.39,8033.3,54,rsi_reversal_1e31b4c1,EURJPY,M5
20,0.6923,55.81,6.46,0.01,-4.77,9034.9,43,rsi_reversal_7a08475b,GBPJPY,M5
21,0.6838,50.0,2.59,0.0,-2.17,10300.0,18,rsi_reversal_566ca4f1,EURJPY,M5
22,0.6531,55.22,10.29,0.01,-8.99,9689.6,67,rsi_reversal_ef839ab8,GBPJPY,M5
23,0.621,52.17,9.52,0.01,-9.19,10269.6,69,momentum_611477dd,EURJPY,M5
24,0.6203,56.6,6.98,0.01,-6.5,9266.0,53,rsi_reversal_7a08475b,EURJPY,M5
25,0.6195,56.36,13.73,0.01,-13.46,9376.4,110,rsi_reversal_3cc77779,EURJPY,M5
26,0.6035,25.49,9.5,0.01,-7.55,7523.5,51,ema_cross_deca493e,GBPJPY,M5
27,0.5987,53.12,9.94,0.01,-8.47,9623.4,64,rsi_trend_4e8ecd2c,EURJPY,M5
28,0.5955,46.58,12.28,0.01,-10.81,6591.8,73,rsi_reversal_232ead6e,GBPJPY,M5
29,0.5948,34.21,6.25,0.01,-4.17,2821.6,38,donchian_break_fcc6fc54,USDJPY,M1
30,0.5861,28.16,16.28,0.02,-15.36,6818.4,103,ema_cross_5809e979,GBPJPY,M5
31,0.5768,39.29,3.18,0.0,-3.11,4607.1,28,rsi_reversal_c0995ed3,EURJPY,M5
32,0.5729,37.5,6.29,0.01,-6.29,7735.7,56,ema_cross_13118541,EURJPY,M5
33,0.5694,42.11,10.18,0.01,-8.95,14647.4,57,momentum_853a37ad,USDJPY,M5
34,0.5672,50.82,9.46,0.01,-9.46,10549.2,61,momentum_dc40cb70,EURJPY,M5
35,0.5641,50.0,8.07,0.01,-8.07,11584.6,52,momentum_2a70dfde,EURJPY,M5
36,0.5564,69.33,9.56,0.01,-8.23,5420.0,75,rsi_reversal_b2d696ef,GBPJPY,M5
37,0.5549,46.48,17.83,0.02,-14.83,9798.6,71,momentum_611477dd,GBPJPY,M5
38,0.5503,55.32,5.97,0.01,-5.97,10659.6,47,momentum_2a70dfde,USDJPY,M5
39,0.5342,56.6,5.84,0.01,-5.27,1627.9,53,ema_cross_66822117,GBPJPY,M1
40,0.5289,40.54,3.44,0.0,-3.45,5116.2,37,ema_cross_53a68fa6,EURJPY,M5
41,0.5288,72.73,1.92,0.0,-0.93,4390.9,11,bb_bounce_10cf0c5d,GBPJPY,M5
42,0.5206,50.0,0.65,0.0,-0.56,6375.0,4,rsi_reversal_f838aad6,USDJPY,M5
43,0.5204,35.0,8.31,0.01,-7.6,2920.0,60,donchian_break_8f9e005c,USDJPY,M1
44,0.5204,35.0,8.31,0.01,-7.6,2920.0,60,donchian_break_f969b62d,USDJPY,M1
45,0.5193,33.33,6.2,0.01,-5.87,2090.0,42,donchian_break_fcc6fc54,EURJPY,M1
46,0.5168,22.73,9.53,0.01,-6.06,3471.8,44,ema_cross_5cb4e2a8,USDJPY,M1
47,0.5144,36.84,12.85,0.01,-12.85,14847.4,57,momentum_853a37ad,EURJPY,M5
48,0.5125,45.28,27.3,0.03,-24.46,9917.0,106,momentum_2e7ea40d,GBPJPY,M5
49,0.5087,47.17,13.73,0.01,-12.23,9084.9,53,momentum_2a70dfde,GBPJPY,M5
50,0.5056,46.67,4.28,0.0,-3.73,6220.0,30,rsi_reversal_f8f5d99f,USDJPY,M5
51,0.5056,24.07,12.2,0.01,-9.72,6711.1,54,ema_cross_12b3b7f5,GBPJPY,M5
52,0.5039,48.2,25.03,0.03,-23.94,5728.1,139,momentum_1271ced9,GBPJPY,M5
53,0.5029,37.41,21.5,0.02,-21.5,5799.3,139,momentum_f869c0e8,EURJPY,M5
54,0.4986,34.88,7.05,0.01,-6.64,2055.3,43,donchian_break_fcc6fc54,GBPJPY,M1
55,0.4968,38.89,10.9,0.01,-10.49,1972.5,72,donchian_break_f969b62d,GBPJPY,M1
56,0.4968,38.89,10.9,0.01,-10.49,1972.5,72,donchian_break_8f9e005c,GBPJPY,M1
57,0.4959,23.81,6.01,0.01,-4.89,1858.6,42,ema_cross_b9caf855,GBPJPY,M1
58,0.4949,33.33,1.15,0.0,-0.79,4200.0,6,rsi_reversal_151341dc,GBPJPY,M5
59,0.4946,32.61,13.92,0.01,-12.97,1707.4,92,momentum_0b77e21d,GBPJPY,M1
60,0.4936,46.15,17.37,0.02,-15.62,9189.2,65,momentum_dc40cb70,GBPJPY,M5
61,0.4932,41.96,23.8,0.02,-23.43,4334.3,143,momentum_0b77e21d,GBPJPY,M5
62,0.4915,35.96,16.68,0.02,-14.2,2129.7,89,momentum_1271ced9,GBPJPY,M1
63,0.4885,29.73,6.68,0.01,-5.52,3280.5,37,ema_cross_13118541,EURJPY,M1
64,0.4862,52.05,14.19,0.01,-13.87,9484.9,73,rsi_reversal_ef839ab8,EURJPY,M5
65,0.4844,18.52,8.63,0.01,-8.63,4550.0,54,ema_cross_8f6badbd,GBPJPY,M5
66,0.4831,37.5,6.36,0.01,-5.88,4743.8,32,rsi_reversal_76543b15,GBPJPY,M5
67,0.4807,45.28,11.03,0.01,-9.69,5405.7,53,donchian_break_fcc6fc54,GBPJPY,M5
68,0.48,44.44,3.38,0.0,-3.34,13316.7,18,rsi_reversal_566ca4f1,USDJPY,M5
69,0.4794,50.0,24.98,0.02,-24.77,9277.3,132,rsi_reversal_01d38f6e,EURJPY,M5
70,0.4773,39.13,3.59,0.0,-3.12,5700.0,23,rsi_reversal_5999e02d,EURJPY,M5
71,0.4752,49.06,20.5,0.02,-19.65,8165.1,106,rsi_trend_d066d7d9,EURJPY,M5
72,0.4706,37.74,7.75,0.01,-7.75,7737.7,53,ema_cross_30da9de6,EURJPY,M5
73,0.4688,27.5,6.94,0.01,-5.98,2979.0,40,ema_cross_b9caf855,EURJPY,M1
74,0.4682,39.19,13.94,0.01,-13.38,8655.4,74,ema_cross_5e5710c1,EURJPY,M5
75,0.4674,21.57,10.68,0.01,-7.69,3117.6,51,ema_cross_ef9924e5,USDJPY,M1
76,0.4649,39.51,28.38,0.03,-28.1,3848.1,162,momentum_cda52812,GBPJPY,M5
77,0.4537,44.44,5.45,0.01,-5.06,6158.3,36,rsi_reversal_c0995ed3,USDJPY,M5
78,0.4526,45.76,29.77,0.03,-29.59,8781.4,118,rsi_reversal_3cc77779,GBPJPY,M5
79,0.4525,44.68,21.84,0.02,-20.38,9714.9,94,rsi_trend_0a63e580,EURJPY,M5
80,0.4525,44.68,21.84,0.02,-20.38,9714.9,94,rsi_trend_a69f185a,EURJPY,M5
81,0.4426,44.21,22.34,0.02,-21.33,10038.9,95,rsi_trend_65d1a53d,EURJPY,M5
82,0.4393,46.94,22.28,0.02,-20.87,9058.2,98,rsi_trend_5d31b21a,EURJPY,M5
83,0.4388,40.35,34.18,0.03,-31.34,8892.1,114,momentum_e87ffb52,GBPJPY,M5
84,0.4387,37.04,4.83,0.0,-4.11,2388.9,27,ema_cross_53a68fa6,EURJPY,M1
85,0.4379,46.05,12.74,0.01,-12.21,1966.6,76,donchian_break_e19d6ba9,GBPJPY,M1
86,0.4369,33.33,8.57,0.01,-8.57,7122.2,54,ema_cross_b9caf855,EURJPY,M5
87,0.4359,40.62,14.1,0.01,-12.83,2343.8,64,momentum_853a37ad,GBPJPY,M1
88,0.4352,41.41,27.28,0.03,-25.98,8481.8,99,rsi_trend_5d31b21a,GBPJPY,M5
89,0.4344,48.42,23.11,0.02,-21.7,9723.2,95,rsi_trend_08bc1cb9,EURJPY,M5
90,0.4336,21.15,10.77,0.01,-8.58,2998.8,52,ema_cross_be6570c3,USDJPY,M1
91,0.4317,42.86,14.09,0.01,-14.09,5875.7,70,rsi_reversal_232ead6e,EURJPY,M5
92,0.4317,47.89,15.49,0.02,-15.49,9029.6,71,rsi_reversal_1361b9e1,EURJPY,M5
93,0.4317,47.89,15.49,0.02,-15.49,9029.6,71,rsi_reversal_8c7c3c1f,EURJPY,M5
94,0.4283,43.52,26.03,0.03,-25.59,9752.8,108,momentum_2e7ea40d,EURJPY,M5
95,0.4275,41.96,26.45,0.03,-26.0,9222.3,112,momentum_e87ffb52,EURJPY,M5
96,0.4259,20.0,0.97,0.0,-0.97,2940.0,10,rsi_reversal_3fe9f09b,EURJPY,M5
97,0.4219,42.73,29.45,0.03,-28.43,7276.4,110,rsi_trend_d066d7d9,GBPJPY,M5
98,0.4217,25.98,26.58,0.03,-25.87,5619.7,127,ema_cross_5809e979,EURJPY,M5
99,0.4212,18.97,9.17,0.01,-8.95,12077.6,58,ema_cross_ef9924e5,USDJPY,M5
100,0.4163,45.71,5.1,0.01,-4.77,1229.1,35,ema_cross_6e788a01,GBPJPY,M1
101,0.4155,38.89,10.31,0.01,-9.98,1179.2,72,donchian_break_ff63572a,GBPJPY,M1
102,0.4155,38.89,10.31,0.01,-9.98,1179.2,72,donchian_break_1d1e6dd4,GBPJPY,M1
103,0.4149,48.08,20.23,0.02,-20.17,9799.0,104,momentum_2e7ea40d,USDJPY,M5
104,0.4126,31.82,18.34,0.02,-16.73,1105.6,110,ema_cross_5809e979,GBPJPY,M1
105,0.4088,37.04,21.11,0.02,-21.11,11859.3,81,rsi_reversal_42c0f48a,EURJPY,M5
106,0.4088,46.23,20.43,0.02,-20.37,9537.7,106,momentum_e87ffb52,USDJPY,M5
107,0.4082,19.57,9.09,0.01,-7.88,3277.8,46,ema_cross_5cb4e2a8,EURJPY,M1
108,0.4053,42.75,39.18,0.04,-39.18,8687.0,138,rsi_reversal_01d38f6e,GBPJPY,M5
109,0.4031,33.33,8.66,0.01,-8.66,9328.6,42,donchian_break_fcc6fc54,USDJPY,M5
110,0.403,41.94,29.34,0.03,-28.09,9445.2,93,rsi_trend_08bc1cb9,GBPJPY,M5
111,0.4006,50.0,0.64,0.0,-0.39,1050.0,2,bb_break_93eb63af,GBPJPY,M5
112,0.4006,46.03,9.55,0.01,-8.98,1194.3,63,ema_cross_22facf43,GBPJPY,M1
113,0.396,17.46,10.4,0.01,-10.04,2541.0,63,donchian_break_33be330b,USDJPY,M1
114,0.3934,31.75,13.93,0.01,-12.86,4442.9,63,ema_cross_0b2d6a5b,GBPJPY,M5
115,0.3921,37.5,11.0,0.01,-10.67,1142.5,72,donchian_break_c9960c99,GBPJPY,M1
116,0.3919,18.87,10.55,0.01,-9.81,2937.7,53,ema_cross_ef9924e5,EURJPY,M1
117,0.3918,52.22,17.51,0.02,-17.1,9693.3,90,rsi_trend_08bc1cb9,USDJPY,M5
118,0.3897,17.72,13.94,0.01,-13.28,1477.2,79,donchian_break_33be330b,GBPJPY,M1
119,0.3887,50.0,21.22,0.02,-20.15,7617.3,110,rsi_trend_d066d7d9,USDJPY,M5
120,0.3879,37.76,30.6,0.03,-29.86,9076.5,98,rsi_trend_65d1a53d,GBPJPY,M5
121,0.3847,30.3,7.76,0.01,-6.04,1800.0,33,ema_cross_8f6badbd,GBPJPY,M1
122,0.3839,27.01,34.43,0.03,-34.44,5954.0,137,momentum_f869c0e8,GBPJPY,M5
123,0.3827,44.12,15.41,0.02,-15.04,9820.6,68,momentum_611477dd,USDJPY,M5
124,0.3799,51.85,6.35,0.01,-5.41,6288.9,27,ema_cross_53a68fa6,GBPJPY,M5
125,0.3779,34.92,11.65,0.01,-11.18,2552.4,63,donchian_break_e19d6ba9,USDJPY,M1
126,0.3774,39.29,5.53,0.01,-4.48,2247.9,28,ema_cross_8f6badbd,USDJPY,M1
127,0.3755,51.38,21.02,0.02,-20.91,9811.9,109,rsi_reversal_3cc77779,USDJPY,M5
128,0.3745,36.26,30.16,0.03,-28.81,9468.1,91,rsi_trend_a69f185a,GBPJPY,M5
129,0.3745,36.26,30.16,0.03,-28.81,9468.1,91,rsi_trend_0a63e580,GBPJPY,M5
130,0.3743,56.0,8.77,0.01,-8.28,3428.4,50,ema_cross_156f8a41,USDJPY,M1
131,0.3721,26.85,20.71,0.02,-20.33,1537.8,108,momentum_cda52812,GBPJPY,M1
132,0.3717,51.94,40.35,0.04,-39.67,5145.1,206,momentum_1a6eb05d,EURJPY,M5
133,0.371,33.33,16.3,0.02,-16.3,7576.9,78,ema_cross_6e70a4c7,EURJPY,M5
134,0.3705,22.9,21.62,0.02,-20.97,1012.2,131,momentum_e740330d,GBPJPY,M1
135,0.3701,15.79,10.41,0.01,-9.4,1694.7,57,ema_cross_1171ea32,GBPJPY,M1
136,0.3697,50.0,2.72,0.0,-1.84,2382.0,10,rsi_reversal_9fec002c,GBPJPY,M1
137,0.3683,43.14,8.88,0.01,-8.88,3010.6,51,momentum_853a37ad,USDJPY,M1
138,0.3675,17.31,11.95,0.01,-9.78,2565.0,52,ema_cross_1171ea32,USDJPY,M1
139,0.3673,33.33,4.65,0.0,-4.65,8837.5,24,bb_bounce_a3c33d1f,USDJPY,M5
140,0.3673,21.15,9.63,0.01,-9.04,2906.5,52,ema_cross_6e70a4c7,USDJPY,M1
141,0.3654,45.76,13.0,0.01,-13.0,10016.9,59,momentum_dc40cb70,USDJPY,M5
142,0.3642,24.14,11.07,0.01,-11.07,11560.3,58,ema_cross_5e5710c1,USDJPY,M5
143,0.3636,30.67,17.36,0.02,-16.79,8636.0,75,ema_cross_be6570c3,EURJPY,M5
144,0.3629,45.28,22.63,0.02,-22.63,8453.8,106,rsi_trend_65d1a53d,USDJPY,M5
145,0.3624,29.17,9.7,0.01,-8.71,5812.5,48,ema_cross_13118541,GBPJPY,M5
146,0.362,21.31,11.55,0.01,-10.44,1907.2,61,ema_cross_6e70a4c7,GBPJPY,M1
147,0.3618,23.08,11.35,0.01,-10.87,3063.5,52,rsi_reversal_f8f5d99f,GBPJPY,M5
148,0.3615,45.74,17.36,0.02,-17.15,2996.8,94,momentum_490863a0,GBPJPY,M5
149,0.3614,31.68,23.58,0.02,-23.17,9742.6,101,momentum_1271ced9,USDJPY,M5
150,0.3605,23.44,14.71,0.01,-14.71,6014.1,64,ema_cross_12b3b7f5,EURJPY,M5
151,0.3597,33.33,9.01,0.01,-8.78,2084.7,51,donchian_break_1d1e6dd4,USDJPY,M1
152,0.3597,33.33,9.01,0.01,-8.78,2084.7,51,donchian_break_ff63572a,USDJPY,M1
153,0.3587,44.94,19.09,0.02,-18.45,2073.7,89,rsi_reversal_42c0f48a,GBPJPY,M1
154,0.3587,48.61,63.74,0.06,-63.74,4765.6,288,rsi_reversal_da6a2ac4,GBPJPY,M5
155,0.3585,46.53,21.84,0.02,-21.43,8498.0,101,rsi_trend_a69f185a,USDJPY,M5
156,0.3585,46.53,21.84,0.02,-21.43,8498.0,101,rsi_trend_0a63e580,USDJPY,M5
157,0.3577,28.07,24.05,0.02,-23.63,6957.9,114,momentum_0b77e21d,USDJPY,M5
158,0.3577,16.36,11.26,0.01,-10.6,2312.7,55,ema_cross_ef9924e5,GBPJPY,M1
159,0.3573,43.55,12.41,0.01,-12.4,7151.6,62,ema_cross_2449f2d6,EURJPY,M5
160,0.3569,36.21,29.81,0.03,-29.34,7238.8,116,momentum_1271ced9,EURJPY,M5
161,0.3566,30.0,15.33,0.02,-14.26,923.3,90,rsi_trend_8cdd4186,GBPJPY,M1
162,0.3565,27.4,15.75,0.02,-15.75,9221.9,73,ema_cross_ef9924e5,EURJPY,M5
163,0.3565,31.85,29.91,0.03,-29.91,5462.2,135,momentum_cda52812,EURJPY,M5
164,0.3546,42.11,4.55,0.0,-4.29,1989.5,19,rsi_reversal_566ca4f1,GBPJPY,M1
165,0.3517,29.17,9.5,0.01,-8.52,5943.8,48,ema_cross_b9caf855,GBPJPY,M5
166,0.3497,58.62,9.8,0.01,-9.47,2864.5,58,ema_cross_c2b18d6b,USDJPY,M1
167,0.3488,47.89,15.31,0.02,-14.82,7318.3,71,rsi_trend_4e8ecd2c,USDJPY,M5
168,0.3482,31.48,10.4,0.01,-10.07,1744.4,54,ema_cross_2449f2d6,GBPJPY,M1
169,0.3481,25.86,23.97,0.02,-23.97,15527.6,58,momentum_853a37ad,GBPJPY,M5
170,0.3481,35.71,6.03,0.01,-5.36,9321.4,14,rsi_reversal_9fec002c,GBPJPY,M5
171,0.348,59.74,13.96,0.01,-13.96,4262.3,77,ema_cross_66822117,GBPJPY,M5
172,0.3475,50.0,0.6,0.0,-0.6,7575.0,4,rsi_reversal_9ceb6cfe,USDJPY,M5
173,0.3475,30.1,36.34,0.04,-36.34,3403.4,206,momentum_2e044141,EURJPY,M5
174,0.3468,53.19,21.33,0.02,-20.42,5170.2,94,donchian_break_e19d6ba9,GBPJPY,M5
175,0.3461,25.35,14.87,0.01,-14.77,3022.0,71,momentum_1271ced9,USDJPY,M1
176,0.3455,27.27,5.7,0.01,-5.32,6736.4,22,rsi_reversal_5999e02d,GBPJPY,M5
177,0.3447,32.0,9.19,0.01,-8.97,2139.6,50,donchian_break_c9960c99,USDJPY,M1
178,0.3437,21.28,11.18,0.01,-9.33,3384.3,47,ema_cross_5e5710c1,USDJPY,M1
179,0.3436,52.46,10.41,0.01,-10.1,2194.4,61,momentum_611477dd,EURJPY,M1
180,0.3426,34.85,14.0,0.01,-13.89,2290.9,66,donchian_break_e19d6ba9,EURJPY,M1
181,0.3419,47.5,26.54,0.03,-26.42,10162.5,120,rsi_reversal_01d38f6e,USDJPY,M5
182,0.3416,17.65,10.55,0.01,-9.94,3040.0,51,ema_cross_be6570c3,EURJPY,M1
183,0.3408,62.5,1.39,0.0,-1.27,4687.5,8,bb_bounce_10cf0c5d,EURJPY,M5
184,0.3405,23.4,9.64,0.01,-8.66,6038.3,47,ema_cross_30da9de6,GBPJPY,M5
185,0.3404,25.0,11.33,0.01,-10.06,1416.9,52,ema_cross_deca493e,GBPJPY,M1
186,0.3394,31.62,26.37,0.03,-26.37,5287.2,117,momentum_0b77e21d,EURJPY,M5
187,0.3379,17.24,11.39,0.01,-11.39,11736.2,58,ema_cross_be6570c3,USDJPY,M5
188,0.3365,27.27,10.7,0.01,-9.89,1240.4,55,ema_cross_12b3b7f5,GBPJPY,M1
189,0.3353,47.57,22.51,0.02,-22.13,8102.9,103,rsi_trend_5d31b21a,USDJPY,M5
190,0.3353,43.62,51.38,0.05,-51.38,5778.2,188,momentum_1a6eb05d,GBPJPY,M5
191,0.3351,45.35,16.97,0.02,-16.39,2587.0,86,rsi_reversal_42c0f48a,EURJPY,M1
192,0.3343,20.83,10.38,0.01,-9.87,3183.8,48,ema_cross_6e70a4c7,EURJPY,M1
193,0.334,19.35,10.94,0.01,-10.94,9832.3,62,ema_cross_6e70a4c7,USDJPY,M5
194,0.3322,21.95,15.95,0.02,-15.84,2435.9,82,momentum_cda52812,USDJPY,M1
195,0.3316,22.22,13.54,0.01,-13.54,2895.2,63,rsi_reversal_c0995ed3,GBPJPY,M5
196,0.3287,21.74,11.12,0.01,-9.5,1923.9,46,ema_cross_13118541,GBPJPY,M1
197,0.3282,38.53,18.84,0.02,-18.36,1168.6,109,momentum_9f958dd1,GBPJPY,M1
198,0.327,40.79,13.0,0.01,-11.99,1103.7,76,ema_cross_99ed21ec,GBPJPY,M1
199,0.3238,49.11,30.89,0.03,-30.54,2675.1,169,momentum_9f958dd1,GBPJPY,M5
200,0.3233,22.22,16.34,0.02,-16.34,5970.4,81,ema_cross_1171ea32,EURJPY,M5
201,0.3232,25.98,27.57,0.03,-27.57,6916.5,127,momentum_cda52812,USDJPY,M5
202,0.3229,36.71,20.51,0.02,-20.51,11665.8,79,rsi_reversal_42c0f48a,USDJPY,M5
203,0.3226,26.82,39.18,0.04,-38.18,2597.8,179,momentum_e740330d,GBPJPY,M5
204,0.3214,26.79,9.86,0.01,-9.86,1939.3,56,donchian_break_9873bf9c,USDJPY,M1
205,0.3214,50.17,58.35,0.06,-58.35,4759.5,289,rsi_reversal_da6a2ac4,EURJPY,M5
206,0.321,16.98,17.98,0.02,-17.17,1110.6,106,ema_cross_bdb5fe2a,GBPJPY,M1
207,0.3207,22.81,13.23,0.01,-13.23,6115.8,57,ema_cross_8f6badbd,USDJPY,M5
208,0.319,43.18,17.33,0.02,-17.34,3930.7,88,momentum_490863a0,EURJPY,M5
209,0.3187,54.9,9.01,0.01,-8.69,1949.4,51,momentum_2a70dfde,EURJPY,M1
210,0.3178,20.31,15.06,0.02,-14.99,6281.2,64,ema_cross_deca493e,USDJPY,M5
211,0.3174,52.0,16.8,0.02,-16.58,2100.6,100,momentum_e87ffb52,EURJPY,M1
212,0.3159,16.33,11.18,0.01,-10.51,2239.6,49,ema_cross_5cb4e2a8,GBPJPY,M1
213,0.3151,31.43,16.48,0.02,-15.58,4860.0,70,ema_cross_0b2d6a5b,EURJPY,M5
214,0.314,52.11,14.32,0.01,-13.35,1658.0,71,ema_cross_156f8a41,GBPJPY,M1
215,0.3136,42.11,16.15,0.02,-16.15,2853.9,76,momentum_d74757dc,GBPJPY,M5
216,0.3132,15.09,10.95,0.01,-10.42,2392.1,53,ema_cross_be6570c3,GBPJPY,M1
217,0.313,30.77,31.43,0.03,-30.73,5756.6,143,momentum_f869c0e8,USDJPY,M5
218,0.3118,33.33,1.61,0.0,-1.11,5600.0,6,rsi_reversal_151341dc,EURJPY,M5
219,0.3114,27.27,13.23,0.01,-12.7,907.0,77,donchian_break_9873bf9c,GBPJPY,M1
220,0.3107,30.77,18.94,0.02,-18.94,7265.4,78,donchian_break_8f9e005c,USDJPY,M5
221,0.3107,39.17,23.5,0.02,-23.22,2432.5,120,rsi_trend_8cdd4186,GBPJPY,M5
222,0.3107,30.77,18.94,0.02,-18.94,7265.4,78,donchian_break_f969b62d,USDJPY,M5
223,0.3102,66.67,2.96,0.0,-2.71,1136.4,33,ema_cross_fed33d85,GBPJPY,M1
224,0.3096,22.39,13.97,0.01,-13.97,7759.7,67,ema_cross_5cb4e2a8,EURJPY,M5
225,0.3094,40.62,15.08,0.02,-14.54,7598.4,64,rsi_reversal_232ead6e,USDJPY,M5
226,0.3079,51.58,16.78,0.02,-16.48,2219.4,95,momentum_2e7ea40d,EURJPY,M1
227,0.3077,30.0,10.32,0.01,-10.32,10092.0,50,ema_cross_2449f2d6,USDJPY,M5
228,0.3075,45.9,14.38,0.01,-14.38,9885.2,61,rsi_reversal_1361b9e1,USDJPY,M5
229,0.3075,45.9,14.38,0.01,-14.38,9885.2,61,rsi_reversal_8c7c3c1f,USDJPY,M5
230,0.3073,57.14,1.13,0.0,-0.98,1208.6,7,rsi_reversal_151341dc,GBPJPY,M1
231,0.3058,52.0,14.24,0.01,-14.24,3604.0,75,ema_cross_22facf43,GBPJPY,M5
232,0.3052,40.48,18.55,0.02,-18.55,2857.1,84,momentum_7279aa16,GBPJPY,M5
233,0.3052,40.48,18.55,0.02,-18.55,2857.1,84,momentum_e177235e,GBPJPY,M5
234,0.3051,20.69,12.7,0.01,-11.97,2156.9,58,ema_cross_5e5710c1,GBPJPY,M1
235,0.305,23.61,29.77,0.03,-29.77,3608.3,144,momentum_e740330d,EURJPY,M5
236,0.3036,30.77,13.53,0.01,-12.92,1134.5,65,momentum_e177235e,GBPJPY,M1
237,0.3036,30.77,13.53,0.01,-12.92,1134.5,65,momentum_7279aa16,GBPJPY,M1
238,0.3019,36.97,21.65,0.02,-21.37,1104.7,119,momentum_3967e139,GBPJPY,M1
239,0.3015,44.26,15.26,0.02,-15.26,10116.4,61,rsi_reversal_ef839ab8,USDJPY,M5
240,0.2993,25.71,16.12,0.02,-16.03,1830.0,70,donchian_break_f969b62d,EURJPY,M1
241,0.2993,25.71,16.12,0.02,-16.03,1830.0,70,donchian_break_8f9e005c,EURJPY,M1
242,0.2974,46.34,10.26,0.01,-10.02,9673.2,41,rsi_reversal_7a08475b,USDJPY,M5
243,0.2954,31.75,24.08,0.02,-24.02,8500.0,63,rsi_trend_4e8ecd2c,GBPJPY,M5
244,0.2951,41.98,13.06,0.01,-12.76,988.1,81,donchian_break_c9b609d1,GBPJPY,M1
245,0.2939,23.4,7.4,0.01,-7.26,2055.3,47,donchian_break_c808e1f8,GBPJPY,M5
246,0.2939,43.75,11.29,0.01,-11.01,1971.2,48,momentum_2a70dfde,GBPJPY,M1
247,0.2936,34.18,21.53,0.02,-21.45,4963.3,79,donchian_break_8f9e005c,EURJPY,M5
248,0.2936,34.18,21.53,0.02,-21.45,4963.3,79,donchian_break_f969b62d,EURJPY,M5
249,0.2919,17.54,12.29,0.01,-12.29,11778.9,57,ema_cross_5cb4e2a8,USDJPY,M5
250,0.2917,22.81,52.36,0.05,-52.36,2627.0,263,rsi_reversal_1267fc98,GBPJPY,M5
251,0.2909,26.56,14.16,0.01,-14.16,6862.5,64,ema_cross_5cb4e2a8,GBPJPY,M5
252,0.2895,36.25,20.63,0.02,-20.63,8190.0,80,donchian_break_e19d6ba9,USDJPY,M5
253,0.2885,53.66,7.46,0.01,-6.77,2126.3,41,rsi_reversal_7a08475b,EURJPY,M1
254,0.2871,42.5,9.52,0.01,-9.29,7192.5,40,rsi_reversal_1e31b4c1,USDJPY,M5
255,0.2866,40.58,13.74,0.01,-13.74,5860.9,69,ema_cross_22facf43,USDJPY,M5
256,0.2864,28.07,29.58,0.03,-29.28,4218.4,114,ema_cross_f0deb4f0,GBPJPY,M5
257,0.2863,61.29,10.2,0.01,-9.88,2593.5,62,ema_cross_484c5bb3,USDJPY,M1
258,0.2857,27.45,10.0,0.01,-9.06,1558.8,51,ema_cross_deca493e,USDJPY,M1
259,0.2843,17.95,9.34,0.01,-8.6,3164.6,39,ema_cross_13118541,USDJPY,M1
260,0.284,29.31,12.42,0.01,-12.12,1125.5,58,momentum_d74757dc,GBPJPY,M1
261,0.2839,9.24,49.62,0.05,-49.63,2667.2,238,rsi_reversal_de920a1b,GBPJPY,M5
262,0.2839,41.79,14.43,0.01,-14.43,6447.8,67,ema_cross_66822117,USDJPY,M5
263,0.2834,22.22,2.45,0.0,-2.39,4433.3,9,rsi_reversal_9ceb6cfe,GBPJPY,M5
264,0.2829,36.97,21.94,0.02,-20.94,874.8,119,ema_cross_fea5572c,GBPJPY,M1
265,0.2827,29.63,5.9,0.01,-5.58,1335.6,27,bb_bounce_a3c33d1f,GBPJPY,M1
266,0.2818,20.95,23.83,0.02,-23.37,1870.3,105,momentum_cda52812,EURJPY,M1
267,0.2815,30.0,7.42,0.01,-6.07,1782.0,30,ema_cross_53a68fa6,GBPJPY,M1
268,0.2814,20.83,14.47,0.01,-14.47,5058.3,72,ema_cross_1171ea32,GBPJPY,M5
269,0.2811,49.42,33.29,0.03,-33.2,2619.8,172,momentum_3967e139,GBPJPY,M5
270,0.281,25.49,12.61,0.01,-11.6,2634.1,51,ema_cross_2449f2d6,EURJPY,M1
271,0.2794,37.5,20.52,0.02,-20.52,2570.5,88,momentum_44a50e6c,GBPJPY,M5
272,0.2793,50.91,10.75,0.01,-10.44,2177.5,55,momentum_dc40cb70,EURJPY,M1
273,0.2792,25.0,5.5,0.01,-4.78,3387.5,24,ema_cross_53a68fa6,USDJPY,M1
274,0.2784,22.5,7.23,0.01,-6.95,1642.5,40,rsi_reversal_3fe9f09b,GBPJPY,M5
275,0.2778,22.35,23.01,0.02,-21.71,2582.8,85,momentum_1271ced9,EURJPY,M1
276,0.2773,13.64,14.58,0.01,-14.42,1700.0,66,donchian_break_33be330b,EURJPY,M1
277,0.2752,21.21,16.9,0.02,-15.75,6922.7,66,ema_cross_ef9924e5,GBPJPY,M5
278,0.2752,31.58,12.09,0.01,-12.08,5778.9,57,momentum_d74757dc,USDJPY,M5
279,0.2751,50.0,7.35,0.01,-6.67,1758.6,42,rsi_reversal_1e31b4c1,EURJPY,M1
280,0.275,32.0,5.21,0.01,-5.21,5772.0,25,rsi_reversal_76543b15,USDJPY,M5
281,0.2747,35.05,20.91,0.02,-20.69,2378.4,97,momentum_5100332c,GBPJPY,M5
282,0.2744,38.82,18.59,0.02,-18.59,3515.3,85,momentum_7279aa16,EURJPY,M5
283,0.2744,38.82,18.59,0.02,-18.59,3515.3,85,momentum_e177235e,EURJPY,M5
284,0.2738,24.59,11.91,0.01,-11.64,1772.5,61,momentum_490863a0,USDJPY,M1
285,0.2735,29.47,19.47,0.02,-19.24,4376.8,95,rsi_trend_8cdd4186,USDJPY,M5
286,0.2733,33.33,31.15,0.03,-30.89,3554.5,132,ema_cross_f0deb4f0,EURJPY,M5
287,0.2731,28.17,14.17,0.01,-14.17,976.1,71,momentum_44a50e6c,GBPJPY,M1
288,0.2728,43.24,27.66,0.03,-27.4,1763.2,111,momentum_2e7ea40d,GBPJPY,M1
289,0.2726,32.43,7.77,0.01,-7.37,1214.6,37,ema_cross_6e788a01,EURJPY,M1
290,0.2714,23.57,49.64,0.05,-49.27,2767.3,263,rsi_reversal_1267fc98,EURJPY,M5
291,0.2711,43.48,28.28,0.03,-28.18,3615.2,138,momentum_9f958dd1,EURJPY,M5
292,0.2705,28.99,18.83,0.02,-18.83,6887.0,69,ema_cross_5e5710c1,GBPJPY,M5
293,0.2683,28.57,11.86,0.01,-11.86,1492.5,56,donchian_break_c9960c99,EURJPY,M1
294,0.2679,18.18,17.1,0.02,-17.1,2615.1,77,momentum_0b77e21d,USDJPY,M1
295,0.2679,47.87,22.29,0.02,-21.52,1669.1,94,rsi_trend_08bc1cb9,GBPJPY,M1
296,0.2671,37.0,29.52,0.03,-29.13,4839.0,100,donchian_break_8f9e005c,GBPJPY,M5
297,0.2671,37.0,29.52,0.03,-29.13,4839.0,100,donchian_break_f969b62d,GBPJPY,M5
298,0.2667,47.22,16.56,0.02,-16.56,1560.8,72,rsi_reversal_ef839ab8,GBPJPY,M1
299,0.2662,40.0,7.82,0.01,-7.19,1441.3,45,donchian_break_c808e1f8,USDJPY,M1
300,0.2654,38.81,18.01,0.02,-17.75,1984.5,67,momentum_611477dd,GBPJPY,M1
301,0.2651,47.5,18.59,0.02,-18.59,4410.0,80,ema_cross_66822117,EURJPY,M5
302,0.264,52.31,12.27,0.01,-11.65,2002.2,65,rsi_reversal_8c7c3c1f,EURJPY,M1
303,0.264,52.31,12.27,0.01,-11.65,2002.2,65,rsi_reversal_1361b9e1,EURJPY,M1
304,0.2638,27.87,13.03,0.01,-13.03,1483.3,61,donchian_break_1d1e6dd4,EURJPY,M1
305,0.2638,27.87,13.03,0.01,-13.03,1483.3,61,donchian_break_ff63572a,EURJPY,M1
306,0.2632,53.03,12.73,0.01,-12.11,2088.2,66,rsi_reversal_ef839ab8,EURJPY,M1
307,0.2631,17.54,14.3,0.01,-13.79,2794.7,57,ema_cross_5e5710c1,EURJPY,M1
308,0.2621,21.54,9.21,0.01,-9.05,2266.2,65,rsi_reversal_93ef9480,GBPJPY,M5
309,0.2616,30.16,13.85,0.01,-13.85,5481.0,63,momentum_7279aa16,USDJPY,M5
310,0.2616,30.16,13.85,0.01,-13.85,5481.0,63,momentum_e177235e,USDJPY,M5
311,0.2616,42.16,25.54,0.03,-24.54,1598.2,102,rsi_trend_65d1a53d,GBPJPY,M1
312,0.2607,41.38,28.85,0.03,-28.58,1653.1,116,momentum_e87ffb52,GBPJPY,M1
313,0.2589,32.38,21.18,0.02,-21.18,2717.1,105,momentum_5100332c,EURJPY,M5
314,0.2579,19.37,42.2,0.04,-41.9,2133.0,191,ema_cross_05fb5502,GBPJPY,M5
315,0.2577,21.58,29.06,0.03,-29.06,2715.1,139,ema_cross_99ed21ec,EURJPY,M5
316,0.2576,43.0,24.96,0.02,-24.03,1537.8,100,rsi_trend_a69f185a,GBPJPY,M1
317,0.2576,43.0,24.96,0.02,-24.03,1537.8,100,rsi_trend_0a63e580,GBPJPY,M1
318,0.2575,31.03,12.05,0.01,-11.32,1880.7,58,ema_cross_22facf43,USDJPY,M1
319,0.2575,33.33,1.66,0.0,-1.41,7400.0,6,rsi_reversal_151341dc,USDJPY,M5
320,0.2573,19.72,33.18,0.03,-33.18,3344.4,142,ema_cross_bdb5fe2a,EURJPY,M5
321,0.2573,32.73,11.93,0.01,-11.22,2151.3,55,ema_cross_66822117,USDJPY,M1
322,0.2556,41.3,10.9,0.01,-9.97,1517.0,46,ema_cross_30da9de6,GBPJPY,M1
323,0.2551,31.58,10.68,0.01,-9.92,1287.4,57,ema_cross_12b3b7f5,USDJPY,M1
324,0.255,36.71,18.42,0.02,-18.42,3436.7,79,momentum_d74757dc,EURJPY,M5
325,0.2515,26.92,4.91,0.0,-4.91,2143.8,26,bb_bounce_a3c33d1f,EURJPY,M1
326,0.2507,25.93,11.65,0.01,-11.16,1266.7,54,momentum_d74757dc,EURJPY,M1
327,0.2506,15.79,17.29,0.02,-17.28,6857.9,57,ema_cross_deca493e,EURJPY,M5
328,0.2493,40.62,17.21,0.02,-16.94,1831.9,64,momentum_dc40cb70,GBPJPY,M1
329,0.248,18.06,34.3,0.03,-34.3,4296.8,155,momentum_e740330d,USDJPY,M5
330,0.2479,35.16,20.33,0.02,-20.33,3118.7,91,momentum_44a50e6c,EURJPY,M5
331,0.2471,28.79,14.81,0.01,-14.81,5090.9,66,momentum_44a50e6c,USDJPY,M5
332,0.244,15.24,20.15,0.02,-19.61,1352.6,105,ema_cross_bdb5fe2a,USDJPY,M1
333,0.2439,17.39,6.96,0.01,-6.96,6013.0,23,bb_bounce_a3c33d1f,EURJPY,M5
334,0.2435,36.36,12.15,0.01,-11.87,849.1,66,ema_cross_0b2d6a5b,GBPJPY,M1
335,0.2412,50.0,10.43,0.01,-10.43,2472.4,58,momentum_611477dd,USDJPY,M1
336,0.2392,48.24,19.31,0.02,-19.31,6504.7,85,ema_cross_156f8a41,USDJPY,M5
337,0.2391,18.18,31.48,0.03,-31.1,5308.3,121,ema_cross_5809e979,USDJPY,M5
338,0.2391,35.77,30.24,0.03,-30.04,4835.0,137,momentum_9f958dd1,USDJPY,M5
339,0.2386,17.91,18.45,0.02,-17.31,6855.2,67,ema_cross_be6570c3,GBPJPY,M5
340,0.2386,27.16,19.48,0.02,-19.48,4618.5,81,momentum_490863a0,USDJPY,M5
341,0.2379,57.14,16.98,0.02,-16.98,4932.5,77,rsi_reversal_b2d696ef,EURJPY,M5
342,0.2375,38.1,25.7,0.03,-25.7,5382.1,84,donchian_break_e19d6ba9,EURJPY,M5
343,0.2368,28.95,23.14,0.02,-22.81,1441.1,114,momentum_3967e139,USDJPY,M1
344,0.2354,41.79,16.81,0.02,-16.05,1496.4,67,rsi_trend_4e8ecd2c,GBPJPY,M1
345,0.2345,19.44,18.57,0.02,-18.36,5125.0,72,ema_cross_12b3b7f5,USDJPY,M5
346,0.234,18.6,9.5,0.01,-9.24,3333.5,43,ema_cross_2449f2d6,USDJPY,M1
347,0.2312,22.73,17.16,0.02,-16.33,6286.4,66,ema_cross_6e70a4c7,GBPJPY,M5
348,0.2308,34.21,33.85,0.03,-33.68,4450.7,152,momentum_3967e139,USDJPY,M5
349,0.2307,31.25,16.93,0.02,-16.93,5803.1,64,ema_cross_2449f2d6,GBPJPY,M5
350,0.2298,20.75,49.94,0.05,-49.94,3031.1,212,momentum_2e044141,GBPJPY,M5
351,0.2295,15.91,11.34,0.01,-11.33,11038.6,44,ema_cross_13118541,USDJPY,M5
352,0.2293,16.28,10.97,0.01,-10.97,11469.8,43,ema_cross_b9caf855,USDJPY,M5
353,0.2287,26.67,6.87,0.01,-6.14,2160.0,30,ema_cross_6e788a01,USDJPY,M1
354,0.2286,28.3,21.67,0.02,-21.67,1481.3,106,momentum_9f958dd1,USDJPY,M1
355,0.2282,50.79,26.06,0.03,-25.88,1911.4,126,rsi_reversal_01d38f6e,EURJPY,M1
356,0.2281,35.56,10.29,0.01,-10.1,1381.3,45,rsi_reversal_c0995ed3,GBPJPY,M1
357,0.2275,36.36,22.41,0.02,-21.98,786.0,121,ema_cross_05fb5502,GBPJPY,M1
358,0.2266,44.12,25.85,0.03,-25.09,1471.8,102,rsi_trend_5d31b21a,GBPJPY,M1
359,0.2259,24.19,13.58,0.01,-13.58,1299.7,62,momentum_e177235e,EURJPY,M1
360,0.2259,24.19,13.58,0.01,-13.58,1299.7,62,momentum_7279aa16,EURJPY,M1
361,0.2256,50.0,9.79,0.01,-9.79,2234.4,54,momentum_dc40cb70,USDJPY,M1
362,0.2254,41.03,36.79,0.04,-36.69,3384.6,156,momentum_3967e139,EURJPY,M5
363,0.225,33.33,1.5,0.0,-1.16,6300.0,3,rsi_reversal_f838aad6,GBPJPY,M5
364,0.2248,40.0,21.31,0.02,-21.31,3557.6,85,ema_cross_22facf43,EURJPY,M5
365,0.2248,45.9,15.45,0.02,-15.09,2685.2,61,ema_cross_156f8a41,EURJPY,M1
366,0.2245,30.28,32.37,0.03,-31.99,1035.6,142,momentum_f869c0e8,GBPJPY,M1
367,0.2242,52.7,16.14,0.02,-15.55,1520.3,74,ema_cross_c2b18d6b,GBPJPY,M1
368,0.2239,34.09,10.94,0.01,-10.94,9388.6,44,ema_cross_30da9de6,USDJPY,M5
369,0.2238,32.79,12.87,0.01,-12.68,1666.2,61,donchian_break_c9b609d1,USDJPY,M1
370,0.2226,12.99,17.64,0.02,-17.64,6942.9,77,donchian_break_33be330b,USDJPY,M5
371,0.2221,32.56,9.56,0.01,-9.56,4897.7,43,ema_cross_6e788a01,USDJPY,M5
372,0.2214,43.66,18.44,0.02,-18.44,1465.4,71,rsi_reversal_1361b9e1,GBPJPY,M1
373,0.2214,43.66,18.44,0.02,-18.44,1465.4,71,rsi_reversal_8c7c3c1f,GBPJPY,M1
374,0.2212,42.16,26.16,0.03,-25.44,1475.3,102,rsi_trend_d066d7d9,GBPJPY,M1
375,0.2211,23.75,56.02,0.06,-56.01,1372.6,299,bb_bounce_855c42e6,GBPJPY,M5
376,0.2206,11.29,15.41,0.02,-15.14,2047.7,62,ema_cross_1171ea32,EURJPY,M1
377,0.2205,51.11,8.06,0.01,-8.06,2274.7,45,momentum_2a70dfde,USDJPY,M1
378,0.2199,9.09,48.94,0.05,-48.94,2350.6,231,rsi_reversal_de920a1b,EURJPY,M5
379,0.2198,51.11,19.37,0.02,-19.37,5963.3,90,ema_cross_c2b18d6b,USDJPY,M5
380,0.2183,22.45,28.55,0.03,-28.41,4068.4,98,donchian_break_33be330b,GBPJPY,M5
381,0.218,23.88,12.78,0.01,-12.78,1146.3,67,donchian_break_9873bf9c,GBPJPY,M5
382,0.2173,13.64,11.4,0.01,-10.6,2781.8,44,ema_cross_b9caf855,USDJPY,M1
383,0.2172,21.28,10.41,0.01,-10.08,1067.2,47,donchian_break_c808e1f8,GBPJPY,M1
384,0.216,51.61,9.56,0.01,-9.27,1848.4,62,ema_cross_99ed21ec,USDJPY,M1
385,0.2148,24.51,23.21,0.02,-23.21,1802.9,102,momentum_6a62b07c,GBPJPY,M5
386,0.2142,41.38,37.65,0.04,-37.47,2677.6,174,ema_cross_fea5572c,EURJPY,M5
387,0.2132,43.2,29.39,0.03,-29.33,3705.6,125,ema_cross_156f8a41,EURJPY,M5
388,0.2128,42.22,19.87,0.02,-19.69,2100.0,90,rsi_reversal_42c0f48a,USDJPY,M1
389,0.2121,21.32,45.25,0.05,-45.01,2378.7,197,ema_cross_05fb5502,EURJPY,M5
390,0.212,35.53,32.72,0.03,-32.72,3517.1,152,ema_cross_fea5572c,USDJPY,M5
391,0.2115,57.89,7.83,0.01,-7.55,784.2,57,ema_cross_b1324308,GBPJPY,M1
392,0.2107,12.9,6.39,0.01,-5.99,1130.3,31,rsi_reversal_3fe9f09b,EURJPY,M1
393,0.2105,15.69,25.96,0.03,-25.92,1744.7,102,momentum_0b77e21d,EURJPY,M1
394,0.2095,21.88,7.72,0.01,-7.72,8446.9,32,ema_cross_53a68fa6,USDJPY,M5
395,0.2086,42.11,5.26,0.01,-5.1,3202.1,19,rsi_reversal_9fec002c,EURJPY,M1
396,0.2083,26.61,22.63,0.02,-22.07,1298.5,109,ema_cross_fea5572c,USDJPY,M1
397,0.2082,12.9,27.42,0.03,-27.42,4296.8,124,ema_cross_bdb5fe2a,USDJPY,M5
398,0.2081,25.89,28.0,0.03,-28.0,3056.2,112,rsi_trend_8cdd4186,EURJPY,M5
399,0.2078,45.31,12.57,0.01,-12.11,1689.4,64,rsi_reversal_232ead6e,EURJPY,M1
400,0.2075,37.78,11.3,0.01,-11.3,3593.3,45,ema_cross_6e788a01,EURJPY,M5
401,0.2067,12.31,18.67,0.02,-18.67,4241.5,65,ema_cross_8f6badbd,EURJPY,M5
402,0.2066,48.78,8.95,0.01,-8.73,2211.2,41,ema_cross_30da9de6,EURJPY,M1
403,0.2046,27.66,14.95,0.01,-14.47,3367.7,47,momentum_853a37ad,EURJPY,M1
404,0.204,36.36,5.37,0.01,-5.37,2070.0,22,bb_bounce_a3c33d1f,USDJPY,M1
405,0.2032,42.02,30.4,0.03,-30.13,2808.4,119,donchian_break_88941f39,GBPJPY,M5
406,0.2032,44.16,46.26,0.05,-45.96,5407.6,197,momentum_1a6eb05d,USDJPY,M5
407,0.2032,27.27,23.31,0.02,-22.46,1223.5,110,ema_cross_5809e979,USDJPY,M1
408,0.2017,13.21,22.03,0.02,-22.03,1200.0,106,bb_break_eda60187,GBPJPY,M5
409,0.2016,13.89,22.37,0.02,-22.37,1482.8,108,momentum_e740330d,USDJPY,M1
410,0.1999,16.24,80.97,0.08,-80.97,1672.1,394,momentum_17b05b7d,EURJPY,M5
411,0.1998,25.0,20.24,0.02,-19.72,1006.5,80,momentum_490863a0,GBPJPY,M1
412,0.1989,28.95,19.68,0.02,-19.29,1409.2,76,ema_cross_66822117,EURJPY,M1
413,0.1987,23.44,14.6,0.01,-14.59,3426.6,64,donchian_break_c9960c99,USDJPY,M5
414,0.198,18.56,29.04,0.03,-28.6,589.2,167,momentum_a68d18d4,GBPJPY,M1
415,0.1974,24.44,16.55,0.02,-16.1,6020.0,45,donchian_break_fcc6fc54,EURJPY,M5
416,0.1967,32.35,8.0,0.01,-8.0,1201.8,34,rsi_reversal_76543b15,GBPJPY,M1
417,0.1959,9.91,44.96,0.04,-44.78,2540.1,212,rsi_reversal_de920a1b,USDJPY,M5
418,0.1954,25.64,16.25,0.02,-16.25,1319.2,78,donchian_break_c9960c99,GBPJPY,M5
419,0.1952,26.92,30.19,0.03,-29.98,1259.1,130,momentum_3967e139,EURJPY,M1
420,0.1948,39.02,10.84,0.01,-10.84,2926.8,41,ema_cross_6e788a01,GBPJPY,M5
421,0.1948,42.33,24.04,0.02,-23.91,3116.0,163,rsi_reversal_8af8a375,EURJPY,M5
422,0.194,30.56,9.67,0.01,-9.52,1425.0,36,rsi_reversal_f8f5d99f,GBPJPY,M1
423,0.1934,33.82,17.89,0.02,-17.71,1315.6,68,rsi_reversal_232ead6e,GBPJPY,M1
424,0.193,34.11,27.08,0.03,-26.97,1886.0,129,ema_cross_13cabf4a,EURJPY,M5
425,0.1924,50.0,1.39,0.0,-1.23,860.0,6,rsi_reversal_9ceb6cfe,EURJPY,M1
426,0.1913,26.25,19.37,0.02,-18.97,1330.5,80,ema_cross_22facf43,EURJPY,M1
427,0.1907,39.53,12.14,0.01,-12.14,1477.7,43,rsi_reversal_7a08475b,GBPJPY,M1
428,0.1902,22.54,16.54,0.02,-16.54,3338.0,71,donchian_break_ff63572a,USDJPY,M5
429,0.1902,22.54,16.54,0.02,-16.54,3338.0,71,donchian_break_1d1e6dd4,USDJPY,M5
430,0.1899,13.29,29.38,0.03,-28.6,511.0,143,rsi_trend_cfcc4c41,GBPJPY,M1
431,0.1883,40.0,22.12,0.02,-22.12,2066.0,90,rsi_trend_65d1a53d,EURJPY,M1
432,0.1881,30.0,28.06,0.03,-28.06,3782.5,120,ema_cross_f0deb4f0,USDJPY,M5
433,0.1847,17.46,14.39,0.01,-14.39,1338.1,63,donchian_break_9873bf9c,EURJPY,M1
434,0.1839,46.13,61.01,0.06,-60.99,4816.9,284,rsi_reversal_da6a2ac4,USDJPY,M5
435,0.1835,33.0,21.27,0.02,-20.47,735.6,100,ema_cross_f0deb4f0,GBPJPY,M1
436,0.1815,45.0,19.12,0.02,-19.12,2297.2,80,rsi_trend_08bc1cb9,EURJPY,M1
437,0.1809,47.83,18.52,0.02,-18.52,1970.9,92,rsi_trend_65d1a53d,USDJPY,M1
438,0.1809,21.0,23.23,0.02,-23.23,3900.0,100,ema_cross_99ed21ec,USDJPY,M5
439,0.1805,11.89,32.76,0.03,-32.19,1007.4,143,momentum_e740330d,EURJPY,M1
440,0.1804,40.14,41.45,0.04,-41.45,1723.5,142,rsi_reversal_01d38f6e,GBPJPY,M1
441,0.1789,20.62,21.58,0.02,-21.06,708.9,97,momentum_5100332c,GBPJPY,M1
442,0.1782,15.69,20.2,0.02,-20.2,2491.2,102,momentum_6a62b07c,USDJPY,M5
443,0.1774,44.0,21.71,0.02,-21.71,2071.2,100,momentum_2e7ea40d,USDJPY,M1
444,0.1764,10.14,18.38,0.02,-18.38,8439.1,69,ema_cross_1171ea32,USDJPY,M5
445,0.1757,25.0,2.29,0.0,-1.89,8700.0,4,rsi_reversal_f838aad6,EURJPY,M5
446,0.1755,32.7,35.66,0.04,-35.18,850.9,159,momentum_2e044141,GBPJPY,M1
447,0.1745,40.0,3.74,0.0,-3.65,2112.0,15,rsi_reversal_566ca4f1,USDJPY,M1
448,0.1733,34.15,11.15,0.01,-11.15,1077.1,41,rsi_reversal_1e31b4c1,GBPJPY,M1
449,0.1729,31.78,27.79,0.03,-27.35,1643.0,107,bb_break_6fc3d727,GBPJPY,M5
450,0.1723,46.15,17.41,0.02,-17.03,2516.3,65,ema_cross_c2b18d6b,EURJPY,M1
451,0.1719,16.22,27.87,0.03,-27.87,1889.2,111,momentum_6a62b07c,EURJPY,M5
452,0.1713,36.9,21.71,0.02,-21.71,2172.1,84,rsi_trend_0a63e580,EURJPY,M1
453,0.1713,36.9,21.71,0.02,-21.71,2172.1,84,rsi_trend_a69f185a,EURJPY,M1
454,0.1709,26.09,6.23,0.01,-6.14,4095.7,23,rsi_reversal_5999e02d,USDJPY,M5
455,0.1707,44.44,27.69,0.03,-27.69,2066.1,108,rsi_reversal_3cc77779,EURJPY,M1
456,0.1688,38.4,37.55,0.04,-37.55,1655.5,125,rsi_reversal_3cc77779,GBPJPY,M1
457,0.1678,23.44,31.84,0.03,-31.84,1136.7,128,momentum_9f958dd1,EURJPY,M1
458,0.1677,51.22,8.27,0.01,-8.27,6439.0,41,ema_cross_fed33d85,USDJPY,M5
459,0.1676,41.79,31.69,0.03,-31.65,2344.0,134,ema_cross_156f8a41,GBPJPY,M5
460,0.1668,44.79,20.49,0.02,-20.49,1814.4,96,rsi_trend_0a63e580,USDJPY,M1
461,0.1668,44.79,20.49,0.02,-20.49,1814.4,96,rsi_trend_a69f185a,USDJPY,M1
462,0.1662,12.21,28.57,0.03,-28.57,698.5,131,rsi_trend_cfcc4c41,EURJPY,M1
463,0.1658,44.2,31.71,0.03,-31.71,3106.5,138,ema_cross_c2b18d6b,EURJPY,M5
464,0.1656,16.14,95.92,0.1,-95.64,1437.8,415,momentum_17b05b7d,GBPJPY,M5
465,0.1648,24.1,18.38,0.02,-18.38,1355.4,83,donchian_break_1d1e6dd4,GBPJPY,M5
466,0.1648,24.1,18.38,0.02,-18.38,1355.4,83,donchian_break_ff63572a,GBPJPY,M5
467,0.1635,36.99,41.99,0.04,-41.99,1973.4,173,ema_cross_fea5572c,GBPJPY,M5
468,0.163,50.0,0.5,0.0,-0.42,1500.0,2,rsi_reversal_f838aad6,EURJPY,M1
469,0.1627,28.77,17.41,0.02,-17.41,1109.6,73,donchian_break_c9b609d1,EURJPY,M1
470,0.1626,11.45,31.82,0.03,-31.64,1009.5,131,ema_cross_bdb5fe2a,EURJPY,M1
471,0.1625,39.08,21.56,0.02,-21.56,2033.8,87,rsi_trend_5d31b21a,EURJPY,M1
472,0.1624,43.48,21.58,0.02,-21.59,1939.6,92,rsi_trend_d066d7d9,EURJPY,M1
473,0.1622,36.84,9.89,0.01,-9.82,1717.9,38,rsi_reversal_f8f5d99f,EURJPY,M1
474,0.1612,23.56,45.73,0.05,-45.73,3802.6,191,momentum_2e044141,USDJPY,M5
475,0.1611,14.81,22.07,0.02,-21.73,488.3,108,momentum_6a62b07c,GBPJPY,M1
476,0.1609,16.0,13.12,0.01,-12.39,1604.4,50,momentum_d74757dc,USDJPY,M1
477,0.1609,40.74,24.57,0.02,-24.57,1881.1,108,momentum_e87ffb52,USDJPY,M1
478,0.1604,29.03,7.18,0.01,-6.77,766.5,31,rsi_reversal_5999e02d,EURJPY,M1
479,0.1591,11.39,17.72,0.02,-17.72,1427.8,79,rsi_trend_cfcc4c41,USDJPY,M1
480,0.1588,33.33,0.98,0.0,-0.98,1820.0,3,rsi_reversal_f838aad6,GBPJPY,M1
481,0.158,24.32,19.45,0.02,-19.45,4009.5,74,ema_cross_0b2d6a5b,USDJPY,M5
482,0.1575,12.99,18.63,0.02,-18.63,1333.2,77,rsi_trend_8cdd4186,USDJPY,M1
483,0.1572,37.93,15.12,0.02,-15.12,1934.5,58,rsi_trend_4e8ecd2c,EURJPY,M1
484,0.1572,30.77,11.28,0.01,-11.14,2183.1,65,rsi_reversal_2b0309c5,GBPJPY,M5
485,0.1563,16.84,20.68,0.02,-20.32,745.3,95,momentum_ec4b3173,GBPJPY,M5
486,0.1562,48.72,8.47,0.01,-7.97,2198.5,39,ema_cross_30da9de6,USDJPY,M1
487,0.1562,12.5,15.65,0.02,-14.96,534.0,80,ema_cross_c0bc017b,GBPJPY,M1
488,0.1561,46.23,22.29,0.02,-22.21,4174.5,106,ema_cross_484c5bb3,USDJPY,M5
489,0.1531,19.57,11.39,0.01,-11.39,1116.5,46,donchian_break_c808e1f8,EURJPY,M1
490,0.1527,17.39,17.16,0.02,-17.16,1085.2,69,momentum_44a50e6c,EURJPY,M1
491,0.1524,47.83,9.08,0.01,-9.04,1768.7,46,rsi_reversal_7a08475b,USDJPY,M1
492,0.1516,53.25,16.54,0.02,-16.2,5026.0,77,rsi_reversal_b2d696ef,USDJPY,M5
493,0.1511,15.31,64.83,0.06,-64.83,1290.9,307,momentum_4861fb73,EURJPY,M5
494,0.1511,49.43,18.36,0.02,-18.33,2049.7,87,rsi_trend_08bc1cb9,USDJPY,M1
495,0.1509,42.61,33.5,0.03,-33.46,1251.5,176,momentum_1a6eb05d,EURJPY,M1
496,0.1477,20.41,33.9,0.03,-33.9,1193.9,147,donchian_break_c3e2df3a,GBPJPY,M5
497,0.1459,44.63,25.89,0.03,-25.89,1726.6,121,rsi_reversal_3cc77779,USDJPY,M1
498,0.1457,15.89,30.68,0.03,-30.67,1000.1,151,momentum_a68d18d4,USDJPY,M1
499,0.1455,14.0,19.65,0.02,-19.65,771.0,100,momentum_5100332c,USDJPY,M1
500,0.1439,16.13,10.11,0.01,-9.86,1747.7,31,ema_cross_8f6badbd,EURJPY,M1
501,0.1432,15.0,19.41,0.02,-19.41,3060.0,80,donchian_break_9873bf9c,USDJPY,M5
502,0.1425,15.96,44.33,0.04,-44.33,1464.8,213,momentum_a68d18d4,GBPJPY,M5
503,0.142,12.77,40.33,0.04,-40.32,872.9,188,rsi_trend_cfcc4c41,GBPJPY,M5
504,0.1404,27.78,47.06,0.05,-46.99,1431.9,216,bb_bounce_4b9af643,EURJPY,M5
505,0.1399,35.71,9.26,0.01,-9.18,1325.7,42,rsi_reversal_76543b15,EURJPY,M1
506,0.1387,14.13,24.25,0.02,-23.58,1022.6,92,rsi_trend_8cdd4186,EURJPY,M1
507,0.1374,42.86,16.25,0.02,-16.22,1898.6,70,rsi_reversal_ef839ab8,USDJPY,M1
508,0.137,15.85,22.68,0.02,-22.2,1100.5,82,momentum_490863a0,EURJPY,M1
509,0.1362,31.34,43.86,0.04,-43.78,2710.4,201,bb_bounce_4b9af643,USDJPY,M5
510,0.1356,46.15,19.63,0.02,-19.1,1330.0,78,ema_cross_484c5bb3,GBPJPY,M1
511,0.1355,35.66,33.13,0.03,-33.1,1911.2,143,ema_cross_c2b18d6b,GBPJPY,M5
512,0.1352,13.79,15.92,0.02,-15.19,1633.4,58,momentum_e177235e,USDJPY,M1
513,0.1352,13.79,15.92,0.02,-15.19,1633.4,58,momentum_7279aa16,USDJPY,M1
514,0.1347,10.84,27.37,0.03,-27.37,4626.5,83,donchian_break_33be330b,EURJPY,M5
515,0.1346,41.38,11.44,0.01,-11.06,1172.1,58,ema_cross_b1324308,USDJPY,M1
516,0.1346,24.65,35.48,0.04,-35.48,1174.2,142,momentum_f869c0e8,EURJPY,M1
517,0.1331,33.62,29.23,0.03,-29.23,2790.5,116,donchian_break_88941f39,EURJPY,M5
518,0.1323,19.58,35.29,0.04,-35.29,3293.7,143,ema_cross_05fb5502,USDJPY,M5
519,0.1322,42.62,13.96,0.01,-13.96,1859.0,61,rsi_trend_4e8ecd2c,USDJPY,M1
520,0.1306,12.73,26.32,0.03,-26.32,643.1,110,momentum_5100332c,EURJPY,M1
521,0.13,22.89,20.88,0.02,-20.88,2812.0,83,donchian_break_c9b609d1,USDJPY,M5
522,0.1285,16.08,52.37,0.05,-52.37,2994.1,255,rsi_reversal_1267fc98,USDJPY,M5
523,0.1283,25.53,45.64,0.05,-45.35,409.3,235,momentum_4861fb73,GBPJPY,M1
524,0.1281,15.71,28.19,0.03,-27.85,743.6,140,momentum_6294ece1,EURJPY,M1
525,0.1279,21.37,33.38,0.03,-33.38,939.4,131,ema_cross_fea5572c,EURJPY,M1
526,0.1276,45.45,21.12,0.02,-21.12,1706.7,99,rsi_trend_d066d7d9,USDJPY,M1
527,0.1273,39.58,10.31,0.01,-10.27,1285.0,48,rsi_reversal_1e31b4c1,USDJPY,M1
528,0.1265,30.65,31.58,0.03,-31.48,1398.4,124,ema_cross_13cabf4a,GBPJPY,M5
529,0.1261,32.5,11.58,0.01,-11.49,1959.0,40,rsi_reversal_c0995ed3,EURJPY,M1
530,0.1261,30.43,17.1,0.02,-16.99,1594.8,69,ema_cross_99ed21ec,EURJPY,M1
531,0.1245,40.3,14.38,0.01,-14.38,1352.2,67,rsi_reversal_232ead6e,USDJPY,M1
532,0.1243,41.43,16.71,0.02,-16.67,1745.1,70,rsi_reversal_8c7c3c1f,USDJPY,M1
533,0.1243,16.67,21.47,0.02,-20.87,756.2,96,bb_bounce_ba35fab5,USDJPY,M1
534,0.1243,41.43,16.71,0.02,-16.67,1745.1,70,rsi_reversal_1361b9e1,USDJPY,M1
535,0.1243,15.11,40.76,0.04,-40.76,2747.5,139,ema_cross_bdb5fe2a,GBPJPY,M5
536,0.1239,28.68,31.05,0.03,-31.05,1180.6,136,momentum_f869c0e8,USDJPY,M1
537,0.1233,25.0,51.57,0.05,-51.57,952.9,244,bb_bounce_4b9af643,GBPJPY,M5
538,0.1231,31.93,35.4,0.04,-35.35,961.4,166,momentum_2e044141,EURJPY,M1
539,0.1211,19.2,24.81,0.02,-24.73,1084.8,125,bb_bounce_ba35fab5,USDJPY,M5
540,0.1208,39.44,47.12,0.05,-47.01,1178.0,180,momentum_1a6eb05d,GBPJPY,M1
541,0.1198,10.26,80.98,0.08,-80.98,908.8,341,momentum_4861fb73,GBPJPY,M5
542,0.1198,11.9,10.4,0.01,-10.4,3700.0,42,donchian_break_c808e1f8,USDJPY,M5
543,0.1198,17.2,20.18,0.02,-19.99,766.5,93,ema_cross_c0bc017b,USDJPY,M1
544,0.1195,18.53,62.65,0.06,-62.65,1296.5,286,bb_bounce_855c42e6,EURJPY,M5
545,0.1188,15.69,26.58,0.03,-26.58,3094.1,102,momentum_5100332c,USDJPY,M5
546,0.118,9.52,38.29,0.04,-38.17,2101.8,168,rsi_trend_cfcc4c41,USDJPY,M5
547,0.1178,16.22,20.13,0.02,-20.13,1540.5,74,donchian_break_ff63572a,EURJPY,M5
548,0.1178,16.22,20.13,0.02,-20.13,1540.5,74,donchian_break_1d1e6dd4,EURJPY,M5
549,0.1175,7.11,58.3,0.06,-58.3,494.0,253,rsi_reversal_de920a1b,GBPJPY,M1
550,0.1174,44.33,22.21,0.02,-22.18,1779.6,97,rsi_trend_5d31b21a,USDJPY,M1
551,0.1169,22.86,9.53,0.01,-9.52,704.6,35,rsi_reversal_5999e02d,GBPJPY,M1
552,0.1167,34.63,38.38,0.04,-38.2,533.0,205,momentum_31690f5b,GBPJPY,M1
553,0.1162,11.29,42.01,0.04,-42.01,675.5,186,momentum_a68d18d4,EURJPY,M1
554,0.1154,37.21,8.17,0.01,-7.9,3767.4,43,ema_cross_fed33d85,GBPJPY,M5
555,0.1153,42.54,32.12,0.03,-32.12,1239.9,134,rsi_reversal_8af8a375,EURJPY,M1
556,0.1152,33.97,36.5,0.04,-36.5,2578.8,156,ema_cross_484c5bb3,EURJPY,M5
557,0.1148,26.6,21.14,0.02,-21.14,1046.8,94,donchian_break_c9b609d1,GBPJPY,M5
558,0.1146,11.29,16.84,0.02,-16.19,1508.7,62,momentum_44a50e6c,USDJPY,M1
559,0.1142,31.85,33.09,0.03,-32.88,1647.1,157,ema_cross_484c5bb3,GBPJPY,M5
560,0.1132,45.83,18.93,0.02,-18.83,1992.5,72,ema_cross_484c5bb3,EURJPY,M1
561,0.1132,13.56,34.06,0.03,-33.76,1065.8,118,ema_cross_5809e979,EURJPY,M1
562,0.1129,16.18,18.6,0.02,-18.6,1601.5,68,donchian_break_c9960c99,EURJPY,M5
563,0.1126,7.14,7.85,0.01,-7.6,1285.7,28,rsi_reversal_3fe9f09b,USDJPY,M1
564,0.1114,41.67,27.81,0.03,-27.54,4450.0,144,rsi_reversal_8af8a375,USDJPY,M5
565,0.1113,10.75,43.02,0.04,-43.02,1179.0,186,rsi_trend_cfcc4c41,EURJPY,M5
566,0.1111,30.77,23.1,0.02,-23.1,2175.8,91,bb_break_6fc3d727,EURJPY,M5
567,0.1105,17.86,43.14,0.04,-42.95,1700.5,196,momentum_a68d18d4,EURJPY,M5
568,0.1099,38.3,32.68,0.03,-32.68,1470.2,141,rsi_reversal_8af8a375,USDJPY,M1
569,0.1095,54.29,7.52,0.01,-7.33,2154.9,35,ema_cross_fed33d85,USDJPY,M1
570,0.1094,34.64,37.77,0.04,-37.62,2601.1,179,rsi_reversal_8af8a375,GBPJPY,M5
571,0.109,13.02,97.95,0.1,-97.94,1123.9,461,momentum_17419ccb,EURJPY,M5
572,0.1089,8.33,20.94,0.02,-20.45,473.8,96,momentum_6a62b07c,USDJPY,M1
573,0.1085,25.5,32.26,0.03,-31.9,1092.5,149,bb_bounce_4b9af643,USDJPY,M1
574,0.1066,12.7,18.05,0.02,-17.75,1049.5,63,ema_cross_12b3b7f5,EURJPY,M1
575,0.1062,15.35,51.95,0.05,-51.93,1216.7,215,momentum_6294ece1,GBPJPY,M5
576,0.1057,8.84,32.18,0.03,-31.91,742.9,147,bb_bounce_87b909f7,USDJPY,M1
577,0.1051,10.13,81.91,0.08,-81.82,373.4,375,momentum_17b05b7d,GBPJPY,M1
578,0.1032,13.42,34.68,0.03,-34.68,1077.2,149,donchian_break_67ae5630,GBPJPY,M5
579,0.1001,16.52,26.45,0.03,-26.22,510.3,115,ema_cross_13cabf4a,GBPJPY,M1
580,0.0996,32.57,37.43,0.04,-37.43,803.7,175,momentum_31690f5b,EURJPY,M1
581,0.0995,26.06,37.54,0.04,-37.54,792.0,165,bb_bounce_4b9af643,EURJPY,M1
582,0.0987,12.28,23.93,0.02,-23.93,986.8,114,momentum_6294ece1,USDJPY,M1
583,0.0984,39.55,34.19,0.03,-34.16,1834.9,134,rsi_reversal_01d38f6e,USDJPY,M1
584,0.098,9.86,33.38,0.03,-32.59,374.4,142,donchian_break_67ae5630,GBPJPY,M1
585,0.0977,8.74,40.17,0.04,-39.92,269.8,183,bb_bounce_87b909f7,GBPJPY,M1
586,0.0975,17.19,32.38,0.03,-32.38,2151.6,128,ema_cross_13cabf4a,USDJPY,M5
587,0.0971,27.42,14.0,0.01,-13.71,991.0,62,ema_cross_0b2d6a5b,USDJPY,M1
588,0.0949,25.0,1.01,0.0,-1.01,3562.5,8,bb_bounce_10cf0c5d,USDJPY,M5
589,0.0945,24.34,47.33,0.05,-47.23,640.0,189,bb_bounce_4b9af643,GBPJPY,M1
590,0.0935,9.26,16.97,0.02,-16.63,1234.4,54,ema_cross_deca493e,EURJPY,M1
591,0.0932,11.5,27.8,0.03,-27.8,1069.9,113,ema_cross_c0bc017b,EURJPY,M5
592,0.0927,18.95,57.99,0.06,-57.99,1596.8,285,bb_bounce_855c42e6,USDJPY,M5
593,0.0925,11.69,21.32,0.02,-21.32,1367.5,77,donchian_break_9873bf9c,EURJPY,M5
594,0.0924,15.87,26.92,0.03,-26.73,539.5,126,donchian_break_67ae5630,USDJPY,M1
595,0.0922,9.82,29.95,0.03,-29.95,1858.9,112,ema_cross_99ed21ec,GBPJPY,M5
596,0.0915,14.65,46.11,0.05,-46.11,1597.0,198,momentum_6294ece1,EURJPY,M5
597,0.0912,27.13,27.78,0.03,-27.46,753.5,129,ema_cross_902d3a73,USDJPY,M1
598,0.0907,35.17,28.98,0.03,-28.98,2408.3,145,ema_cross_902d3a73,USDJPY,M5
599,0.0903,9.33,89.98,0.09,-89.96,1738.6,386,momentum_17b05b7d,USDJPY,M5
600,0.0901,32.47,17.18,0.02,-17.15,854.0,77,ema_cross_b1324308,EURJPY,M1
601,0.09,11.2,28.73,0.03,-28.73,372.5,125,donchian_break_67ae5630,EURJPY,M1
602,0.09,16.48,62.5,0.06,-62.35,1575.8,273,momentum_4861fb73,USDJPY,M5
603,0.0894,29.03,28.5,0.03,-28.08,565.2,124,ema_cross_902d3a73,GBPJPY,M1
604,0.0893,37.5,31.48,0.03,-31.34,1015.7,152,momentum_2e044141,USDJPY,M1
605,0.089,16.05,16.46,0.02,-16.46,1133.3,81,ema_cross_abdcab58,GBPJPY,M5
606,0.0879,15.12,18.68,0.02,-18.68,917.4,86,donchian_break_a79cad69,GBPJPY,M5
607,0.0876,41.03,9.55,0.01,-9.48,1700.0,39,ema_cross_fed33d85,EURJPY,M1
608,0.0875,42.42,8.95,0.01,-8.72,1583.6,33,rsi_reversal_f8f5d99f,USDJPY,M1
609,0.0873,13.64,30.95,0.03,-30.95,1590.9,132,donchian_break_67ae5630,USDJPY,M5
610,0.0867,5.56,4.01,0.0,-4.01,3983.3,18,rsi_reversal_3fe9f09b,USDJPY,M5
611,0.086,9.62,24.55,0.02,-24.55,634.6,104,ema_cross_c0bc017b,EURJPY,M1
612,0.0859,11.06,113.24,0.11,-113.22,896.9,479,momentum_17419ccb,GBPJPY,M5
613,0.0857,18.1,27.32,0.03,-27.32,1631.9,116,ema_cross_1426d360,GBPJPY,M5
614,0.0851,15.91,25.27,0.03,-25.27,1431.8,88,donchian_break_c9b609d1,EURJPY,M5
615,0.0847,8.76,59.99,0.06,-59.99,456.4,274,rsi_reversal_de920a1b,USDJPY,M1
616,0.0846,8.51,41.86,0.04,-41.86,1255.9,188,bb_bounce_87b909f7,USDJPY,M5
617,0.0845,22.74,59.14,0.06,-58.71,1120.7,299,momentum_31690f5b,EURJPY,M5
618,0.084,25.81,11.91,0.01,-11.88,1891.9,62,ema_cross_b1324308,GBPJPY,M5
619,0.0838,27.08,9.32,0.01,-9.19,4506.2,48,ema_cross_fed33d85,EURJPY,M5
620,0.0837,32.5,74.97,0.07,-74.85,982.9,280,rsi_reversal_da6a2ac4,GBPJPY,M1
621,0.0836,20.9,39.68,0.04,-39.66,1496.6,177,rsi_trend_d93f8fad,EURJPY,M5
622,0.0833,8.12,78.66,0.08,-78.32,412.9,357,momentum_17b05b7d,EURJPY,M1
623,0.0832,27.61,28.62,0.03,-28.62,1929.9,134,donchian_break_c3e2df3a,USDJPY,M5
624,0.0804,32.43,10.77,0.01,-10.57,1399.5,37,rsi_reversal_c0995ed3,USDJPY,M1
625,0.0797,22.97,18.81,0.02,-18.81,742.7,74,ema_cross_0b2d6a5b,EURJPY,M1
626,0.0795,10.71,24.66,0.02,-24.66,571.1,112,ema_cross_13cabf4a,USDJPY,M1
627,0.0794,24.12,37.41,0.04,-37.41,1367.6,170,rsi_trend_d93f8fad,GBPJPY,M5
628,0.0782,14.4,54.64,0.05,-54.64,576.0,257,rsi_reversal_1267fc98,EURJPY,M1
629,0.0775,28.26,35.25,0.04,-35.25,1107.8,138,momentum_31690f5b,USDJPY,M1
630,0.0771,9.09,44.87,0.04,-44.74,612.9,209,bb_bounce_87b909f7,GBPJPY,M5
631,0.0768,13.67,66.13,0.07,-66.13,551.4,278,rsi_reversal_1267fc98,GBPJPY,M1
632,0.0768,33.33,27.67,0.03,-27.67,2787.5,120,donchian_break_88941f39,USDJPY,M5
633,0.0766,34.12,59.58,0.06,-59.56,930.6,296,rsi_reversal_da6a2ac4,EURJPY,M1
634,0.0763,5.0,25.62,0.03,-25.62,957.0,100,bb_break_eda60187,EURJPY,M5
635,0.0757,22.67,36.87,0.04,-36.87,742.0,150,ema_cross_05fb5502,EURJPY,M1
636,0.0743,8.84,75.51,0.08,-75.51,426.0,362,momentum_17419ccb,USDJPY,M1
637,0.0733,11.9,30.59,0.03,-30.59,477.1,126,ema_cross_13cabf4a,EURJPY,M1
638,0.0733,9.8,105.68,0.11,-105.6,1357.5,459,momentum_17419ccb,USDJPY,M5
639,0.0727,35.44,42.36,0.04,-42.36,1097.1,158,rsi_reversal_8af8a375,GBPJPY,M1
640,0.0726,6.25,23.15,0.02,-22.83,463.8,96,momentum_6a62b07c,EURJPY,M1
641,0.0723,11.48,27.18,0.03,-27.09,270.5,122,bb_bounce_ba35fab5,GBPJPY,M1
642,0.0711,25.0,8.29,0.01,-8.29,740.0,36,rsi_reversal_5999e02d,USDJPY,M1
643,0.071,25.0,6.17,0.01,-5.73,2610.0,16,rsi_reversal_9fec002c,USDJPY,M1
644,0.0709,6.33,35.68,0.04,-35.68,440.5,158,bb_bounce_87b909f7,EURJPY,M1
645,0.0704,6.6,87.33,0.09,-86.99,378.0,394,momentum_17419ccb,EURJPY,M1
646,0.0696,11.02,27.44,0.03,-27.44,399.7,118,bb_bounce_ba35fab5,EURJPY,M1
647,0.0695,14.29,18.65,0.02,-18.65,1539.8,98,rsi_reversal_93ef9480,EURJPY,M5
648,0.0692,21.95,21.63,0.02,-21.63,2729.3,82,ema_cross_b1324308,EURJPY,M5
649,0.0689,10.9,49.57,0.05,-49.44,2114.2,211,momentum_a68d18d4,USDJPY,M5
650,0.0688,12.86,13.98,0.01,-13.98,1851.4,70,rsi_reversal_93ef9480,USDJPY,M5
651,0.0683,8.57,74.0,0.07,-74.0,430.3,350,momentum_17b05b7d,USDJPY,M1
652,0.0682,25.4,30.5,0.03,-30.5,779.0,126,ema_cross_f0deb4f0,EURJPY,M1
653,0.0675,7.37,42.23,0.04,-42.23,707.4,190,bb_bounce_87b909f7,EURJPY,M5
654,0.066,23.68,59.14,0.06,-59.14,1615.0,266,momentum_31690f5b,USDJPY,M5
655,0.0659,13.89,15.35,0.02,-15.35,518.3,72,rsi_reversal_93ef9480,USDJPY,M1
656,0.0658,10.28,25.73,0.03,-25.73,650.5,107,bb_bounce_ba35fab5,EURJPY,M5
657,0.0648,7.25,94.9,0.09,-94.58,312.6,414,momentum_17419ccb,GBPJPY,M1
658,0.0637,14.09,42.76,0.04,-42.76,1359.1,149,donchian_break_c3e2df3a,EURJPY,M5
659,0.0627,8.24,16.31,0.02,-16.31,2428.2,85,rsi_reversal_2b0309c5,USDJPY,M5
660,0.0627,23.85,29.52,0.03,-29.2,801.2,130,ema_cross_05fb5502,USDJPY,M1
661,0.0621,25.32,45.42,0.05,-45.05,3034.2,158,donchian_break_c367b371,GBPJPY,M5
662,0.0617,7.95,19.45,0.02,-18.98,262.5,88,bb_break_eda60187,EURJPY,M1
663,0.0606,27.27,23.54,0.02,-23.47,795.3,110,ema_cross_f0deb4f0,USDJPY,M1
664,0.0604,13.33,17.38,0.02,-17.38,1184.0,75,donchian_break_a79cad69,USDJPY,M5
665,0.0603,4.85,65.97,0.07,-65.54,465.9,268,rsi_reversal_de920a1b,EURJPY,M1
666,0.0597,25.0,2.96,0.0,-2.86,1260.0,8,rsi_reversal_9ceb6cfe,GBPJPY,M1
667,0.0595,24.02,42.59,0.04,-42.47,1696.1,179,ema_cross_902d3a73,EURJPY,M5
668,0.0593,21.57,25.43,0.03,-25.43,2367.6,102,bb_break_6fc3d727,USDJPY,M5
669,0.059,18.31,78.42,0.08,-78.42,686.9,366,momentum_31690f5b,GBPJPY,M5
670,0.0581,21.97,43.66,0.04,-43.62,1274.6,173,ema_cross_902d3a73,GBPJPY,M5
671,0.0569,10.53,24.05,0.02,-24.05,2015.8,114,ema_cross_1426d360,USDJPY,M5
672,0.0567,8.45,14.78,0.01,-14.75,338.9,71,ema_cross_abdcab58,GBPJPY,M1
673,0.0567,4.04,21.53,0.02,-21.53,226.1,99,bb_break_eda60187,USDJPY,M1
674,0.0564,7.53,21.29,0.02,-21.29,239.4,93,bb_break_eda60187,GBPJPY,M1
675,0.0547,13.33,19.31,0.02,-19.31,1903.3,90,rsi_reversal_2b0309c5,EURJPY,M5
676,0.0545,11.85,32.44,0.03,-32.31,1646.7,135,ema_cross_1426d360,EURJPY,M5
677,0.0534,22.96,27.81,0.03,-27.64,508.4,135,donchian_break_c3e2df3a,GBPJPY,M1
678,0.053,5.32,22.46,0.02,-22.46,817.0,94,ema_cross_c0bc017b,GBPJPY,M5
679,0.053,13.19,40.85,0.04,-40.85,1445.6,182,rsi_trend_d93f8fad,USDJPY,M5
680,0.053,20.24,58.09,0.06,-58.09,463.7,247,momentum_4861fb73,EURJPY,M1
681,0.0529,12.23,30.31,0.03,-30.31,511.5,139,bb_bounce_ba35fab5,GBPJPY,M5
682,0.0526,16.79,59.17,0.06,-59.13,1736.8,280,bb_break_d3dc0be4,GBPJPY,M5
683,0.0521,26.47,19.16,0.02,-19.16,2898.5,68,ema_cross_b1324308,USDJPY,M5
684,0.052,28.57,2.42,0.0,-2.37,1654.3,7,rsi_reversal_151341dc,EURJPY,M1
685,0.0514,9.38,38.86,0.04,-38.86,561.0,160,momentum_6294ece1,GBPJPY,M1
686,0.0513,16.67,22.73,0.02,-22.69,1300.0,96,bb_break_591b1a3c,GBPJPY,M5
687,0.0512,18.67,11.49,0.01,-11.48,1059.2,75,rsi_reversal_b2d696ef,EURJPY,M1
688,0.0501,25.78,26.76,0.03,-26.65,592.5,128,donchian_break_88941f39,GBPJPY,M1
689,0.0497,19.28,15.02,0.02,-14.91,451.8,83,bb_break_591b1a3c,GBPJPY,M1
690,0.049,16.37,49.39,0.05,-49.32,683.6,226,momentum_3c40121e,GBPJPY,M5
691,0.0487,10.47,20.94,0.02,-20.94,893.0,86,momentum_ec4b3173,EURJPY,M5
692,0.0476,7.43,38.95,0.04,-38.95,1135.1,148,donchian_break_67ae5630,EURJPY,M5
693,0.0473,19.31,35.35,0.04,-35.35,3008.3,145,donchian_break_c367b371,EURJPY,M5
694,0.0468,8.0,18.9,0.02,-18.9,904.0,75,donchian_break_a79cad69,EURJPY,M5
695,0.0462,13.79,19.91,0.02,-19.91,1662.1,87,bb_break_591b1a3c,EURJPY,M5
696,0.0462,21.51,18.71,0.02,-18.72,591.0,93,bb_break_6fc3d727,GBPJPY,M1
697,0.0462,14.77,18.88,0.02,-18.88,869.3,88,momentum_ec4b3173,USDJPY,M5
698,0.0433,22.22,11.64,0.01,-11.64,784.0,45,rsi_reversal_76543b15,USDJPY,M1
699,0.043,8.74,24.91,0.02,-24.68,255.1,103,donchian_break_a79cad69,GBPJPY,M1
700,0.0425,4.21,22.53,0.02,-22.53,1177.9,95,bb_break_eda60187,USDJPY,M5
701,0.042,7.29,25.05,0.03,-24.93,1281.2,96,ema_cross_abdcab58,EURJPY,M5
702,0.0401,11.29,70.76,0.07,-70.66,309.7,310,bb_bounce_855c42e6,GBPJPY,M1
703,0.0396,10.61,16.21,0.02,-16.21,422.7,66,rsi_reversal_93ef9480,GBPJPY,M1
704,0.0394,22.08,16.9,0.02,-16.89,458.2,77,bb_break_591b1a3c,EURJPY,M1
705,0.039,25.33,20.31,0.02,-20.28,952.8,75,rsi_reversal_b2d696ef,GBPJPY,M1
706,0.0378,27.27,38.96,0.04,-38.95,1207.5,176,momentum_1a6eb05d,USDJPY,M1
707,0.0374,23.33,37.17,0.04,-37.17,633.6,150,ema_cross_902d3a73,EURJPY,M1
708,0.0371,4.67,26.27,0.03,-26.28,1659.8,107,ema_cross_c0bc017b,USDJPY,M5
709,0.0369,22.22,3.34,0.0,-3.34,1593.3,9,rsi_reversal_151341dc,USDJPY,M1
710,0.0365,10.9,34.5,0.03,-34.5,341.2,156,rsi_trend_d93f8fad,GBPJPY,M1
711,0.0349,11.76,52.18,0.05,-52.18,742.4,238,momentum_3c40121e,EURJPY,M5
712,0.0346,9.59,15.52,0.02,-15.52,452.1,73,rsi_reversal_2b0309c5,EURJPY,M1
713,0.0342,10.47,65.65,0.07,-65.65,1747.3,296,bb_break_d3dc0be4,EURJPY,M5
714,0.0338,8.93,35.62,0.04,-35.62,327.5,168,rsi_trend_d93f8fad,EURJPY,M1
715,0.0317,12.91,67.3,0.07,-67.25,320.9,302,bb_bounce_855c42e6,EURJPY,M1
716,0.0314,12.23,63.17,0.06,-63.15,557.1,278,rsi_reversal_1267fc98,USDJPY,M1
717,0.0302,13.75,16.73,0.02,-16.72,525.0,80,bb_break_591b1a3c,USDJPY,M1
718,0.0301,18.69,43.97,0.04,-43.96,591.5,198,momentum_4861fb73,USDJPY,M1
719,0.0295,6.14,25.36,0.03,-25.36,452.6,114,ema_cross_1426d360,USDJPY,M1
720,0.0276,7.69,17.84,0.02,-17.84,1519.2,78,ema_cross_abdcab58,USDJPY,M5
721,0.0273,6.33,18.33,0.02,-18.33,502.8,79,rsi_reversal_2b0309c5,USDJPY,M1
722,0.027,6.36,23.47,0.02,-23.47,425.5,110,ema_cross_1426d360,GBPJPY,M1
723,0.0269,9.89,55.11,0.06,-55.02,2088.6,263,bb_break_d3dc0be4,USDJPY,M5
724,0.026,8.42,46.26,0.05,-46.26,2046.3,190,momentum_6294ece1,USDJPY,M5
725,0.0249,4.76,20.02,0.02,-20.02,320.7,84,rsi_reversal_2b0309c5,GBPJPY,M1
726,0.0238,12.5,2.65,0.0,-2.58,855.0,8,bb_bounce_10cf0c5d,GBPJPY,M1
727,0.0226,9.52,17.08,0.02,-17.08,3050.0,42,donchian_break_c808e1f8,EURJPY,M5
728,0.0218,9.35,23.97,0.02,-23.97,153.6,107,momentum_ec4b3173,GBPJPY,M1
729,0.0213,7.8,61.71,0.06,-61.47,406.4,282,bb_break_d3dc0be4,GBPJPY,M1
730,0.0205,4.05,39.36,0.04,-39.36,337.8,173,rsi_trend_d93f8fad,USDJPY,M1
731,0.0204,6.32,22.11,0.02,-22.11,306.3,95,ema_cross_abdcab58,EURJPY,M1
732,0.0184,7.64,65.35,0.07,-65.35,322.7,301,bb_bounce_855c42e6,USDJPY,M1
733,0.0182,8.18,24.32,0.02,-24.32,158.2,110,momentum_ec4b3173,EURJPY,M1
734,0.0181,9.92,56.64,0.06,-56.65,494.0,252,bb_break_d3dc0be4,EURJPY,M1
735,0.018,14.52,30.75,0.03,-30.75,549.2,124,donchian_break_c3e2df3a,EURJPY,M1
736,0.0176,12.0,17.2,0.02,-17.2,258.4,75,donchian_break_a79cad69,EURJPY,M1
737,0.0173,8.57,54.56,0.05,-54.56,524.3,245,bb_break_d3dc0be4,USDJPY,M1
738,0.0166,10.64,21.23,0.02,-21.2,1873.4,94,bb_break_591b1a3c,USDJPY,M5
739,0.0166,13.45,66.36,0.07,-66.32,950.5,290,rsi_reversal_da6a2ac4,USDJPY,M1
740,0.0164,4.88,54.15,0.05,-54.08,380.5,246,rsi_trend_aaad8ce7,GBPJPY,M5
741,0.0163,13.27,28.36,0.03,-28.36,582.5,113,donchian_break_88941f39,EURJPY,M1
742,0.0153,9.66,29.94,0.03,-29.94,2695.9,145,donchian_break_c367b371,USDJPY,M5
743,0.0152,11.83,20.73,0.02,-20.73,640.0,93,bb_break_6fc3d727,EURJPY,M1
744,0.0149,5.58,44.83,0.04,-44.83,667.0,215,rsi_trend_aaad8ce7,USDJPY,M5
745,0.0145,6.47,28.75,0.03,-28.75,783.5,139,momentum_12bcd399,GBPJPY,M5
746,0.0137,4.12,52.38,0.05,-52.38,437.0,243,rsi_trend_aaad8ce7,EURJPY,M5
747,0.0126,6.28,45.4,0.05,-45.4,186.7,207,rsi_trend_aaad8ce7,EURJPY,M1
748,0.0122,7.37,48.0,0.05,-48.0,1012.0,217,momentum_3c40121e,USDJPY,M5
749,0.0117,10.26,14.23,0.01,-14.23,896.9,78,rsi_reversal_b2d696ef,USDJPY,M1
750,0.0112,5.26,17.59,0.02,-17.59,347.4,76,ema_cross_abdcab58,USDJPY,M1
751,0.0106,6.2,85.27,0.09,-85.21,616.3,387,momentum_5a6bc941,GBPJPY,M5
752,0.0097,5.48,93.8,0.09,-93.8,1240.7,420,bb_bounce_c1934f40,GBPJPY,M5
753,0.0094,4.88,28.67,0.03,-28.67,430.2,123,ema_cross_1426d360,EURJPY,M1
754,0.0093,4.47,68.01,0.07,-68.01,415.0,313,rsi_reversal_d63b314d,EURJPY,M5
755,0.0091,5.91,80.47,0.08,-80.47,1423.7,389,bb_bounce_c1934f40,EURJPY,M5
756,0.0086,14.29,3.0,0.0,-3.0,960.0,7,rsi_reversal_9ceb6cfe,USDJPY,M1
757,0.0074,3.51,13.29,0.01,-13.29,342.1,57,ema_cross_b02e045d,GBPJPY,M5
758,0.007,7.86,29.22,0.03,-29.22,354.4,140,rsi_trend_aaad8ce7,USDJPY,M1
759,0.007,2.82,15.64,0.02,-15.64,461.4,71,rsi_reversal_93ef9480,EURJPY,M1
760,0.0069,3.73,30.18,0.03,-30.18,1065.7,134,momentum_12bcd399,EURJPY,M5
761,0.0065,3.79,82.1,0.08,-82.1,361.0,369,rsi_reversal_d63b314d,GBPJPY,M5
762,0.0058,2.4,47.28,0.05,-47.28,166.4,208,rsi_trend_aaad8ce7,GBPJPY,M1
763,0.0057,7.32,26.08,0.03,-26.08,682.4,123,donchian_break_c3e2df3a,USDJPY,M1
764,0.0047,2.71,62.92,0.06,-62.92,585.8,295,rsi_reversal_d63b314d,USDJPY,M5
765,0.0047,2.04,21.61,0.02,-21.61,203.9,98,momentum_ec4b3173,USDJPY,M1
766,0.0046,1.88,71.45,0.07,-71.45,143.7,319,rsi_reversal_d63b314d,GBPJPY,M1
767,0.0043,6.9,25.1,0.03,-25.1,510.0,116,donchian_break_88941f39,USDJPY,M1
768,0.0042,3.75,17.12,0.02,-17.12,310.5,80,donchian_break_a79cad69,USDJPY,M1
769,0.004,4.4,34.41,0.03,-34.38,474.7,159,donchian_break_c367b371,GBPJPY,M1
770,0.0029,2.78,27.15,0.03,-27.15,1805.6,108,momentum_12bcd399,USDJPY,M5
771,0.0026,1.75,64.07,0.06,-64.07,565.0,286,bb_bounce_c1934f40,EURJPY,M1
772,0.0024,1.89,58.85,0.06,-58.85,209.4,265,rsi_reversal_d63b314d,EURJPY,M1
773,0.0023,2.2,81.84,0.08,-81.84,777.7,363,momentum_5a6bc941,EURJPY,M5
774,0.0023,1.71,54.31,0.05,-54.31,296.4,234,rsi_reversal_d63b314d,USDJPY,M1
775,0.002,1.26,80.0,0.08,-79.99,485.1,317,bb_bounce_c1934f40,GBPJPY,M1
776,0.0018,1.19,17.67,0.02,-17.67,569.3,84,momentum_12bcd399,GBPJPY,M1
777,0.0016,1.38,66.26,0.07,-66.26,1474.0,289,momentum_5a6bc941,USDJPY,M5
778,0.0014,2.22,41.63,0.04,-41.63,243.7,180,momentum_3c40121e,GBPJPY,M1
779,0.0013,4.21,20.18,0.02,-20.17,648.6,95,bb_break_6fc3d727,USDJPY,M1
780,0.0011,1.39,34.02,0.03,-34.02,616.7,144,donchian_break_c367b371,EURJPY,M1
781,0.0008,1.99,74.15,0.07,-74.15,1894.9,351,bb_bounce_c1934f40,USDJPY,M5
782,0.0008,0.63,38.29,0.04,-38.29,941.9,159,momentum_5a6bc941,USDJPY,M1
783,0.0007,1.64,9.65,0.01,-9.65,1078.0,61,momentum_12bcd399,USDJPY,M1
784,0.0007,1.27,16.82,0.02,-16.81,368.4,79,ema_cross_b02e045d,EURJPY,M5
785,0.0007,1.18,36.3,0.04,-36.3,276.4,170,momentum_3c40121e,EURJPY,M1
786,0.0006,1.35,15.07,0.02,-15.07,737.8,74,momentum_12bcd399,EURJPY,M1
787,0.0005,1.11,58.63,0.06,-58.63,676.0,270,bb_bounce_c1934f40,USDJPY,M1
788,0.0002,5.26,4.0,0.0,-4.0,281.1,19,rsi_reversal_2673622a,GBPJPY,M1
789,0.0,0.0,6.32,0.01,-6.32,736.2,26,rsi_reversal_3fe9f09b,GBPJPY,M1
790,0.0,0.0,0.0,0.0,0.0,0.0,0,rsi_reversal_03ce1c28,GBPJPY,M5
791,0.0,0.0,0.0,0.0,0.0,0.0,0,rsi_reversal_a845f8f7,USDJPY,M1
792,0.0,0.0,0.0,0.0,0.0,0.0,0,rsi_reversal_4d796c6b,GBPJPY,M1
793,0.0,0.0,0.0,0.0,0.0,0.0,0,atr_break_0adcc5af,USDJPY,M1
794,0.0,0.0,0.0,0.0,0.0,0.0,0,atr_break_0ae7fef9,USDJPY,M1
795,0.0,0.0,0.0,0.0,0.0,0.0,0,atr_break_386a6412,USDJPY,M1
796,0.0,0.0,0.0,0.0,0.0,0.0,0,rsi_reversal_c6dfb46a,USDJPY,M5
797,0.0,0.0,0.0,0.0,0.0,0.0,0,atr_break_386a6412,EURJPY,M5
798,0.0,0.0,0.0,0.0,0.0,0.0,0,atr_break_792eae57,EURJPY,M5
799,0.0,0.0,0.0,0.0,0.0,0.0,0,atr_break_dd927fc3,EURJPY,M5
800,0.0,0.0,0.0,0.0,0.0,0.0,0,atr_break_fddc5ccf,EURJPY,M5
801,0.0,0.0,0.74,0.0,-0.74,510.0,2,rsi_reversal_4d796c6b,USDJPY,M1
802,0.0,0.0,49.54,0.05,-49.54,476.6,232,momentum_5a6bc941,EURJPY,M1
803,0.0,0.0,0.0,0.0,0.0,0.0,0,rsi_reversal_a845f8f7,USDJPY,M5
804,0.0,0.0,0.0,0.0,0.0,0.0,0,rsi_reversal_4d796c6b,USDJPY,M5
805,0.0,0.0,0.0,0.0,0.0,0.0,0,rsi_reversal_c6dfb46a,EURJPY,M5
806,0.0,0.0,0.0,0.0,0.0,0.0,0,rsi_reversal_a845f8f7,EURJPY,M5
807,0.0,0.0,0.0,0.0,0.0,0.0,0,rsi_reversal_dc42794d,EURJPY,M5
808,0.0,0.0,0.0,0.0,0.0,0.0,0,rsi_reversal_e47d038f,EURJPY,M5
809,0.0,0.0,0.5,0.0,-0.5,1080.0,1,rsi_reversal_03ce1c28,GBPJPY,M1
810,0.0,0.0,0.0,0.0,0.0,0.0,0,atr_break_0adcc5af,GBPJPY,M5
811,0.0,0.0,0.0,0.0,0.0,0.0,0,rsi_reversal_ede9ff40,EURJPY,M5
812,0.0,0.0,0.05,0.0,-0.05,60.0,1,bb_break_93eb63af,GBPJPY,M1
813,0.0,0.0,0.0,0.0,0.0,0.0,0,atr_break_792eae57,GBPJPY,M5
814,0.0,0.0,0.0,0.0,0.0,0.0,0,atr_break_dd927fc3,GBPJPY,M5
815,0.0,0.0,0.0,0.0,0.0,0.0,0,atr_break_fddc5ccf,GBPJPY,M5
816,0.0,0.0,0.0,0.0,0.0,0.0,0,rsi_reversal_a845f8f7,GBPJPY,M1
817,0.0,0.0,0.0,0.0,0.0,0.0,0,rsi_reversal_c6dfb46a,GBPJPY,M1
818,0.0,0.0,0.5,0.0,-0.5,1080.0,1,rsi_reversal_dc42794d,GBPJPY,M1
819,0.0,0.0,0.0,0.0,0.0,0.0,0,atr_break_0ae7fef9,GBPJPY,M5
820,0.0,0.0,0.0,0.0,0.0,0.0,0,atr_break_386a6412,GBPJPY,M5
821,0.0,0.0,0.47,0.0,-0.47,1020.0,1,rsi_reversal_ede9ff40,GBPJPY,M1
822,0.0,0.0,0.3,0.0,-0.3,600.0,1,rsi_reversal_e47d038f,GBPJPY,M1
823,0.0,0.0,1.01,0.0,-1.01,480.0,2,rsi_reversal_03ce1c28,USDJPY,M1
824,0.0,0.0,0.0,0.0,0.0,0.0,0,atr_break_0adcc5af,GBPJPY,M1
825,0.0,0.0,0.0,0.0,0.0,0.0,0,atr_break_0ae7fef9,USDJPY,M5
826,0.0,0.0,0.47,0.0,-0.47,1200.0,1,atr_break_386a6412,USDJPY,M5
827,0.0,0.0,0.0,0.0,0.0,0.0,0,atr_break_792eae57,USDJPY,M5
828,0.0,0.4,53.6,0.05,-53.6,353.3,250,momentum_5a6bc941,GBPJPY,M1
829,0.0,0.0,0.0,0.0,0.0,0.0,0,atr_break_792eae57,USDJPY,M1
830,0.0,0.0,0.0,0.0,0.0,0.0,0,atr_break_dd927fc3,USDJPY,M1
831,0.0,0.0,0.0,0.0,0.0,0.0,0,atr_break_fddc5ccf,USDJPY,M1
832,0.0,0.0,34.22,0.03,-34.22,562.2,154,donchian_break_c367b371,USDJPY,M1
833,0.0,0.0,0.0,0.0,0.0,0.0,0,rsi_reversal_4d796c6b,EURJPY,M5
834,0.0,0.0,0.0,0.0,0.0,0.0,0,rsi_reversal_9ceb6cfe,EURJPY,M5
835,0.0,0.0,0.0,0.0,0.0,0.0,0,atr_break_0adcc5af,EURJPY,M5
836,0.0,0.0,0.0,0.0,0.0,0.0,0,atr_break_0ae7fef9,EURJPY,M5
837,0.0,0.0,0.0,0.0,0.0,0.0,0,rsi_reversal_a73f69c6,USDJPY,M5
838,0.0,0.0,2.22,0.0,-2.23,1466.7,9,rsi_reversal_2673622a,USDJPY,M5
839,0.0,0.0,0.21,0.0,-0.21,1650.0,2,bb_break_93eb63af,EURJPY,M5
840,0.0,0.0,0.0,0.0,0.0,0.0,0,rsi_reversal_ede9ff40,EURJPY,M1
841,0.0,0.0,0.0,0.0,0.0,0.0,0,rsi_reversal_c6dfb46a,EURJPY,M1
842,0.0,0.0,0.0,0.0,0.0,0.0,0,rsi_reversal_e47d038f,EURJPY,M1
843,0.0,0.0,0.0,0.0,0.0,0.0,0,atr_break_fddc5ccf,USDJPY,M5
844,0.0,0.0,0.0,0.0,0.0,0.0,0,atr_break_dd927fc3,USDJPY,M5
845,0.0,0.0,0.0,0.0,0.0,0.0,0,atr_break_0adcc5af,USDJPY,M5
846,0.0,0.0,0.0,0.0,0.0,0.0,0,atr_break_386a6412,GBPJPY,M1
847,0.0,0.0,0.0,0.0,0.0,0.0,0,atr_break_dd927fc3,GBPJPY,M1
848,0.0,0.0,0.0,0.0,0.0,0.0,0,atr_break_792eae57,GBPJPY,M1
849,0.0,0.0,0.0,0.0,0.0,0.0,0,atr_break_0ae7fef9,GBPJPY,M1
850,0.0,0.0,0.0,0.0,0.0,0.0,0,rsi_reversal_4d796c6b,EURJPY,M1
851,0.0,0.0,0.0,0.0,0.0,0.0,0,rsi_reversal_a845f8f7,EURJPY,M1
852,0.0,0.0,2.01,0.0,-2.01,780.0,10,bb_bounce_10cf0c5d,EURJPY,M1
853,0.0,0.0,0.0,0.0,0.0,0.0,0,rsi_reversal_c6dfb46a,GBPJPY,M5
854,0.0,0.0,0.0,0.0,0.0,0.0,0,rsi_reversal_a845f8f7,GBPJPY,M5
855,0.0,0.0,0.0,0.0,0.0,0.0,0,rsi_reversal_ede9ff40,GBPJPY,M5
856,0.0,0.0,0.0,0.0,0.0,0.0,0,rsi_reversal_dc42794d,GBPJPY,M5
857,0.0,0.0,1.0,0.0,-1.0,1002.9,7,bb_bounce_10cf0c5d,USDJPY,M1
858,0.0,0.0,12.9,0.01,-12.9,140.7,55,ema_cross_b02e045d,EURJPY,M1
859,0.0,0.0,4.58,0.0,-4.58,264.5,22,rsi_reversal_2673622a,EURJPY,M1
860,0.0,0.0,0.0,0.0,0.0,0.0,0,rsi_reversal_e47d038f,GBPJPY,M5
861,0.0,0.0,0.0,0.0,0.0,0.0,0,rsi_reversal_a73f69c6,EURJPY,M1
862,0.0,0.0,14.93,0.01,-14.93,512.3,65,ema_cross_b02e045d,USDJPY,M5
863,0.0,0.0,0.0,0.0,0.0,0.0,0,rsi_reversal_ea79811e,GBPJPY,M5
864,0.0,0.0,0.0,0.0,0.0,0.0,0,rsi_reversal_f39ae529,GBPJPY,M5
865,0.0,0.0,0.0,0.0,0.0,0.0,0,atr_break_fddc5ccf,GBPJPY,M1
866,0.0,0.0,0.0,0.0,0.0,0.0,0,rsi_reversal_4d796c6b,GBPJPY,M5
867,0.0,0.0,34.79,0.03,-34.79,373.4,152,momentum_3c40121e,USDJPY,M1
868,0.0,0.0,0.12,0.0,-0.12,360.0,1,bb_break_93eb63af,EURJPY,M1
869,0.0,0.0,1.01,0.0,-1.01,480.0,2,rsi_reversal_ea79811e,USDJPY,M1
870,0.0,0.0,0.0,0.0,0.0,0.0,0,rsi_reversal_a73f69c6,USDJPY,M1
871,0.0,0.0,5.57,0.01,-5.57,313.6,22,rsi_reversal_2673622a,USDJPY,M1
872,0.0,0.0,11.91,0.01,-11.91,261.8,55,ema_cross_b02e045d,USDJPY,M1
873,0.0,0.0,0.0,0.0,0.0,0.0,0,rsi_reversal_ede9ff40,USDJPY,M5
874,0.0,0.0,0.0,0.0,0.0,0.0,0,rsi_reversal_a73f69c6,GBPJPY,M1
875,0.0,0.0,0.0,0.0,0.0,0.0,0,rsi_reversal_e47d038f,USDJPY,M5
876,0.0,0.0,1.01,0.0,-1.01,480.0,2,rsi_reversal_f39ae529,USDJPY,M1
877,0.0,0.0,0.5,0.0,-0.5,1080.0,1,rsi_reversal_f39ae529,GBPJPY,M1
878,0.0,0.0,0.0,0.0,0.0,0.0,0,rsi_reversal_a73f69c6,EURJPY,M5
879,0.0,0.0,0.0,0.0,0.0,0.0,0,rsi_reversal_f39ae529,EURJPY,M5
880,0.0,0.0,0.0,0.0,0.0,0.0,0,rsi_reversal_ea79811e,EURJPY,M5
881,0.0,0.0,12.87,0.01,-12.87,123.1,58,ema_cross_b02e045d,GBPJPY,M1
882,0.0,0.0,1.25,0.0,-1.25,780.0,5,rsi_reversal_2673622a,EURJPY,M5
883,0.0,0.0,0.5,0.0,-0.5,1080.0,1,rsi_reversal_ea79811e,GBPJPY,M1
884,0.0,0.0,0.48,0.0,-0.48,4800.0,1,rsi_reversal_dc42794d,USDJPY,M5
885,0.0,0.0,0.0,0.0,0.0,0.0,0,rsi_reversal_a73f69c6,GBPJPY,M5
886,0.0,0.0,4.05,0.0,-4.05,586.4,22,rsi_reversal_2673622a,GBPJPY,M5
887,0.0,0.0,0.0,0.0,0.0,0.0,0,rsi_reversal_03ce1c28,EURJPY,M5
888,0.0,0.0,0.0,0.0,0.0,0.0,0,bb_break_93eb63af,USDJPY,M1
889,0.0,0.0,0.52,0.0,-0.52,600.0,1,rsi_reversal_c6dfb46a,USDJPY,M1
890,0.0,0.0,1.62,0.0,-1.62,940.0,3,rsi_reversal_dc42794d,USDJPY,M1
891,0.0,0.0,1.0,0.0,-1.0,300.0,3,rsi_reversal_e47d038f,USDJPY,M1
892,0.0,0.0,0.52,0.0,-0.52,600.0,1,rsi_reversal_ede9ff40,USDJPY,M1
893,0.0,0.0,0.0,0.0,0.0,0.0,0,atr_break_fddc5ccf,EURJPY,M1
894,0.0,0.0,1.85,0.0,-1.85,720.0,4,rsi_reversal_f838aad6,USDJPY,M1
895,0.0,0.0,0.0,0.0,0.0,0.0,0,atr_break_dd927fc3,EURJPY,M1
896,0.0,0.0,0.0,0.0,0.0,0.0,0,bb_break_93eb63af,USDJPY,M5
897,0.0,0.0,0.0,0.0,0.0,0.0,0,atr_break_792eae57,EURJPY,M1
898,0.0,0.0,0.0,0.0,0.0,0.0,0,atr_break_386a6412,EURJPY,M1
899,0.0,0.0,0.0,0.0,0.0,0.0,0,atr_break_0ae7fef9,EURJPY,M1
900,0.0,0.0,0.0,0.0,0.0,0.0,0,atr_break_0adcc5af,EURJPY,M1
